/*
Navicat MySQL Data Transfer

Source Server         : localhost
Source Server Version : 50722
Source Host           : localhost:3306
Source Database       : jeesite

Target Server Type    : MYSQL
Target Server Version : 50722
File Encoding         : 65001

Date: 2019-11-07 10:36:54
*/

SET FOREIGN_KEY_CHECKS=0;

-- ----------------------------
-- Table structure for `act_de_databasechangelog`
-- ----------------------------
DROP TABLE IF EXISTS `act_de_databasechangelog`;
CREATE TABLE `act_de_databasechangelog` (
  `ID` varchar(255) COLLATE utf8_bin NOT NULL,
  `AUTHOR` varchar(255) COLLATE utf8_bin NOT NULL,
  `FILENAME` varchar(255) COLLATE utf8_bin NOT NULL,
  `DATEEXECUTED` datetime NOT NULL,
  `ORDEREXECUTED` int(11) NOT NULL,
  `EXECTYPE` varchar(10) COLLATE utf8_bin NOT NULL,
  `MD5SUM` varchar(35) COLLATE utf8_bin DEFAULT NULL,
  `DESCRIPTION` varchar(255) COLLATE utf8_bin DEFAULT NULL,
  `COMMENTS` varchar(255) COLLATE utf8_bin DEFAULT NULL,
  `TAG` varchar(255) COLLATE utf8_bin DEFAULT NULL,
  `LIQUIBASE` varchar(20) COLLATE utf8_bin DEFAULT NULL,
  `CONTEXTS` varchar(255) COLLATE utf8_bin DEFAULT NULL,
  `LABELS` varchar(255) COLLATE utf8_bin DEFAULT NULL,
  `DEPLOYMENT_ID` varchar(10) COLLATE utf8_bin DEFAULT NULL
) ENGINE=InnoDB DEFAULT CHARSET=utf8 COLLATE=utf8_bin;

-- ----------------------------
-- Records of act_de_databasechangelog
-- ----------------------------
INSERT INTO `act_de_databasechangelog` VALUES ('1', 'flowable', 'META-INF/liquibase/flowable-modeler-app-db-changelog.xml', '2019-01-22 14:17:39', '1', 'EXECUTED', '8:e70d1d9d3899a734296b2514ccc71501', 'createTable tableName=ACT_DE_MODEL; createIndex indexName=idx_proc_mod_created, tableName=ACT_DE_MODEL; createTable tableName=ACT_DE_MODEL_HISTORY; createIndex indexName=idx_proc_mod_history_proc, tableName=ACT_DE_MODEL_HISTORY; createTable tableN...', '', null, '3.6.2', null, null, '8137858927');
INSERT INTO `act_de_databasechangelog` VALUES ('3', 'flowable', 'META-INF/liquibase/flowable-modeler-app-db-changelog.xml', '2019-01-22 14:17:39', '2', 'EXECUTED', '8:3a9143bef2e45f2316231cc1369138b6', 'addColumn tableName=ACT_DE_MODEL; addColumn tableName=ACT_DE_MODEL_HISTORY', '', null, '3.6.2', null, null, '8137858927');

-- ----------------------------
-- Table structure for `act_de_databasechangeloglock`
-- ----------------------------
DROP TABLE IF EXISTS `act_de_databasechangeloglock`;
CREATE TABLE `act_de_databasechangeloglock` (
  `ID` int(11) NOT NULL,
  `LOCKED` bit(1) NOT NULL,
  `LOCKGRANTED` datetime DEFAULT NULL,
  `LOCKEDBY` varchar(255) COLLATE utf8_bin DEFAULT NULL,
  PRIMARY KEY (`ID`) USING BTREE
) ENGINE=InnoDB DEFAULT CHARSET=utf8 COLLATE=utf8_bin;

-- ----------------------------
-- Records of act_de_databasechangeloglock
-- ----------------------------
INSERT INTO `act_de_databasechangeloglock` VALUES ('1', '', null, null);

-- ----------------------------
-- Table structure for `act_de_model`
-- ----------------------------
DROP TABLE IF EXISTS `act_de_model`;
CREATE TABLE `act_de_model` (
  `id` varchar(255) COLLATE utf8_bin NOT NULL,
  `name` varchar(400) COLLATE utf8_bin NOT NULL,
  `model_key` varchar(400) COLLATE utf8_bin NOT NULL,
  `description` varchar(4000) COLLATE utf8_bin DEFAULT NULL,
  `model_comment` varchar(4000) COLLATE utf8_bin DEFAULT NULL,
  `created` datetime(6) DEFAULT NULL,
  `created_by` varchar(255) COLLATE utf8_bin DEFAULT NULL,
  `last_updated` datetime(6) DEFAULT NULL,
  `last_updated_by` varchar(255) COLLATE utf8_bin DEFAULT NULL,
  `version` int(11) DEFAULT NULL,
  `model_editor_json` longtext COLLATE utf8_bin,
  `thumbnail` longblob,
  `model_type` int(11) DEFAULT NULL,
  `tenant_id` varchar(255) COLLATE utf8_bin DEFAULT NULL,
  PRIMARY KEY (`id`) USING BTREE,
  KEY `idx_proc_mod_created` (`created_by`) USING BTREE
) ENGINE=InnoDB DEFAULT CHARSET=utf8 COLLATE=utf8_bin;

-- ----------------------------
-- Records of act_de_model
-- ----------------------------
INSERT INTO `act_de_model` VALUES ('d3651038-40a8-11e9-a0f0-f8a2d6b1cfa0', 'flowable', 'flowable', '', null, '2019-03-07 15:15:45.576000', 'admin', '2019-03-07 15:16:15.716000', 'admin', '1', 0x7B226D6F64656C4964223A2264333635313033382D343061382D313165392D613066302D663861326436623163666130222C22626F756E6473223A7B226C6F7765725269676874223A7B2278223A313230302C2279223A313035307D2C2275707065724C656674223A7B2278223A302C2279223A307D7D2C2270726F70657274696573223A7B2270726F636573735F6964223A22666C6F7761626C65222C226E616D65223A22666C6F7761626C65222C22646F63756D656E746174696F6E223A22222C2270726F636573735F617574686F72223A22222C2270726F636573735F76657273696F6E223A22222C2270726F636573735F6E616D657370616365223A22687474703A2F2F7777772E666C6F7761626C652E6F72672F70726F63657373646566222C2270726F636573735F686973746F72796C6576656C223A22222C22697365786563757461626C65223A747275652C226461746170726F70657274696573223A22222C22657865637574696F6E6C697374656E657273223A22222C226576656E746C697374656E657273223A22222C227369676E616C646566696E6974696F6E73223A22222C226D657373616765646566696E6974696F6E73223A22222C2270726F636573735F706F74656E7469616C7374617274657275736572223A22222C2270726F636573735F706F74656E7469616C7374617274657267726F7570223A22222C2269736561676572657865637574696F6E6665746368223A2266616C7365227D2C226368696C64536861706573223A5B7B227265736F757263654964223A2273746172744576656E7431222C2270726F70657274696573223A7B226F766572726964656964223A22222C226E616D65223A22222C22646F63756D656E746174696F6E223A22222C22657865637574696F6E6C697374656E657273223A22222C22696E69746961746F72223A22222C22666F726D6B6579646566696E6974696F6E223A22222C22666F726D7265666572656E6365223A22222C22666F726D70726F70657274696573223A22227D2C227374656E63696C223A7B226964223A2253746172744E6F6E654576656E74227D2C226368696C64536861706573223A5B5D2C226F7574676F696E67223A5B7B227265736F757263654964223A227369642D31444344384639312D333737332D343831332D384639382D384443464242353038443631227D5D2C22626F756E6473223A7B226C6F7765725269676874223A7B2278223A3133302C2279223A3139337D2C2275707065724C656674223A7B2278223A3130302C2279223A3136337D7D2C22646F636B657273223A5B5D7D2C7B227265736F757263654964223A227369642D42443532353646322D383631462D343735392D424143432D303230364333444437363943222C2270726F70657274696573223A7B226F766572726964656964223A22222C226E616D65223A22222C22646F63756D656E746174696F6E223A22222C226173796E6368726F6E6F7573646566696E6974696F6E223A2266616C7365222C226578636C7573697665646566696E6974696F6E223A2266616C7365222C22657865637574696F6E6C697374656E657273223A22222C226D756C7469696E7374616E63655F74797065223A224E6F6E65222C226D756C7469696E7374616E63655F63617264696E616C697479223A22222C226D756C7469696E7374616E63655F636F6C6C656374696F6E223A22222C226D756C7469696E7374616E63655F7661726961626C65223A22222C226D756C7469696E7374616E63655F636F6E646974696F6E223A22222C226973666F72636F6D70656E736174696F6E223A2266616C7365222C22757365727461736B61737369676E6D656E74223A22222C22666F726D6B6579646566696E6974696F6E223A22222C22666F726D7265666572656E6365223A22222C2264756564617465646566696E6974696F6E223A22222C227072696F72697479646566696E6974696F6E223A22222C22666F726D70726F70657274696573223A22222C227461736B6C697374656E657273223A22222C22736B697065787072657373696F6E223A22227D2C227374656E63696C223A7B226964223A22557365725461736B227D2C226368696C64536861706573223A5B5D2C226F7574676F696E67223A5B7B227265736F757263654964223A227369642D46414532423034312D363338382D344133332D414334422D354136313533363146323644227D5D2C22626F756E6473223A7B226C6F7765725269676874223A7B2278223A3237352C2279223A3231387D2C2275707065724C656674223A7B2278223A3137352C2279223A3133387D7D2C22646F636B657273223A5B5D7D2C7B227265736F757263654964223A227369642D31444344384639312D333737332D343831332D384639382D384443464242353038443631222C2270726F70657274696573223A7B226F766572726964656964223A22222C226E616D65223A22222C22646F63756D656E746174696F6E223A22222C22636F6E646974696F6E73657175656E6365666C6F77223A22222C22657865637574696F6E6C697374656E657273223A22222C2264656661756C74666C6F77223A2266616C7365222C22736B697065787072657373696F6E223A22227D2C227374656E63696C223A7B226964223A2253657175656E6365466C6F77227D2C226368696C64536861706573223A5B5D2C226F7574676F696E67223A5B7B227265736F757263654964223A227369642D42443532353646322D383631462D343735392D424143432D303230364333444437363943227D5D2C22626F756E6473223A7B226C6F7765725269676874223A7B2278223A3137342E31353632352C2279223A3137387D2C2275707065724C656674223A7B2278223A3133302E3630393337352C2279223A3137387D7D2C22646F636B657273223A5B7B2278223A31352C2279223A31357D2C7B2278223A35302C2279223A34307D5D2C22746172676574223A7B227265736F757263654964223A227369642D42443532353646322D383631462D343735392D424143432D303230364333444437363943227D7D2C7B227265736F757263654964223A227369642D45374346444131302D393235412D344339332D413544302D414437433042383231333435222C2270726F70657274696573223A7B226F766572726964656964223A22222C226E616D65223A22222C22646F63756D656E746174696F6E223A22222C22657865637574696F6E6C697374656E657273223A22227D2C227374656E63696C223A7B226964223A22456E644E6F6E654576656E74227D2C226368696C64536861706573223A5B5D2C226F7574676F696E67223A5B5D2C22626F756E6473223A7B226C6F7765725269676874223A7B2278223A3334382C2279223A3139327D2C2275707065724C656674223A7B2278223A3332302C2279223A3136347D7D2C22646F636B657273223A5B5D7D2C7B227265736F757263654964223A227369642D46414532423034312D363338382D344133332D414334422D354136313533363146323644222C2270726F70657274696573223A7B226F766572726964656964223A22222C226E616D65223A22222C22646F63756D656E746174696F6E223A22222C22636F6E646974696F6E73657175656E6365666C6F77223A22222C22657865637574696F6E6C697374656E657273223A22222C2264656661756C74666C6F77223A2266616C7365222C22736B697065787072657373696F6E223A22227D2C227374656E63696C223A7B226964223A2253657175656E6365466C6F77227D2C226368696C64536861706573223A5B5D2C226F7574676F696E67223A5B7B227265736F757263654964223A227369642D45374346444131302D393235412D344339332D413544302D414437433042383231333435227D5D2C22626F756E6473223A7B226C6F7765725269676874223A7B2278223A3331392E3337352C2279223A3137387D2C2275707065724C656674223A7B2278223A3237352E3339303632352C2279223A3137387D7D2C22646F636B657273223A5B7B2278223A35302C2279223A34307D2C7B2278223A31342C2279223A31347D5D2C22746172676574223A7B227265736F757263654964223A227369642D45374346444131302D393235412D344339332D413544302D414437433042383231333435227D7D5D2C227374656E63696C223A7B226964223A2242504D4E4469616772616D227D2C227374656E63696C736574223A7B226E616D657370616365223A22687474703A2F2F62336D6E2E6F72672F7374656E63696C7365742F62706D6E322E3023222C2275726C223A222E2E2F656469746F722F7374656E63696C736574732F62706D6E322E302F62706D6E322E302E6A736F6E227D7D, 0x89504E470D0A1A0A0000000D49484452000000E50000005408060000007D5FF0C6000006CA4944415478DAED9D4D4C545714805DB8E8C2858B2EBAE8A28B2E5C76D145972C9AA68B266D1A511C070614901F63084A0204A21270529B86544949680C4931A10D895D35558111476D4C2C698ADA494A8A8174A440298AE03030787B0E996744479437EFCD0FF37DC9C9380F182FF3EE37E7BE73EFBB6CDB060000000000000000B05531C66C1F1B1BEBBB79F3E6EAE0E0A0E9EFEF276CC6C0C080090683FF4A78E959601B15F2DAB56B667A7ADA44A35122C99899993157AF5E7D2882EEA677812D344322A4E36246257386E85D600B1DB22292F32152AED0BBC0167A2D8444AE4869E85DE09A940B0F26CDD8AD6E7377A065ED519F231E52429AA47C341736772E359BDF7FAA7B1AFA5C8F231F52421AA40C5DF9629D9056E871E4434A48839477FA4F2494528F231F520252222520A516771249A9C7910F29210D528EDEE84828A51E473EA484344D89DCFBF5BB7542EA73C4434A4897944B4B66F497CEF559529EEB71E4434A48B1943A17F9E78DB30987AF7A9CB94AA484544A2999F0F6C5C684425AA15F27632225A440CA57C998504E44444A704FCACD086905222225A4B0FA4A20252025520252124809488994608FE2E2E2374A84AAAAAACB070E1C08171616460A0A0A8CD7EB5D92AFDDF7F97C97E579717E7EFE0EA424B68A94D29FDF957EBD7BDFBE7D35F278421F25BC1E8FE7BD74CAB8B3AEAEAEE7E0C1830BADADADD1402060262626CCFCFCBC511617174D381C36D7AF5F8FB5B5B5CD88ACF3D2E0AFA5E16F2225918D52EEDFBFFF6DE9BF7E9130A489E76521FD7C7AEFDEBDDFCABFDF4F59E39A9A9A3E5719CF9F3FBFB6F5E2EB30373767CE9D3B372B19746ACF9E3D1F222552664B1FC8CBCBDB1ECF88114B3C19151ABFDF6F7A7B7B4D5F5FDF5AB4B7B79B8A8A8A7582CACFF54A567DCBD506D6D6D6B61F3D7A34A659D10EFA73E5E5E5F7E593A41E2991320B86A93B44AE9F2DC95A5A5ACCC8C88889C5621BF6F1CECE4E2399D5127341E233571AD8D0D0F04D737373CC1AA2DA4587B622F75FD9202652E6AE9471216FAB58959595ABC3C3C39BEAE79393936BD9F399CC79C2D1069E3C79325F3364B2423E2BA60C81C7337D288B94B929A50E59AD0C79F8F0E15515CC2E172E5C789A35B5E8E95851A7ACACECB1DD21EBCB181F1F5F94C64E6672F107297353CAF835A45E23AE2423A485FEE90B8FC7F3445E734546881F24DDC0E3C78FFFA8451D3790B177481AD98E944899495556ABA8B3D921EB466851289E2D439A89939A87942CB93C3B3BEB8A945A95954F90FF341B232552664896D4690F23976CAB4EF6752D0E1D3972241617B3C276036B6A6AAA4F9F3E6DDCA4A1A1E1AEBC11A5E93A09F2065D91C843CADC9172A3736ECD436A95D569868686D6B2A58C0E7FB3DDF863C78E0DEB0BB949201098D08BEA349E206B58F1C28942CA2D2B65C2732EC961971EF7F97C2B1B4D7BD825128998A2A2A268FCFF7EC756E32B2B2BE79C2EF03C4F381CD6943E9A0127E8851385945B5ECA75E75C3258813E3F75EA54CCADFEEEF7FB17E2F397F6FE78AE7C622C3B350DB2D1F4884EB066D0097A7AA2903267A4B462541FB528E316DDDDDDD6A2821ADB8D4F051BAD254C6720A57B5266EA39D7D065736EA1AF9DD462821CCD940C5F7374F86ACD4F6674A6CCB16B4A0A3D395EE8B1AE29DBDADA96DDEAEF72BD3A9FD435658E545F9912614A247BAAAFF179CA276E4A595F5F7F279DF3942C1E60F14056CD53EA8A9ED2D2D2282B7A0856F464C88A1EA5B1B1F107B7D6BE7674748CB0F6152959FBBAF96CB953B2E5A21B77894896BCCF5D22489981D972AD0A7BE8D0A1E58CBC4B4489DF4FB9E2F4FD94F2CB7F9CC9270729B99FB2BABA3AE6D4FD948ED74E643CFC65535353D4899D07E4B5FE60E701A4CC64E23B0F84ACFB2A336EE78167AAB15FD5D6D646ED0E6565C8BA545656F6377BF42065369CFF047BF43CB1B3478F6E47E96A43CBCBCB3F2A292979D8D3D3B3AAD5D3D7ADB2767575DDD39D06D8CD8ED88ABBD99D3973C6545555BDB09B9D168E52D2502DFE484AEF12391FB5B6B63ED2F99744FBBE0683C179F974B9575858382B8D3CEBFA767B4889942E56655F67DF57F99E7FE4B1DBB1828E9D794CDD0C48B8E8F3F9FEF67ABD8BDA30F90522454545131E8FE7925EDC66DB26CC488994AFA8CEEED22579CFEF90AE1B30273DDD01488994809404520252222520258194809448094849202520255202522225520252222500522225202552222520255202521248094889948094045202522225E43683838348E47C4444CA157A17D822180C4E4E4F4F239283110E87BF172943F42EB0452010F8746868E8C1D4D4D463844A3E43AA90030303E312BBE95D601BE9409FC827FB2D1D72E9B510613BF4FD0B212400000000000000000000000000000000006427FF03F9AC8E92CC462A7D0000000049454E44AE426082, '0', null);

-- ----------------------------
-- Table structure for `act_de_model_history`
-- ----------------------------
DROP TABLE IF EXISTS `act_de_model_history`;
CREATE TABLE `act_de_model_history` (
  `id` varchar(255) COLLATE utf8_bin NOT NULL,
  `name` varchar(400) COLLATE utf8_bin NOT NULL,
  `model_key` varchar(400) COLLATE utf8_bin NOT NULL,
  `description` varchar(4000) COLLATE utf8_bin DEFAULT NULL,
  `model_comment` varchar(4000) COLLATE utf8_bin DEFAULT NULL,
  `created` datetime(6) DEFAULT NULL,
  `created_by` varchar(255) COLLATE utf8_bin DEFAULT NULL,
  `last_updated` datetime(6) DEFAULT NULL,
  `last_updated_by` varchar(255) COLLATE utf8_bin DEFAULT NULL,
  `removal_date` datetime(6) DEFAULT NULL,
  `version` int(11) DEFAULT NULL,
  `model_editor_json` longtext COLLATE utf8_bin,
  `model_id` varchar(255) COLLATE utf8_bin NOT NULL,
  `model_type` int(11) DEFAULT NULL,
  `tenant_id` varchar(255) COLLATE utf8_bin DEFAULT NULL,
  PRIMARY KEY (`id`) USING BTREE,
  KEY `idx_proc_mod_history_proc` (`model_id`) USING BTREE
) ENGINE=InnoDB DEFAULT CHARSET=utf8 COLLATE=utf8_bin;

-- ----------------------------
-- Records of act_de_model_history
-- ----------------------------

-- ----------------------------
-- Table structure for `act_de_model_relation`
-- ----------------------------
DROP TABLE IF EXISTS `act_de_model_relation`;
CREATE TABLE `act_de_model_relation` (
  `id` varchar(255) COLLATE utf8_bin NOT NULL,
  `parent_model_id` varchar(255) COLLATE utf8_bin DEFAULT NULL,
  `model_id` varchar(255) COLLATE utf8_bin DEFAULT NULL,
  `relation_type` varchar(255) COLLATE utf8_bin DEFAULT NULL,
  PRIMARY KEY (`id`) USING BTREE,
  KEY `fk_relation_parent` (`parent_model_id`) USING BTREE,
  KEY `fk_relation_child` (`model_id`) USING BTREE,
  CONSTRAINT `fk_relation_child` FOREIGN KEY (`model_id`) REFERENCES `act_de_model` (`id`),
  CONSTRAINT `fk_relation_parent` FOREIGN KEY (`parent_model_id`) REFERENCES `act_de_model` (`id`)
) ENGINE=InnoDB DEFAULT CHARSET=utf8 COLLATE=utf8_bin;

-- ----------------------------
-- Records of act_de_model_relation
-- ----------------------------

-- ----------------------------
-- Table structure for `act_evt_log`
-- ----------------------------
DROP TABLE IF EXISTS `act_evt_log`;
CREATE TABLE `act_evt_log` (
  `LOG_NR_` bigint(20) NOT NULL AUTO_INCREMENT,
  `TYPE_` varchar(64) COLLATE utf8_bin DEFAULT NULL,
  `PROC_DEF_ID_` varchar(64) COLLATE utf8_bin DEFAULT NULL,
  `PROC_INST_ID_` varchar(64) COLLATE utf8_bin DEFAULT NULL,
  `EXECUTION_ID_` varchar(64) COLLATE utf8_bin DEFAULT NULL,
  `TASK_ID_` varchar(64) COLLATE utf8_bin DEFAULT NULL,
  `TIME_STAMP_` timestamp(3) NOT NULL DEFAULT CURRENT_TIMESTAMP(3) ON UPDATE CURRENT_TIMESTAMP(3),
  `USER_ID_` varchar(255) COLLATE utf8_bin DEFAULT NULL,
  `DATA_` longblob,
  `LOCK_OWNER_` varchar(255) COLLATE utf8_bin DEFAULT NULL,
  `LOCK_TIME_` timestamp(3) NULL DEFAULT NULL,
  `IS_PROCESSED_` tinyint(4) DEFAULT '0',
  PRIMARY KEY (`LOG_NR_`)
) ENGINE=InnoDB DEFAULT CHARSET=utf8 COLLATE=utf8_bin;

-- ----------------------------
-- Records of act_evt_log
-- ----------------------------

-- ----------------------------
-- Table structure for `act_ge_bytearray`
-- ----------------------------
DROP TABLE IF EXISTS `act_ge_bytearray`;
CREATE TABLE `act_ge_bytearray` (
  `ID_` varchar(64) COLLATE utf8_bin NOT NULL,
  `REV_` int(11) DEFAULT NULL,
  `NAME_` varchar(255) COLLATE utf8_bin DEFAULT NULL,
  `DEPLOYMENT_ID_` varchar(64) COLLATE utf8_bin DEFAULT NULL,
  `BYTES_` longblob,
  `GENERATED_` tinyint(4) DEFAULT NULL,
  PRIMARY KEY (`ID_`),
  KEY `ACT_FK_BYTEARR_DEPL` (`DEPLOYMENT_ID_`),
  CONSTRAINT `ACT_FK_BYTEARR_DEPL` FOREIGN KEY (`DEPLOYMENT_ID_`) REFERENCES `act_re_deployment` (`ID_`)
) ENGINE=InnoDB DEFAULT CHARSET=utf8 COLLATE=utf8_bin;

-- ----------------------------
-- Records of act_ge_bytearray
-- ----------------------------
INSERT INTO `act_ge_bytearray` VALUES ('cb608f0d526f4c5282ec617a559ec410', '1', 'test_audit.png', '809b52df107d48c98625937c3f17b1e9', 0x89504E470D0A1A0A0000000D49484452000003DC0000017C08060000003DD3B3DA000053E24944415478DAEDDD0B7C54F59DFFFF53A08AB7BF68A9CBB2FC6CEA6581D5AE5A31868B17349658A0E2AD4B5D8AAC525656A922D40B5A2FC0221A318518110C1711630AC4809186909A442E4908E112638C3166A5980245C4D218631CE3F77F3EDF39E730339949324998CC4C5ECFC7E3F3C85CCE5C32E7FB3E733E73CE9C310C000000000000000000000000000000000000000000000080EEA70F2F0100000000009D2BC12C65FD0500000000009D20DEAC2FCC4AB2FE8EE1250100000000A0739A6DBBC9962DDC9FD1740300000000D079CD766B970300000000805624B4D254DBD7F39D6E0000000000826CB65B6BA6D9D20D00000000401BC51BC16DB90E767A0000000000BA6DB33DA61DB7ABA3E90600000000A0F39AEDCEBA3D000000000051A7B503A485FA7E0000000000889A66BBB37607674B3700000000A0DBF33DE0D9F7CCBAD3FA1B0CDFDB7120350000000040B76FB6C77834CDCBCC52D6DFB636DD816E47D30D00000000E8F6CDB6B8D36A9A55104DB767B36DD7448FEBF94E3700000000A0DB08D404FB6B9E5B6ABAFD4D9FEA677ABED30D00000000E836CD7642104DB4BFA6BBADCDB66FD3CDEEE50000000080A8D3D6A6B7B5A63BD866DBF3F13F33D8D20D0000000088C266BBADCD6EA0A6BB473B9B6D1BDFE9060000000074DB66BBA5A6BBAA03CD76479F0F000000000061A3A35B94FD35DD1D69B67D9B6EBED30D000000005D2CCEACC7CDCA366BA7D5AC29AA4D95D4C1D75E7623F7DDB25D655DDE1149CC1B8AA2288AA2282ACAAACEAC6AB372CD7AC6706F68EA453B8770D4D71AA49F9A5564D61CB3C69975B1597D7879DAA4B5A392B7A6A52DDC6DF99DEE40D8C20D00008068247DCA20C3BD87A9F4325BCD3A68B83736F5E3E541B8986C35DA8BCDBA8097A343A4B9AD334ECC77B8DBD374F31D6E000000742703CC4AB6D68167F272A02BC9EE166F98956FB8B764A3F39AEE60B62807FAE92F7F47290FA6E9E628E5000000E8AE64CB77B9E1FE9AECE9BC1CE80AD26C67197CCFE14436DDAD35BBADFDCE766BBFD31DC81083DFE106000040F7D6C7EA77B2E979106AB21B793E03EF846A6D0B736BCDB6D1CEA6DBDEAD7D1CB30000000034DD7A4BF723BC14081539409A7C679BDDC84FBC405BBADBDA6C07DB74DB8F47B30D000000B8C9EEE5B2F72707524348C811FC9279194226C168BE7BF79D46F0BFB3EDAFE99EE8F3387C671B000000684EFA9F245E0684826CDDE668E4A16FBA3D0FA4E6D93CB7A5D9365AB91D3FFD050000000426472F979F0CE32BB538A1E20CF7EF6C23F47C772F976679A211FC4F7DF9DEAEA3BFFF0D00000074075B5967C689F69459737819C2A6E9EE287FBBAB03000000684EFAA06778197022C921F139A0567434DD9DDDBC03000000D14CD69B7379197022ED34383A7938E8E86EE0EC460E00000004478E565ECDCB8013499AB43EBC0C61D57407BB859A03A401000000C1933EA88E97012792E225082BC1EE16CE6EE400000000FD101860E8E4267A88E1FE448EEFE003000000F4436080A18D12AC663AA185EB3FA3D906000000E887C00043F0026DE9663772000000807E080C307472D34DB30D000000D00F8101864E6EBA9368B601000000FA2130C0D0B9A659F38A9FFE02000000E887C0004327CAB2E6552F5E0A000000807E080C30748E38B35C065BB801000000FA2130C0D0A932ADF924B5939703000000A01F02030C1D37C438BE75DB2E0E9A06000000D00F8101860ECAF269B6EDADDC7C971B000000A01F02030CEDE46FEBB65DE3787900000000FA2130C0D03ED9019A6DA9225E1E000000807E080C3004AFA5ADDB7C971B000000A01F02030CED94D54AB3CD11CB01000000FA2130C0C0BC0200000058C706030CCC2B00000080756C8001C6BC02000000C03A361860605E01000000AC63830106E615000000C03A36C000635E01000000601D1B0C3030AF00000000D6B1C10003F30A000000601D1B608031AF00000000B08E0D0618985700000000EBD86080817905000000B08E0D30C098570000000058C706030CCC2B00000080756C30C0C0BC0200000058C7061860CC2B00000000AC63830106E615000000C03A361860605E01000000AC63030C30E61500000000D6B1C10003F30A000000601D1B0C3030AF00000000D6B1010618F30A00000000EBD86080817905000000B08E0D0618985700000000EBD800038C7905000000B08E0D30C09857BC0400000000EBD86080817905000000B08E0D0618985700000000EBD800038C790500000080756C30C0C0BC0200000058C706030CCC2B00000080756C8001C6BC02000000C03A361860605E01000000AC63830106E615000000C03A36C000635E01000000601D1B0C3030AF00000000D6B1C10003F30A000000601D1B608031AF00000000B08E0D0618985700000000EBD86080817905000000B08E0D30C098570000000058C706032CA4FFB052BD535252664E9C38716F6C6C6C43EFDEBD95F53A509D503D7BF6FCEEFCF3CFFF6CF8F0E11BCDBF238918000000E887C000EB06962D5B76CFC89123EB636262D49C39B3557E7E9E6A68F8CAECC1BFA33AA9E4F52C2A2A548989CFA981030736F6EFDF7FAFF9D25F4CD4000000403F040658944A4D7D657DBF7EFD5452D20BCAE56A349BC3262A04959CBC48F5E9D3E7AB534F3DF526E206000000FA2130C0A2B0D9BEE0820B5451D176B309FC960A71959797A9BE7DFBFEC39C1563881C000000E887C0008B12CB962DBD47B66C17156D339B3F97572D5DFA921A3326418D1A75BDBAFEFA6BD40DF12355F2A2A466D3511DAFF2F2BDEA94534EF9C260F772000000D00F81011605FF9C52BD478EBCA63E29E979F3E4375EB562F95235FAE7A3D4ADB78CD53576CC8D2A3EFE5A3574E8156A916EBABFA13AB91213E77FDEAB57AF3C6207000000FA2130C0225C4ACAC29931313F522E57BDD9F0357A55C2A878DD68DF70C348A77EF6B3EBD4F061579A4D776CB3E9A9CEA9B3CF3EFB5373D6C4113D000000D00F810116C1264E9CB077CE9C27CD46EFEB663562789C7A61C17C95F556864A7931496FD9BE6AC4507DB99C76B9BEF47B3BAA63356DDABD3BCD599348F4000000403F040658048B8D1DD2909F9F63367A0DCDEAEEBB27AA837FFD546DDDF28ECAFED306B5EAD554B53E738DFAB8FA43F53F5327AB6FBFFDD2EFEDA88ED5BBEFE61E3067CD4EA207000000FA2130C02258EFDEBD5543C3E766A357DFAC1E9BF5902A2EDAA276146F55BB7795E892D33B766C578F3DF690DFDB501D2F991FE6AC71113D000000D00F810116E1FF9F525F362B97EBEF6AD6AC996ACA6F26A992924255FEDE1E5DBB76ED50D3EEFB6F35E3C1FBD4D75F7FEEF7B654C78B051B000000E887C0008B8A86BBCEAB1A1B3F57EBD6BDA662637FAAAA3FAA540F4EBFCFAB4A4B8BD590CB2F55AFAF4E550D0D9F35BB3DD5F162C106000000FA2130C0A2A2E1FE8753DF7D774CBDB5215D0D1B1AAB6AAAABD47B65BB55EEE68D2AF3CD3FAAB4D757AAD4575E329BF134BD7BF995575EAED2D357A86FBFFDC2EB3EA88E170B36000000D00F810116150DF731A7B66ED9A47F6B5B9AECBCBCCDEACD8C74DD68AF58BE44BDBC78914A7AE159F5CCBCA7F501D416BFB4505D7BCD08B5F1ED355EF74175BC58B0010000807E080CB0A868B8FFEED463B37EA78F442E8DF5B2D4C5BA96BC9CAC92172D50CF27CE53FF3BF749F5C4EF1F513367FC563DF9C4A366B39DA97E37F37EAFFBA03A5E2CD8000000403F0406585434DC5F38250DB7FC04D8EDB7DDACDE487B5537DAD27C3F3B7F8E9A3BE709F5DCB37375D32D4DF898D1096A73CEDB56C3FD05D589C5820D000000F44360804545C37DD4A9BD7BB7A9471F99A17E79FB38DD50CBAEE4FE2A2E6E88FAF584F17A6B7769E9BB5EF74175BC58B0010000807E080CB0A868B83FF72AD7377F535F7EF9A94A7CEE699530EA3A3562F8956AE8D02B54DC9543D450B3D1BEE6EAE1EA81FBEF51C78EFD454FEB7B7BAAE3C5820D000000F44360804545C37D840AB362C106000000FA2130C0A2A2E1FE8C0AB362C106000000FA2130C0A2A2E13E4C8559B16003000000FD10186051D170FF8D0AB362C106000000FA2130C0A2A2E13E448559B16003000000FD10186051D1701FA4C2AC58B0010000807E080CB0A868B80F5061566D18774F98D5403C010000403F0406585837DC7FA5C2AC5A1877D2687F6D5DCFC20F000000F44360808577C35DEBB7E4BA850B67ABC4C4C775EDDB57AC2F2B29D918F036C196DC5F6666AA733A27E7757DBABA7A5BC0DB9497BFA3F6ECC9F17A1EBECF4BCECF9A35ADD963CD9F3F4B9F3E74688FD77555555BF4F5478E94377BBCDADAD26697555616E8E96B6A0AF5F90D1B96AB33CE38BDDDFFBBBFEB5A69B469B8010000403F040658F837DC9FFAADE30DA1F76559592BBC2EBBF9E6043579F2AFCC86BC48979CBEF7DE3B9DF3729BB9731F72A6EFD9B3A74A4E9EE35CE76EE6DDA7CBCBFF6C36CE6FAB33CF3C434F5B5DBD553F9EDD606EDCF8AA1A3FFE176AC2845BF469B9ACB676A7FE2BD37A3ECF952B5F704EEFDFBF43FFADACCC5705056BF569794CCFE967CF9EA98E1E7D5FFFCF727ECA94FF741EC3BE2FCFE91F7FFCB75EE72FBFFC277AFAD1A3AFD7CFCFBEEEC61B47AAE9D37FA31FEFDC73FF45CD9831C56CF0DFD5B7A9A8C80BF8DA5BF3679EE1DE755C0528000000807E080CB0F06DB8F7FB2DBBA94C4C7C4C97DD146FD9B22EE06DA42EBCF0C72A36F6D216A7B1EF5F9ACFC387F7E8F3070E94EABF7979E9FABAFAFA2A7D5E1E5BCE9F724A6FDD7C8F1D1B6F36C37798CDED4A7DF9B1631F585BB8B3D4A143BB9DCB972C99AF9F4B46C612B560C1EFF565757595FA6F41C11AE77948132E973535EDD37FABAADC5BAFE5F9AC59B3586DD8B0CCEB79DBD36567AF52A5A51B556E6E9A7ECE725EFE17FBB1FDFDCFF23FC8EB77CE393F50C3865DAE9FABFD7CF7EF2FF67A6D0CFF5BB469B8010000403F040658E434DC7F695665659BD49E3DD9AAB1F163AFAAADDDA11B447FB7B1EB78C3EDFFFA82823FAA6BAF8D533939AFA9949439EAB4D34E359BE60A75F2C927A93BEEB8C96C62DF369BDA4F9CE9EDE652A6ADABFB40A5A7BFA8060E3C4F2D5CF894BE5CA67737D31F78DD46A697D32E578D2A2FDFAC2F4B4D7D4E3F5645C59FF575870EEDD297A7A52D5283075FA09B79FBF6F6FDCAEB20A7EDFB5EB52AC9DAFABF54DD7CF328E771ECE7939BFB7AC0FF5DB6DCCBF5329DBCC6F663C97D794ED786469BA2288AA22877D599B5C7AC6CB39E312BDEAC5EACC202F44360808549C3BDAF592D59324F5D74D1BFAA2D5BD6A8D5ABFFA0AEBB6E989A3DFB417D5E6E5358F8A6DFDB49B91BEE4B025E2F65E82DC9EE2DCBF3E63DA48E1CD963ED1E5EACAF97F39ED326253DA1060CF867B3A9AE50C9C94FEBCBA64E9D607D57FB5EBD9BBA3D7D6363B5F3265C5D5DA0B2B296A98D1B5778955CB76DDB3A3D7D76F6ABAAA6668BD7E31B7A2BF81FF56DFBF63D5B6F8D96CB8F1E2D536BD6A4E8867FFAF4BB557CFC087DD94F7E32488D1E7D9DBE6F792EF2E1815C6EDF974C27D7C5C40C50975C32D86CBA577B3D965CE7FBFA58F3E715B3BE35C2730B771FB3069935C6ACC7CDCA35EBA0594966F563D101049D236914B6922380F723807E080CB0A86AB83F695672F95D77FD529F4E4B5BA8B7427B5E9799B9C4EFEDA42EBC30C66AB89B5F575FFF81F55DE7E5FA7E648BB69C2E2BCB76EEF7ACB3CED4BB5CEFDF5FE83C9E34A90505E9BAD996A6559ADB55AB5EB0BE8BBDCDF92BD3A7A6CEB7B64C6FB41AEBB57EFF3FFB7F387A74AFF57DEACDFA7C6D6D91F3DCEC6957AF4ED2A70F1FDEE55C26CDF88D375EAB1F4F2E5BB8F049DD6837347CA8FF4FCFC7CAC858EC9C970F0D9A9A6A9C0F040CFDDDF59C66CFCF673EBD1AA0F10E3703ACA6415674EE61F101B43B47C9667D61D64C5E0E80F723807E080CB0886EB8FFAF59B91BEEDB9DD3D3A7DFE5755D66E6CB7E6F2775BCE1F67F7D71F19BFAF676232BBB725757BBB776BB5CD5CDEE5FCE2F5E2CBB93BFAF0E1C2856E9E98BCCA6FD625553E36E560F1D2AB1BEC3BDDE6C643F562929B3AD03A4E5EADB6FD8B05437F59326DDA6CB6EF6E5FA86864AA77995E90A0BD7A98B2EBA5037E9EE263CC76AE6B7367B7DC68EBD5EDD7A6B82D92C6FD2FFF39123BB5476F60AEB68EBAF7A4DEB6EB8BD5F87C4C447F5070B5959A97E5FFF00F3CB778B77B8922D0DB28561AD59A7B31801DA9DA372C3BD9B2C3902783F02E887C0008BCC86BBA65919FA27C19E50F5F5EF5B074A4B379BD03566435B6D36ACCBFCDEC6AEE30DB7FFEB6B6B0BD5F2E5CF5A3FD3F590D96CE7A9F3CEFB7F6AEEDC079DC77637DCC79F4B72F293BAA1DDB76F8B6EB8E5B2C6C60FADADC479D62EE0696613BDD96CDA3FB29AF917023E07CFC73876ACCC795E72FF863E605A91D948675BDF057FDAEFEDA5E1B6FF4F795CF97EF61D77FC42DF56AE5FB0609633AD5C7FF4E86E75D965FFA666CF9EAE2F97D7D4D0DFF95EE5F7FE5B996FF616EF7026DF9FCBB2567200B44F1F2B47D906DF4905783F02E887C0008BC486FB63BF75E448A9F5B35D8FE8F315159B9CADC10D0D15FAB2C3874BD44D37C5EB9A3265BCD93CBEAAB7DA9E7B6E7F7D5A2A2D2DC93A08D97A7D1B437F577ABBD52CBFA31B5A431F25FC23E7FACCCCC5CEF390F3C386FDD46CF4535546468A4A4D7D463F867D9DDC87A177F15EEA759BF2F23FA9C2C2B5BA09969A34E9565D723FEE2638C76C82DD074DEBD7EF87AAACCC7D90B4BCBCD5CEF35BBC78B6B5F57B89D76B63E803B03D6336FD95FAB9DD7BEF0475E850B19A376FA6FAFEF77BE9FBF29C566AD5AAE79DFF511E431E535E1FFB317DEF3F8A567264CB02BBF3011D6BBA654BF723BC1400EF4700FD10186011D770577B554ECE0ADDBCF6EF7F8ED974EF6C76BDDC66DAB489CEF98686F79B4D13A81A1B3FD0D3CBFDCBFD1C3EBCC36A385FF3BA7F77F37CFC7C4949863EED727D681DE13B4B9F6F6AAA72A6292878DDEB360B163CAAA7F7F73CE4FAE2E275FAF4BE7D05FAAF7C77BCA6264FDFCFE0C1E73BD3CA63B93F30C8F4BAFD810385FABA6DDBD2D5E8D1D7AA5B6F1DE5F7F1E4B9DB97575464ABABAFBE4237F2BEF7BF7AF502AFFB8FA23126BBF37D6A70E01AA0A339FA8C1C01BC1F01F4436080455CC3FD51445553D3879D324DA89E4B7BA68FC2712707AE496271027448323902783F02E887C0008BB886BB8A0AB38AC27127478B9523C5F21D54801C01E408A01F02BA53C3FD21156615A5E34EBE3B97C02205E890ADE408E0FD08A01F02032CA21AEE4A2ACC2A4AC7DDE3867B573E00ED37871C01BC1F01F44360804554C3FD01156615A5E36E8CE1FE6923001DCB512E2F03C0FB11403F040658C434DC15549855948E3B393AEC1E162940877354CDCB00F07E04D00F810116310DF7FB549855948E3BF92DE13A1629003902C811403F0474A386BB9C0AB38AE271C7021B2047003902C80BD09D1AEEF7A8302B1A6E00E4082047007901032C2A1AEE322ACC8A861B003902C811405EC0008B8A867B2F156645C30D801C01E408202F60804545C3BD870AB3A2E106408E007204901730C0A2A2E1DE4D8559D170032047003902C80B186011EEE4934FFAAEA1A1C86CF2765161525F7D55B8CF9C352EF204801C01E408202F608045B0C1837F7C283F7F89D9E895526152EBD73FFFB6396B76922700E4082047007901032C825D75D565EBE6CC994AA31B463576EC5569E6AC49244F00C811408E00F2020658041B30E007B103069CF38DCBB58366373CEA931E3D7A5498B3268E3C012047003902C80B186011AE7FFF1F9626253D48B31B063566CC554BCD59924B9E009023801C01E4050CB0E830E8CC334FAB2F2A5A41D3DB85959FBF74BD392F0E9A75317902408E007204901730C0A247FC39E79CFD779AEEAE6BB67BF4E85163CE8731E409003902C811405EC0008BC2A6FBA493BE7F6CDEBCFB3EE73BDDA1FBCEB6B51BF9C16ED06CB3C006C811408E00F20274EB0136A867CFEFE59C7EFAA987A74CB965F7A64D2F1E6C6828A431EEC4FAEAABEDFBE4A7BFE468E4D601D2E43BDB17932700E408204700790103AC7BB8D4AC39666D35ABC17A1DA8CE2997E1FE9D6DF9E9AF38F204801C01E408202F6080219C6559F3AA172F057902C811007204901730C0D039642BB1CB9A5709BC1CE409204700C811405EC00043E7C8348EEFAEBD9397833C01E408003902C80B1860E8B821C6F1ADDB768DE165214F003902408E00F20206183A26CB687E5032D9CACD77B9C913408E00902380BC80018676F2B775DBAE71BC3CE409204700C811405EC00043FB641B817F7AAB8897873C01E408003902C80B1860085E4B5BB7F92E377902C811007204901730C0D04E59AD34DB1CB19C3C01E408003902C80B1860605E318F009023801C01E4050C3030AFC03C02C811408E00F20230C09857601E01E408003902C80B1860605E318F009023801C01E4050C3030AFC03C02C811408E00F20230C09857601E01E408003902C80B1860605E318F009023801C01E4050C3030AFC03C02C811408E00F20230C09857601E01E408204700C80B1860605E318F009023801C01E4050C3030AFC03C02C811408E00F20230C09857601E01E408204700C80B1860605E318F009023801C01E4050C3030AFC03C02C811408E00F20230C09857601E01E408204700C80B1860605E318F007204801C01E4050C3030AFC03C02C811408E00F20230C09857601E01E408204700C80B4E882C6B40B5543B799958188079049023801C01E40508CE10B35CAD34DC63789958188079049023801C01E405085E760BCD769159BD788958188079049023801C01E40508DE90161AEE71BC3C2C0CC03C02C811408E00F202B49FBFEF72CB77B7D9BACDC200CC23801C01E408202F4007F8FB2E37DFDD666100E611408E0072049017A013641A6CDD666100E611408E0072049017A0D3C57934DC09BC1C2C0CC03C02C811408E00F202741EFBBBDC6CDD666100E611408E0072049017A0130D6180B13000F3082047003902C80B22678E29D53B252565E6C48913F7C6C6C636F4EEDD3BD0CF70512D54CF9E3DBF3BFFFCF33F1B3E7CF846F3EF4846160B03E611408E00902380BC7463CB962DBB67E4C891F53131316ACE9CD92A3F3F4F35347C65F6E0DF514196BC6E4545852A31F1393570E0C0C6FEFDFBEF355FE28B5918807904902300E408202FDD4C6AEA2BEBFBF5EBA792925E502E57A3D93436519D58C9C98B549F3E7DBE3AF5D4536F626100E611408E00902380BC74A366FB820B2E504545DBCDE6F05BEA0455797999EADBB7EF3F8CEEF9BBE12C0C9847003902408E00F2D2BD2C5BB6F41ED9B25D54B4CD6C0A5D5EB574E94B6ACC9804356AD4F5EAFAEBAF5137C48F54C98B929A4D47B5BDCACBF7AA534E39E50BA3FBED5ECEC2807904902300E408202FDD68EE28D57BE4C86BEA93929E374F7EE3552B962F55A37F3E4ADD7ACB585D63C7DCA8E2E3AF5543875EA116E9A6FB1BAA9D959838FFF35EBD7AE5B13000F308204700C811405EA2544ACAC29931313F522E57BDD908367A55C2A878DD68DF70C348A77EF6B3EBD4F061579A4D776CB3E9A9E0EAECB3CFFED49C05712C0CC03C02C8110072049097283471E284BD73E63C6936805F37AB11C3E3D40B0BE6ABACB73254CA8B497ACBF6552386EACBE5B4CBF5A5DFDB516DAB69D3EEDD69CE82441606601E01E408003902C84B148A8D1DD2909F9F6336800DCDEAEEBB27AA837FFD546DDDF28ECAFED306B5EAD554B53E738DFAB8FA43F53F5327AB6FBFFDD2EFEDA8B6D5BBEFE61E3067C14E1606601E01E408003902C84B14EADDBBB76A68F8DC6C00EB9BD563B31E52C5455BD48EE2AD6AF7AE125D727AC78EEDEAB1C71EF27B1BAAED25AFBB390B5CDD64A825580B830452C7021B204700C811405EBACD0C52EACB66E572FD5DCD9A35534DF9CD24555252A8CADFDBA36BD7AE1D6ADA7DFFAD663C789FFAFAEBCFFDDE966A7B759380C49B2547654FB2FE8E21762CB0017204801C01E4A59B34DC755ED5D8F8B95AB7EE35151BFB5355FD51A57A70FA7D5E555A5AAC865C7EA97A7D75AA6A68F8ACD9EDA9B657370848BC4F932D5BB83FA3E966810D902300E408202FDDA4E1FE8753DF7D774CBDB5215D0D1B1AAB6AAAABD47B65BB55EEE68D2AF3CD3FAAB4D757AAD4575E329BF134BD7BF995575EAED2D357A86FBFFDC2EB3EA8B6579407C4B7D96EED72B0C006C8110072049097686BB88F39B575CB26FD5BDBD264E7E56D566F66A4EB467BC5F225EAE5C58B54D20BCFAA67E63DAD0FA0B6F8A585EADA6B46A88D6FAFF1BA0FAAED15C5014968A5A9B6AFE73BDD2CB0017204801C01519A970166DD67D65AB3AACDAAB39E7083599F989569D64C6BBA286EB8FFEED463B37EA78F442E8DF5B2D4C5BA96BC9CAC92172D50CF27CE53FF3BF749F5C4EF1F513367FC563DF9C4A366B39DA97E37F37EAFFBA0DA5E51FA86D2D6669A2DDD2CB0017204801C015198977166E55A4DF62B66DD66D620B34EB7AE97BF31562390644D976FD684E86CB8BF704A1A6EF909B0DB6FBB59BD91F6AA6EB4A5F97E76FE1C3577CE13EAB967E7EAA65B9AF031A313D4E69CB7AD86FB0BAA1D15856F28F146705BAE839D1EACE000E408204700C2342FD244679B556E35D3BD82B8AD3404F29BC95BCDBA20BA1AEEA34EEDDDBB4D3DFAC80CF5CBDBC7E9865A7625F757717143D4AF278CD75BBB4B4BDFF5BA0FAAED15656F28EDDD622DB7ABA3E966810D902300E40888DCBC8C37EBA0E1DE45BC5707EEE73EEB7EA2656BB7D9F87DEE55AE6FFEA6BEFCF25395F8DCD32A61D4756AC4F02BD5D0A157A8B82B87A8A166A37DCDD5C3D503F7DFA38E1DFB8B9ED6F7F654DB2B8ADE503ABA7B38BB97B3C006C81100720444685E64255EBE931DD749F777A9757F93A3A3E13E42755145C91B4A6B07480BF5FD80151C801C01E408202F2132DE6A8E633AF97E63ACFB8DF42DDD66E3F719D54515056F289D7DB471B674B38203902300E4088890BC48532CBB7FC79DA0FBBFD4BAFF4191DD701FA6BAA822FC0DC5F78067DF33EB4EEB6F307C6FC781D458C101C811408E0044405EE448E4334FF063C877BAB74676C3FD37AA8B2A82DF507CB7444BB3BCCCFA7F9605D17407BA1D4D372B38003902C8118030CE8BFCF4971C8DBC77081E6B8F11B9BB969B8DDF21AA8B2A42DF50FCEDF67DA7F5BFA8209A6ECF66DBAE891ED7F39D6E5670007204902300619A97DC10AEA84B0312A95BB9CDC6EF20D54515816F28819A607FCD734B4DB7BFE953FD4CCF77BA59C101C811408E0084595E0618EE039AF50AE163561B9D7F60B68E7EE030A26D0DF701AA8BAA8B02D2D6B111A8D94E08A289F6D774B7B5D9F66DBAD9BD9C151C801C01E4084018E445BE57BD38C48F99689CF8EF8B07FBC22BABB98A6BB9E1FE6B874AEE23337399733A27274D9FAEAEDE1EF036E5E5EFA83D7B36AB92928D5EF7E379DEAE7DFB76A8934F3EA94DCF63FCF89B9A5DB666CD12BFD36767AF56679E7946BBFFE79494799DF2DA85F1D8684FD3DB5AD31D6CB3EDF9F89F196CE96605072047003902D0E579596BD66D217E4C6904B2C2B0E1B62BDBF0BF55D36CFC6A83AE9E3D7BAAE4E43966335CACEF3F31F171E7B434D3D238BB9BD95AB3F1DEA6B2B2563ACF65E3C655BA319E30E1167D5A2EABAD2DD57F655A7F8F27D79D724AEF80CFE7D0A13D7A9A0103FE59DF67FFFEFFA4D2D25E349BE2FF55175DF4AFCEE31C3B56D9EC7E2B2AF2544D4DA19EE6D65B7FAE264FFE95337D7171969EAEB07083BE6CD2A45FEABFF23871713FD5A7A5366C58AECE3BEFDCA05FC72E6EB85B1B1BBECD765B9BDD404D778F7636DB36BED3CD0A0E408E007204200CF222BB775F10E2C78C31EBD3306EB83DB76A8EF06EB83F6D77C9ED67CC98A20E1FDEABCF1F38B04BFFCDCBFBA3BEAEBEFE237D5E1A72BB69CECA5AA1C68EBD414D99F29F66B3FAAAD3081B7A0BF7DB7AFAF2F23FEBE6574AA691E6B95FBF1FEAC7B26F3371E26D7A5A97EB13DDF0CA6969B40B0BD7AB6BAF1DAAE6CD7BD8798ED278DBCFF9C891F7D4B06143F4FDD8CFCB7EDE86DE5A9FEA9CCEC858EA9C5EB366B1731FB2C55D6E6B9FFFFEF77BA9C71FFF6DBB5EBF301E1BED69B65B6ABAAB3AD06C77F4F980151C801C01E408202F9DA4CEACD343FC98F2780D11D0707B6ED58C7337DCFB83AE828235BAA9CDC9596D36B373D569A79D6A36CD1FE846F48E3BC6A9D2D28DAAA9699F33BDFDB8326D5D5DA54A4F4F5103079EAF162E7C5A5F2ED3CB5FB9CEDFE35D78E18F556CECA5019F8F3CEEE8D1D7A949936E371BE9956AF1E2797A0BB434E8F66572FF6969C9CE6DE4F9C9659595F9AAAC2CC76CDCFF4F9FCFCE5EE53C67799E72BAA1A15A9597E79ACD7A992EB96EE5CA17F4E99A9A6DBAD16FCFEB18660DB7EFD8E8E816657F4D77479A6DDFA69BEF74B382039023801C01E4A51B8554456229F5977695DCB6AA2A5FFF9D37EF21B3F9DC6BED1EBE435F2FE73DA74D4A7A42EF8A5D57F7814A4E9EAD2F9B3AF5D7FAEFAC59F7E9DDD4033DD6F186BBF975F6E3EEDF5FA4FF8E1D1BEF34D95959CBF58701FBF615AA8A8A3F7BDDEE8927EED75BDC6FBF7DB4DAB265ADAAAE7E57DFFED0A15DCE73CEC858E2F53FA4A52D528D8D1F5B5BC297EAD3D9D9AFEAC768EF6B18E695D4C14CC86EE4BE5BB6ABACCB3B22C9BAAF3E2C6359C101C811408E00F2125A6CE10EDC40ED34DC5B2CED23B89B8DDFBEA0AABEBE525D7EF94FCC867685BECF3BEEB8499F2E2BDBE434A2679D75A63AE79C1FE826586E23975F72C9605550F047B3D97E5AC5C40CD05BA457AD7A415FB76FDF76E7AFFD38DBB6AD5393278F57B9B9ABF5EEE452F238CB9727EA695DAE8F9B3D37FBF1EDF38D8DD5FA32B90FDFE92A2A729DD7E5E8D132B3A1BF44C5C78FF09A2623E365AFF323465CE1FCDFF2DCE4B46CDDBEF9E65141BF8EF67D86F1D868EDA8E4AD69690B775B7EA73B10B670B382039023801C01E8C2BCF01DEED69B29E378C3FD49D0555C9C6936B64BF47DAF5E9DA4060FBE40555717388DB0BBF15DE24C2FE7172F96DDC92BD481033B547A7AB26EDA6B6AECADCA3BADEF706F706ED3D8F89173FAC20B637443DCDAF392FB90E9264DBACD6C8697ABACAC65EA8C334EF39A66DFBE6DFABEA50C7D54F5552A2F2FCD6AF8B7398F6DE8DDCB577ADDB7FD3F19FAE06FCBF56969E6DD07880BFE750C93863BD0D8B09BDB3AE3C47C87BB3D4D37DFE16605072047003902D0C579E128E5C79B9A22B3C619817F93DC6CFCFE2FE8AAAD2D54CB973FA71F63FEFC87CC663B5F1FA57BEEDC19FA7A7773FAB233BD9C4F4E7E4A1D39B2CB6C6AB79A0DF7227D59636395757472F7AEE905056FF87DBCE30D77CBCF4BEEE3E187EFD18F6197BB715ED16C5AFBB16B6A0AD4E1C3A5CEF390EBAAAADE71AEF3BCEFF8F8E1BAD136F416EEFFD0A7FBF63D4BCD9831B95DAF631737DCAD8D0DDF26B7AD5B9403FDF497BFA39407D37473947256700072049023006190177E87BBE5AD963E0D774DD065E8EF6A175A4D6A9E4A49711FFCACA9A9DAB9DEDD701F9F7ED830F919AD652A23E325959AFA8CDEE5DCBE4EEE43FE6665BDE2F7F18E37DCEEF32ED747D6AEE0BB9B3D2FCFC7B52FF377BFF5F5EF5B5BB5B758DF01DFA69F875C2EBBBCCBF36DE9FF97FFA53DAF9DEFFD84F1D8F0D774B7D6ECB6F63BDBADFD4E7720430C7E879B151C801C01E4084058E46580599F04D9507494ECC61E13893348A98F83AAC6C64AD5D0506136B14B75C374F87089FE9B97B7DA99C6DDE42EF53A5F52F2A63EED72B9B72C9795BDADCF37357DE44C5350906636BCE5EAE69B7FA6E6CE7D5025263E6236C4EFAAA953FF534D9B36519F962A2C5CAB4E3BED1475ECD85EAFE76638BB94DFAA6BE3C654ABA17FA7D9FF5157F79E75E0B6FFD4CFC97E2EF26180EFFFE35B86DE6ABE3CE8D7CEDFFD44D058696D0B736BCDB6D1CEA6DBDEAD7D1CCB535670007204902300E191975C23745BC3A421D81AA93348A9EA905753535544DDEF897A9C087C4309B4A5BBADCD76B04DB7FD7834DBACE000E408204700C2282FB2825E6E84662BB7ECA23B21721BEE8FA82EAA087D43912DDDBEBB77DF6904FF3BDBFE9AEE893E8FC377B659C101C811408E0084695EF28D13FFBD6AF9BEF85623B4BBAF7772C35D45755145F01B8AEF4F867936CF6D69B68D566EC74F7FB182039023801C0108F3BCC49875D0ACB81374FF975AF73F28926790521F525D5411FE86E2BB7BB934CB138DE07FEACBF7761DFDFD6FB082039023801C01E42544C61BEE03A8C59C80665EEE7742A4CF20A52AA92EAA287843E9ECDFC5F6B7BB3A58C101C811408E0084715E2659CD71676DE9BED4BABF47A2610629F501D54515256F289DD5747776F30E5670007204902380BC84886CE9962D67F29DEE8E7CDF5ABEB37DD06AE2A36206295541755145D11B4A47770367377216D8003902408E8008CF4B8CE1FEB9B0F276ACD8CBD6B722C37D80B441D13483947A9FEAA28AB23794F61E559C03A4B1C006C81100720444515E6EB31A6FD92D7CB1E1FE09B10BCC3ADDBAFE74AB39970620D1AC6AABD19E6444EED1C85B68B8CBA92EAA287C430976B770762367810D902300E40888D2BC0C30EB01B3D65ACD7783F584E5EFA7666519EE5DD063A2790629F51ED54515A56F286D6DA2879855677DE00516D8003902408E00F2128D0D7719D54515C50149B09AE98416AEFF8C669B0536408E00902380BC4479C3BD97EAA28AF28004DAD2CD6EE42CB0017204801C01E4A5BB34DC7BA82EAA6E1010DFE69A669B0536408E00902380BC740F279F7CD2770D0DC566F3B79B0A717DF555E13E7316B8BAC130B39BEC249A6D16D8003902408E00F2D26D0C1EFCE343F9F94BCD06701715E25ABFFE85B7CD59B0B39B0CB5046B61C04F7FB1C006C8110072049097EEE1AAAB2E5B3767CE54B3012CA5425C63C75E9566B87F768E85019847003902408E00F2126D060CF841EC8001E77CE372EDA0090E6D7DD2A3478F0A7316C4B13000F308204700C811405EA254FFFE3F2C4D4A7A902638843566CC554BCD973E9785019847003902408E00F212DD069D79E669F545452B68864350F9F94BD79BAFF941B32E666100E611408E00902380BC44BFF873CE39FBEF34DD27BED9EED1A3478DD13D8FD4CDC2807904902300E408202FDDB7E93EE9A4EF1F9B37EFBECFF94E77E77F67DBDA8DFCA0D17D7F168B8501F308204700C811405EBAB5413D7B7E2FE7F4D34F3D3C65CA2DBB376D7AF1604343210D733BEAABAFB6EF5BBFFEF9B7E568E4D601D2E43BDB17B33000F308204700C811405EBAB74BCD9A63D656B31AAC194905572EC3FD3BDBF2D35F710C291606CC23801C012047007901C0C2807904801C01E408202F0058188079049023801C01E405000B03308F007204801C01E405000B03E611007204902380BC00606100E611408E0072049017002C0CC03C02C8110072049017002C0C984700C811408E00F2028085019847003902C811405E00B03000F308204700C811405E00B030601E012047003902C80B001606601E01E4082047007901C0C200CC23801C012047007901C0C2807904801C01E408202F0058188079049023801C01E405000B03308F007204902300E405000B03E611007204902380BC00606100E611408E0072049017002C0CC03C02C811408E009017002C0C984700C811408E00F2028085019847003902C811405E00B03000F3082047003902405E00B030601E01E408003902C80B001606601E01E4082047007901C0C200CC23801C01E408007901C0C2807904902300E408202F005818308F7809007204902380BC00606100E611408E0072049017006061C03C02C8110072049017002C0C984700C811408E00F2028085019847003902C811405E00B03000F308204700C811405E00B45B9615FE966A272F130B6C801C012047007901109C2166B95A69B8C7F032B1C006C811007204901700C1CB6EA1D92E32AB172F110B6C801C01204700790110BC212D34DCE37879586003E408003902C80B80F6F3F75D6EF9EE365BB7596003E408003902C80B800EF0F75D6EBEBBCD021B204700C811405E0074824C83ADDB2CB0017204801C01E40540A78BF368B8137839586003E408003902C80B80CE637F979BADDB2CB0017204801C01E40540271AC2C2800536408E00902380BC00E19F2AA57AA7A4A4CC9C3871E2DED8D8D886DEBD7B07FAF92D2A88EAD9B3E777E79F7FFE67C3870FDF68FE1DC9029B1C51E4881C912372448EC81139222F4037B26CD9B27B468E1C591F1313A3E6CC99ADF2F3F35443C357E6B2FA3BAA8325AF635151A14A4C7C4E0D1C38B0B17FFFFE7BCD97FC625670C811458EC811392247E4881C9123F20244B9D4D457D6F7EBD74F2525BDA05CAE467361D2449DC04A4E5EA4FAF4E9F3D5A9A79E7A132B38E4882247E4881C912372448EC8117901A278A17CC10517A8A2A2EDE642E35B2A44555E5EA6FAF6EDFB0FA37BFC7EB8224714392247E4881C912372448EC80BD0AD2C5BB6F41EF904B4A8689BB9B07079D5D2A52FA9316312D4A851D7ABEBAFBF46DD103F52252F4A6A361DD5FE2A2FDFAB4E39E5942F8CE8DF9D4F912372448EC811392247E4881C9123F202741B72208D9123AFA94F4A7ADE3CF98D57AD58BE548DFEF92875EB2D63758D1D73A38A8FBF560D1D7A855AA417CEDF509D548989F33FEFD5AB571E2B38E4882247E4881C912372448EC8117901A2444ACAC29931313F522E57BDB98068F4AA8451F17A817CC30D239DFAD9CFAE53C3875D692E9C639B4D4F75ACCE3EFBEC4FCD5912C70A0E39A2C811392247E4881C912372445E80283071E284BD73E63C692E18BE6E562386C7A91716CC57596F65A8941793F427A0578D18AA2F97D32ED7977E6F47B5AFA64DBB77A7394B1259C1214714392247E4881C912372448EC80B100562638734E4E7E7980B86866675F7DD13D5C1BF7EAAB66E794765FF69835AF56AAA5A9FB9467D5CFDA1FA9FA993D5B7DF7EE9F77654FBEADD77730F98B364272B38E4882247E4881C912372448EC8117901A240EFDEBD5543C3E7E682A1BE593D36EB21555CB445ED28DEAA76EF2AD125A777ECD8AE1E7BEC21BFB7A1DA5F321FCC59E26205871C51E4881C912372448EC81139222F4094BCE928F565B372B9FEAE66CD9AA9A6FC66922A292954E5EFEDD1B56BD70E35EDBEFF56331EBC4F7DFDF5E77E6F4BB5BFA27CA1A6C811392247E4881C912372448EC8117901BA59C35DE7558D8D9FAB75EB5E53B1B13F55D51F55AA07A7DFE755A5A5C56AC8E597AAD757A7AA8686CF9ADD9E6A7FB182438E2872448EC811392247E4881C911720AA16CCFF70EABBEF8EA9B736A4AB614363554D75957AAF6CB7CADDBC5165BEF94795F6FA4A95FACA4BE6423B4DEF8674E59597ABF4F415EADB6FBFF0BA0FAAFDC50A0E39A2C811392247E4881C912372445E80A85A301F736AEB964DFA371965619C97B759BD9991AE17C82B962F512F2F5EA4925E78563D33EF697DA08DC52F2D54D75E33426D7C7B8DD77D50ED2F5670C811458EC811392247E4881C9123F20244D582F9EF4E3D36EB77FA8895B2005E96BA58D792979355F2A205EAF9C479EA7FE73EA99EF8FD236AE68CDFAA279F78D45C2867AADFCDBCDFEB3EA8F6172B38E4882247E4881C912372448EC8117901A26AC1FC8553B260969F8AB8FDB69BD51B69AFEA05B22CA49F9D3F47CD9DF3847AEED9B97AE12C0BEB31A313D4E69CB7AD05F3175427142B38E4882247E4881C912372448EC8117901A26AC17CD4A9BD7BB7A9471F99A17E79FB38BDE0955D8EFC555CDC10F5EB09E3F5A7A2A5A5EF7ADD07D5FE6205871C51E4881C912372448EC81139EA2259D6736EA9761A00825D307FEE55AE6FFEA6BEFCF25395F8DCD32A61D4756AC4F02BD5D0A157A8B82B87A8A1E602F99AAB87AB07EEBF471D3BF6173DADEFEDA9F6172B38E4882247E4881C912372448EC851171962B87F3BBCA5867B0CED1310F482F9081526C50A0E39A2C81139A2C811392247E4A80B65B7D06C1799D58BF609087AC1FC191526C50A0E39A2C81139A2C811392247E4A80B0D69A1E11E47EB04B46BC17C980A938AE2958004EB7F4B204714392247E4881C912372448EC29ABFEF72CB77B7D9BA0DB46FC1FC372A4C2A4A5770E2CDFAC2AC24EBEF187244912372448EC811392247E4286CF9FB2E37DFDD06DABF603E44854945E10A4EBCCF4A8D6C51F82C0A17DA8C5F72448EC811392247E4888AA61C651A6CDD063A6BC17C900A938AB2159CF8005B10E2A370CB02E3971C912372448EC81139A2A22947711E0D77B47E050308D582F900152615452B3809ADACC4D8D72790238A1C912372448EC81139224761C9FE2E375BB7818E2D98FF4A854945C90A4E5B575EA269CB02E3971C912372448EC81139A2223D4703CCBACFACB566559B556FFD0F0D667D62B877339F694D07A0ED0BE65A2A4C2A0A5670E283DC5210ECF4E4882247E4882247E4881C91A3CE253FF7956B35D6AA8D956FD6045A29A04D0BE64FA930A9085FC169EF1602B95D5D84AFE4307EC911392247E4881C91232AD27214635676104DB6BFDA6AD605B454408B0BE6FD54985404AFE0747477BC48DF9D8FF14B8EC811392247E4881C519194A3F186FB48FD9ECDB3CB6AC0279B75B1597DAD69FB9835C8BA8DEC6EEEBB255C3EA8626B371078C1FC172A4C2A4257705A3B204DA8EF871C912372448E2872448E287214D818C3FB77B6E574A2E1DEE2DD16FDACE97D7FAB7B32AD15E077C1BC8F0A938AC0159CCE3EBA6BA46E5960FC922372448EC8113922475424E468BC4FA35C69B8B766B787DCAEDCA7E9664B37D07CC1FC499B4BA6DFB66DADAAACFCB33E7DE0C00EBFD3E5E5A5A9112386A8C993FF434D9A749B576DDCB85C65652D532D3DB65C376DDA9D6D7E5EAB5727A9F3CE3B37E0F53535EFEAFBACAFFF40D7860DAFA88103CF73AEDFB76F9BD7F425251B545959B63E2D7F1B1B3F6A56727F0505E9CD9EF7F2E5CF39E7EBEA2A827E7D2368ECF81E60E67B66DD69FD0D86EFED22F1C035E4881C91A310E7883AB1458EC8111595398A31BC772397EF5FF7EDE07DCAEEE6B986F7EEE58368B100AF05F3FFB5A94A4BDFD241BAF9E6517A655F4EDF7BEFAFF5E933CF3C432D5CF88433AD9C97E93C6FDFBFFF3FA96BAF8DD3A71B1BAB544B8F2DD7DD74D30D6D7E6EFDFAFD505D7D756C8BD3486320D35457E7EBFB8F8F1F6E362CA9CEFFE25EC1F77E0E05056FE8BF1327DEA2B66CF9A39E46CE3FF5D4FDEA8E3B7EA172735FD3D39694ACD7D72F58F098BE5E2ECFC858AC2EBAE8427D9B7DFBB6EACB172F9ED3E2738CA0151CDF4FFE65E56499F5FC9705B19213E87691B692438EC811390A618EA8135FE4881C51519923CFC6B8B2139A6DCFA6BBDCA79107707CC15CD36A1D3B56A60374F9E5173B97C9F9CCCC97F5E93D7BB2BCA677370A3FF3BA2C3D7D91B952BECC5C69DE62360A1FAA961E5BAE93C622D0F54D4DD5FA3EEC3AE38CD3D4E8D1239DF3478FEE568585EB9CE94B4A327533515C9CA12EBBECDFF4ED7BF6ECA957E4E5F9D4D7BFEF4CEB727DA4FFCA6532BD3C97C38777AAD4D467D469A79DAAFF87356B92554CCC00E73672BDBC06F6E3CB6DF6EFDFA6FFCAF4F6EBE7FB3AF9FBBF2370E5C6B0B60878EE4ED496951CCF951BBB267A5C1F49DFA12347E4881C85284754688A1C91232AEA7234CEF0FECEF6C59D7CFF171BDEBBAAB36B39707CC1FC718B5557F79E1A30A09FCACA5AAA4E39A5B77AFCF17B556EEEAB3A4C9326DDAA4F9F7B6E7FAFDBF4ED7B96CACE5EAE468DBA4A4D9932DE5C594ED5D39F76DA2966C3B0505557BFA3023D7653937B375369365A7A4EB2ABEDD8B1D739CF65C2849BF469A979F3667ADD7F69E97A6BE57DAB3E9F93B3529FB71B8123474A9D692B2A36E9CB6A6BB7ABBCBCD5CEF5EEC668B19E461EC3F7F9C9F577DD75BBAAACCCD1A71B1B2BF5DF7DFBDCBBE1CA7368EDB58E80159C402B1DFE56565A5AC9F1377DAA9FE923E53B74E4881C91A310E4880A5D91237244455D8E3CB76E279EA0C778C6602B37E06FC15CDD62D5D595E9BF1B37BEA21B829C9C15E6CA6F810E5361E11A555EBE519D77DEFFF3BACDF12D73EEF37979AF59BBB7C6EBF38D8D1FA8408FBD67CF5BD696B973CCA6A1AAD5E72725D3A7A7FFC139BF61C3CB2A26E65F9CF31919296AE0C01FABAAAACDEA924B06A9D9B31F70AE2B2E5EA76F2F5BEC3CEFEF77BF9B6C36347FB69A06F756B659B3A6EAFF3D2D2DC9B97F797D6263FF5D4D9B36D16C0632F5E3C834A9A9F3D459679D6936193BF56DEDD7B1B5FF23440BDC111D58B9490862A5C5DF4A4E5B576E7C5772BA6277BEB6BE56E4881C91A310E4880A5D9123724445558E0618C7B73EBBACF327821CBDDCF327C36268B500BD60FEA84D9599F9923AF9E49374C3B06AD5737A57D2871F9EA2CF7FFFFBBDF45F7B5A77A370833EBD6F5FBED324D8D3343656A8408F2D978F1E7DADB902BF569F6E6AFAB0C5E765DF7F65E526E732D9923862C4E55ED365652DD1BBCC4E9FFE5F6AD2A45B74C9F391DB6664BCE8F7791C3A54E8DCB7FC9586406E234D8CFDFF49B95C95EAC081EDCEF9D2D237F5F3B6EFFBC89112EBE058DB5BFC5F42B460B61F4716D0716DBC4D5B57325A5BC90976E5C6F3F13FEB822D0B6D7DADC81139224721CC1175E28B1C91232AAA72749FC7745927F8F9ACF578AC99B45A805E3057B558070E6C53B9B92BD4B5D7C6AA1B6FBC5A9F9E3BF7011DA479F31E5453A6FC87BE4CCE9794ACD3B7B11B85CACA6C6B65BF526FC992FB90EB1B1BDF57FE1E5BA693CBD3D216E8F3727AC182475A7C7E32CDFCF9339B5D76FBED095E976DDCB8547FD7D4BEFEEAABAF704E6FD8B0D8996EFFFE023DAD5CDED0F09EFE5B5595A3F2F25639CF3B31F121B389D8EEDCA6BE7EAFBEDC7E7DECDBC8DFECEC54E7713233535AFD5F42B860B62BBB954F4683DD8D2ED04A4E8F76AEDCF86ED108E54A4E5B5F2B72448EC8510872E4398FB76D7BC3C986E4CBDF7432DEE443A3C9936F773E203AFE41D1529595F5B2DF0CD5D66ED1B7F57C3CC9A9BFC7282F7F5B5FEF727DA0EAEAF638555DBD597F68D4D2FF218FE3795E325053F3E716FFEF9494275B7D6D1E7EF837CE69CFECECD9B33EA8D7981C45778EDA3206ECE5AD9CCEC959A64FCBD80E741BC9838C33FB7DCCBEADEFF959B3EE09F81EE4F9BE2065BF0F1C39B2A3D50CD925CFD5F379CAEDE5EB53819EB7BC4F1D3DBA531516A6AB2D5B5E57D3A6FD5AFF953DCF5ACB7184E4C8B3099E74829FCFF81036F740A434DC1FB6584D4D1F982B1215CE7959E9902D7437DD74BDB5F06D7E1B690A2EBAE802BDB03B7AB4C45C60BF68ED5E7AB7BEBEB1B15CF97B6CB96CEAD45F39E7ABAA3679340ECD1F47763B95C7F1773FAB563DEB7599AC58FDE427FFDAEC7AF70AC92BCD6E3F6CD865E64236435FB77F7FBEB5F2EF7E3EFDFAF5D5D7D9D3DBFF4F6EEE72E7F695957FD27FB76C59AD2F97D37979AFB6F85A77D182D9F393D1111D5CB9696925A7AA032B371D7D3E27FAB52247E4881C8520475232660C7DA4FF1BCCA6798975A4FFFFD4A7DD47FA7FCC99F6F85E22C76F2F7B56B83FB40A9C217B1CC963D5D5EDB69AD5CC80D33DFEF8547DBAA464AD3A76ACD4B9CDF8F1A39DE98E1C2956E9E92FE84C4816972F9FA7A7B19BFE29537EE964DC5E56C8CABFFC5F9326DDACFFCA5E27717197E8D3521B36BC647D15C5FBF9AC5C39DF39BD66CD1F9A9D6E4B91A3E8CE51A092BDAE92937FAFF6EDCB733E18B54F979767E931EE3EF6C687FABDC91EBF863EB8E5123DE6274CF88593CDDA5AF7F137DCCDAFFF316ABF37C8F2BEA0E035EBB81D795ED3CF9EFD5BAFF741C98BFD18F67D05CAB0DCCEFD215D9AD7F592D3B2B20DFABA279EB857FF6F86FE9A57BA5E36D8CB07C96D7B5FCF30CA51B5C7E5179FE0E733C8E3B13EA5D502F482B9B24D555DEDFE84B1A2E26DBD9093DD42ED85A4AC0C34355538D3BA5772E29DF3870E6DB316D66FE9F38D8DEF29DFC736F4019B7ED1EC71376C48B18EEC7C91AAAFDFE35C2ECFE1ACB3FE3FE7FC912345E6827FB1B9B05E65AD94AFF4BA1F790E2ED7FBE60A47926E74CACAD6EBEFA18E1E7D8DAAA9D9DCECB9A4A53DAF0F5A75ECD84EEB08CBDBF5E3CB69995EFE26253DAAA76F68D86B6DED1BE2F1265360BD69BC63BE193C633655A9ADBEC65DBC60F6FC6434AE133EC1F7B792D391951BDF959C84307AADC81139224721C8913D8E641C7BCE6F590997D3EEA6B8326086A464E559C6978C297F199231BD7AF5737A5CCB74729042F97BEEB9FFACE6CD9BEE35AD64D1BEBDA1B73E3FA14F9F73CE0FACAF63F81F9F727FF6695916C85F79CC0307B6585BF28A9CEB256BF66D25738989BF73CECBD750DCCD7EA55E8ED8B9B9EEBA389591B1C86A74729CFBAAACDCA8FFBFB62CABC851F4BF1FB536FF67CCF82FBDCC96F33236E5AFBC27C875F6FB888C47392F070395F78EB163477A35C376664B4AD6E8F70FFBF2254B9E56175EF8233D4E172C78D83A46C72EEBA7245739CF43C6ACA1F7F0AAB03EB0B5F76AD9A2B321EF6DBECF5DDE5BE472B97FFB83DAECECA53ACB727B7FFFABBD0CB17362BFEFD8B7EDC8EB182663E32B8FF37D4FF0F3E9E3F1580DB45A805E307FD062D5D6E6EB1596A953C73B976DDCF8B2B93232D0392F2B0AF60A837D5E5688A64FBF5337119E25B7B557FE65DAC387B7E99586C2C2B480CF41AE73AF7CE79B0BF9DD7ACBDF534FDDDB6CBAD2D2B5CE279F9E9797976F50DBB6ADD65BE6162C78C8EBBA3D7BDE74DE583CA79715B5BABA5273656593BEECC08177ADEFD05EA7CFDB974B3534D80D448E3E9F9BBB4CFF35F4774F17B6FA1ADBD5868566A82BA983E3AB879F2D0955D6E51D91146EAF15392247E4E8C4E648C6D18001FF64AED4BF641DE9FF1E3D46EC0FABE4B434C59EB7711FE97FA91A356A84D504BCEC71A4FF057AFCF93EAEDC8F64C9F7F18F37EFEEF3FBF7E7390DB1EC21121F3F545F9E9696A84FCB5F799C4387B6361B9FF23C1A1BCBACAD670B3CB67027EB2DF09E99901C1D3952A8CBBD356F9E3E2D39F19CD6F3FE651AFBB47CA0662F2BECD7CBDDA490A3EEFA7ED4521514BCAAF700C9C97945A5A4FC5E8FE163C74AF4873D77DC3146BF3F3435BDDF6C9CC8B4925119CFB2D7D4C285B3AC2DCC6BAD66BAD4EB3632BD9C76B9CAF51897CB5253E7E8C7AAA8C8D2D74976DC1FDC26AAC183CFD3CDBC7D7BFB7EE5BD474E7BFE0FF27EE8DE529DD66C4CCBF3F337D6172F7ED2790FB2970BF23C827DFF89801C85EAA8E9A17E3C20DC1BEE8AA0ABA9A9BC5DB7A35AAE2EFE2474A7B5F5A097355D6B4781EDC81685B6FC2E6A386F51F07DADC81139224727384775753BF5DF8D1B17EBC65A1A827DFB72AD15EBD7CD95F6F5EABCF30678DDE67893EC3E9F97B7C2E3039F0AB3E9DDAB7C1F373737D56AB82B5ABCAF03070AF474F673D8BFFF1D6B97F6479D69CACA32AD2D762BF5636566BAB73A2F5F3ED76C381EB71A919D56E3FE82D9486FB70E34B8C56B3C4BC3613F57B90F399D9DEDDEFAEE6FFC4BC3633F7669E91AE7F2CB2E1B4C8E783F6AD3BCAFAADA681DBBE001675CD6D6E6E9EBE5BCE7B449490FEB0FC3642C27273F667DAD69BCF55DED297A37757B7A7B1CBB1BDB6CFD019A64DAB30CBDFBF76A3DBD8C73F970C9F3F1ED4CC96DE543B561C32EF57AFEF6F3B5EFC3F3B9BA9BE7E3CB94F4F4E7F5E5B7DE7A835E86B8B79EBBF7ACB233E4799B087E3FAA630B37D0A50DF7FB549854172D987DDFAC7D5726EA8C13F39DB9F6ACE474F577E602BD568C5F72448E4294A3CCCC85D691FE5F52AB563D63AECCF7500F3F7CB73EEF3ED2FF4BCEB4679E79BAD9245FAF4FEFDBB7D969B6ED691A1BF728DFC7CDCD7DC5DA0A9CACEEB863B4BAEBAE9BF5F4863E18D9DD5ED31E3D5A68ED365B6CAEE4CBD72DCAF47DDA9593B3D45C79CF6F363EEDC77737D00BADADF4E3F4E96DDB5E6B36FD88113F759EC3E4C9B7EAD3EEA3FC5FEF4C575C9CA6264C18E334239EF76F9FCEC8F80339224701ABBEBE545D7EF9BF39634DC6BF9C2E2B7BD3194BB2C7C439E79CADF6EFFFB3334E644F2D1973C9C9B3F49E53A3475FADB369E8DDB2373B7F65FAD4D4D9D696E9755653FC9ADFB1678F5B3B6315151BF47969BAEDE7664FBB7AF57CAFDBD7D4B8B750CB8700CB97CFD15F535AB2E449E7715B7A3C43EF529EE5DCAFA1BFC695190DEF477C871BE8DA86BB3CE4E5FE847F8E73BEAE6E47ABD3AF59B3C039DFD8B8DB3A90D2ABADDE2E25E5B156A791152ADFFBCEC959D225AF4B0817CC45668D0BB062D3914FF003FDD48ABFA3C206B392D39547856DEDB5EAD431909DBD5867424E1F3DBA3DE074E3C7DFD8624E3CEBC0813CE7FECACA32F44AD4860D8BF4A7FAF6CA5546469233FDB5D75EA16EBC7184B99294A3121367E892D3BED90DC7DC91A3E8CC918C616986EDB129A7E7CE9D666D85BB5F4D99729BD32C9794BCA16F6337DC95956F59DF032D331B82FEFA3E3CC79DE7E3D4D6BEA357B0F7EFCFD5CDBC9D33C9CEE1C35B9CE9E4BEE4B6D2FCA7A7279A2BF9D96AD6ACDF388F252BEB478E6C359B989DCDC6A7DCB7FC3F721F9ED93D76AC485FEE3BBDBB1928F768D6CBF5FF2AFF9F3D9DCBB5D7596ED8CB01DFDBCA73B31F931CF17EE4AF8A8B5F773E0492312CBB7257576FB40EE6B7D76B4CD9E364F1E2DFEBB1276357B2204DBBE4C1D07B6B14389994B127EF0DF65894DBCBFB908CE949936ED265BF1FC9F50D0DA5CEFC91E90A0B57EBAF6F6CDBB6CA6AC2D75BCD7C8ED7FF60E7CED05BD137EAEF72C7C7C739635FEED777ACCBE3C97396BD46E4B9CE9F3FDDDACDFDE968793FE228E540D736DCEF85AC4A4AD2CC2679A55AB060A6F57DB2A5E64AFE0BE602F47C73257EB6B9D0DC642DBC1FF7BA9D5C969CFCA83EED72B9B748C89B80EFFD1716BE662EAC53AC85768AFE74332EEEDFF569295960BB7739F4BE6F59F1AFAB2BD6CF4DCAD0BB43FDD2392DD785E2F509D182B9A52D081DFD24BFB5DF356DED775103196274CDEF9EB6F5B5EA94F95F559565359D2F3BE3A1B434BDD974870EE53B9FDECBB8EEDFFF872A2DED59BD22235992CBDC5BDD0A9DDB24263EA87F3FBBA6E64FCE65329D1C29DCDF73912D18B282E26F8CA6A73F17D6B92347D199A3A6A6BD7AF96F9F9F37EFB7D691FE473A99F12D69AE2513D5D56F9B0DF336B351F88375A4FF49FAFAC6C65DCAF371F7EC59A33FF0928641A691C774370DF96613FEA6B912FE807E4C7B7ACF8C555464EAE9ED3128EF6DBECF47F26CE8ADEC23F57392C7B2F32AF991AC48C3E33B9E258BF6749327DFA24FF7EDDB47CD9871A7DFF1BF72E55CE7B4FC4FF2DE6BE85D65DFB17617CE2247BC1FF9ADDADA3FEBF53143FF4CD7037A9CCAF25B3EDCB2C785E4C877FDECC8912D7A1D4EDE1FE4323B5B727B43EF75B1DC6C6A3738EB70AB573FD3E2D8B31FC3CE983C2F7B1D51C6B1E4F1F887BB81EF471EF3F8876CC7DFB3ECF549C9A0FB03EC04AFFCDA99B11F53FE46F8FB11BFC30D746DC35D16B23A7CB840BFF9373696EA727FD29F637D6AFFA25EB0DA2B089EB7B3177E478EBC6BFD4CC5837EEFDFFDC97EA273DE7D44D7E3D3BA8FE83A459F6E6828515959C9FA3673E7DE67ADE017990BF10CE7F1ECE7D9D4B42724AF8F11DE079768ED13FDD6566E8C76AEE4D8BB118E8BF61CB9B7D4FDD6392F5BAFA401F59CC6E5DA6DAE942FD4A7A5D12E2C5C65AE480C716EE75E0199E5759BFAFA1D5E2B0E999949FA3BB013278ED597D9974BC360DF46569A64D741693A8E6F7978D15A81CAB28E6C1E9EB92347D19D23197FF6789531191B7BB1F33E22E3D473DCB8B7705FE79C3F74C8FE79A30C7DDE7E1F92D3478F6E75DE7FE4C3A9DB6FFF59B371653FB69CAFAD757F775BB22479713706C7A77537DC65D6D1F90B9CC7DEB265458BEF5DF6F481C6B6FCCFFEAE93C7B71B6AC9B8BC0E867310AD32E7FF36F4AEF1779123DE8F02CE777B6CCB7897F71343EF1DB2C7B95EC697E7F4F21D6A199732E653539FD21FD8FA664696FB9EB791B128EF5F77DCF1735DBEEF339595EB9D4CCA07C365656BAD5FCE48759E9F6C9C31F4D6EF857EFF0F3BC30307C6A8CB2E1BE475DDFCF9F77BFD9F72B99D99BBEE1AE74C27CFC3D0BBBEBF1AE9EF4703CC7259CFC7659D3F11FA19EEEF6DDBFF7B0CAD16A017CC7B435AF6C2ACB232D3FA1474A7D50C645B5BF4D2FCDE66F5EA79D6016202DF7743C30E7321BE4E37E67673BE72E51C7DBAA6E66DDDA0F8BBEFB163AFF13A2FF7216F04EE159FFC90BE36613E5E026D5968EBCA4DB02B39F6E38D8BF61C19FA3B6937FABD7CC488CBBC2E938676F4E8ABCC95935FE89593C58B1FD35B9467CC98E85C66E8032D3DE3DC4759D91A7345E5157305668BD9FCFEC6FA5997623DCEED69B2B216398F215B347C1F57AAA969B7932DB9AF70CC1D398ACE1CD5D66ED6CDB3FB4328F76532D62FB9E45F9DF3F23E61BF5FD8E7656BF5F4E91374363C4B6EBB61C31F94BFC795F7A369D37EA51B072977037E83DFE7649F96C771EFD9E1BE5FF92B75F5D597377B5F93EC48032039966924FBF2BE28A7870DBB44E5E62E0938B6B3B35302BE46729DE7FBA8BB393F7EDDA851C3F463B6255FE4A8FBBD1FC9FA982CCFE5BDC05E0EBB9BDC57BCC685E77B85FB83D2D7F569976B97F37E63BF5FD8D314142CF3BACD820533F4F481C65E71F16B4E16E5AF7CC82BEF27723F8307FFD899561ECB1EF3727F921D69B03D7322FFC7C30FFF97DE2B44EAA9A7EE71DEBFECAAA878D3790CCFE7B170E143CEDF28783FCAF518E38927E8319EF1788CADB45980B360DE1392AAABDBAEB7444C9B365E2F186581B86FDF9F546AEA937A2177E44881B5B56BBB9E5ECEDF7AEBF57A1A43EF66FB925E495AB2E4719598385D5F9E97B7D45AF17FD7791CBBD1686C2CB13E897D419F9685AFBB613FFE9C5CAEE3DF0F92DBC88A956C2D2C2E5E65BDA92C0CD9EB633FF7081833B265C17777BA3B8DE07FD7D4DF4ACEC420B660444D8E72735F3657CA7FAAC7DBAA557375B33B63C6AFCD9565F796606916ECB16CE764FFFE6CA76975370FC9FAF632C6251B151519FABE65BA030772BDB2619FB63FF42A2F5FDB6CBC5755AD779A7D5949979CC6C5FD44FF9506DABD05604F58E68E1C759F1C3535ED0AE932BAAB2B94FF2F39EA9EEF47A118A3E198DB13F59CC22C47E33CC6B76CE5EEEC83A75D6C1CDF8A2E3581360B7016CCBB43562ED74E73E57FB373BEB4F4757321576AED7EF7BCD94CE45BDFCFD9EC753BF727A8AF998DC4466B57A5C08FE16E1264F7A645D6F7DD6ED6A7A549B8F9E6915ED3AE5E3DD7FAE4F515B3317851DFBF7D1F7BF6BCE1B1D53134AF8F1139BF57E8FB132D9E2B2B6D59B9315AB95D287F6AA54B735457B74D8F7BFBFC860D49CE18B7B35155956936AF3BFC8E97CCCC05CE7999C6D0C74658EC355D6DED26B3015FA7AAAB37E8FB96F1EEDE7AF18ED578BFE9D1E8B63C3EA74CB945DF6ECB9665619B3B72D4FD7244F17E448EC811396A937C8F86B8D2E8BC9F08939F022B37BCB76EF73200D80BE65D21ABFA7AF76F23DE78E370B32978C96A26DEB476934BD6D31C6F228EDFCED007E578C8393D75EA6D011FC3F3F686FEBEDB227D5A1ECF7D44D7E3D32E5FFEA4DE7D6FDEBCFBF4F9868622EBFB3CEBCDE6E30FD6C1727243F6FA44D00A8EE74AC8188F95958946F03FADE27BBB8EFEDE6A44E7C8D0DF6DFE1F7DBAAE6EABD540BF1470DAD8D88BD4A44963F53897317BC619A706BCEFA626FBEB1B6F5BDF815DEB8C77437F0F4EB64A17ABCB2F1FACEFAF5FBF1FA8FBEFFF9573FF32CDE8D12374BE7EF2930BC23677E4881C51BC1F91238A1CF91563B8F70AF16C8C3BDA744BB3EDB9BBBA1CE760102D16E0B5602E0D59353616793410A5D6D6B575D681645E719AF0BCBC97BD6E77BCE12E55478FBA0F3C73CA29279B0DC996668F61E823BAC69A2BFC0BAD2D6DE3F469F7115D2738D3D5D6FE49B95C3BF4CFBEC83435351BACA3CF96EAC6C3D0DF215A19D2D727C25670FCADE474C6968AAE38FA6B58E4E8C891779C2CC8F96DDB9659CDE7E680E3E5E187EF341BE82CA7DC1F5E2D6A76BFAB56CD562B573EA5EAEBB7E9CB0A0A969A0DF2F3BA41974C55576736BB7F791E9E8F6FE803B23D1CF0B9844BEEC851F7CE11C5FB113962FC92A316C9CF7679EEFA2D5BBADBBB7BB9DCCE73CB36BB92035DBD606E68701F855CBEAF6AAF98CB0AB87BAB5B966E0872725EF4BBC092EF81CAC171EC662423E33927DC070E6C0AB8A093C7696D613861C2CF9DE7274754BEFDF678E73AF7EEB0ACE0846025A7B35796222A477636D2D3E7A9A6A6127D991CDB60D8B07F6F71BC48D3EC7B59565652B3690F1FCEF5D87A5EAA9B683B3B923B43EFCE9DE6F731162C98AE1B7543FF26E9EFDB348EBB3277E4A8FBE688E2FD881C912372D426937C9A6E392D0752EBD7C6DBCB74CFF8DC87D423B456409834DCB2554BCE7B6EE99606DADF6DA4F990EBA74DFB0FBFD7FBDBCAEDB9A0F3DDDAE76F1A791EB2C5EFBCF3FE456F7DF3DD221FAA2DDD11BA82636F09E8C86E7791B8DB5EA7E5A8B4F435FDDD6A7BECC9DF59B3EE723E886A69BCD8BB94BB77FB5E68ED9A9DE9777AF9B04A1E4BFE0E1CF823AFEB240332FE03E53629E941EB006B7F6CD338EECADC91A3EE99238AF72372448EC85150C65B635DF934DE5956432E5BAFEDDDCD65B7F141D66DDE30DCBB8D7BDEAECEBA0D80EEB660B6B71476741A16CC41ADA404BB4520D20E481336390AA7B11B4EB92347E4882247E48822476D1263787FFFBA3DB5D5E03BDB000B6616CC2113EC6E7891BCDB1E392247E4881C912372448EA868C8D16D56E3ED0AB2D19E647034728005330BE6B05DC91962B877411A478E2872448EC811392247E4881C75B901663D60D65AB33E31ABC1FA1FE4EFA7867B77F399867BCB380016CC2C98BB5082B5F292D0C2F59F45C9CA0D392247E4881C912372448EA868CE110016CC2C982368CB42B4ECB6478EC811392247E4881C91238A861B000B6616CC61B392138D2B37E4881C912372448EC81139A268B801B06066C1DCA52B394951BA72438EC811392247E4881C91238A861B000B6616CC5D26C1FADF12C811458EC811392247E4881C91230034DC140BE6CED5871C51E4881C912372448EC811390240C34DB160063922472047E408E4882247005830B3600639A2C81139A2C811C8113902C0829962C14C8E28720472448E408EC8110016CC140B669023720472448E408E2872048005330B66902372448EC811458EC811458E00B060A6583093238A1C811C912390237204800533C58219E4881C811C912390238A1C0160C1CC8219E4881C811C51E4881C51E408000B668A053339A2C81118BFE408E4881C01882E279F7CD2770D0D852C14C3A0BEFA6AFB3E7396B81895E4882247E48822472047E4084014183CF8C787F2F397B0600C835ABFFEF9B7CD59B29351498E2872448E28720472448E004481ABAEBA6CDD9C3953593086418D1D7B559A394B121995E4882247E48822472047E40840141830E007B103069CF38DCBB5838563D7D6273D7AF4A83067491CA3921C51E4881C319EC911C81139021025FAF7FF616952D2832C1CBBB0C68CB96AA9392B72198DE4882247E4881C91239023720420BA0C3AF3CCD3EA8B8A56B090EC82CACF5FBADE9C0707CDBA98A1488E2872448EC811390239224700A24FFC39E79CFD7716CEA15F28F7E8D1A3C67CFDC73004C911458E408EC811C811390210C50BE7934EFAFEB179F3EEFB9CEFFE9CF8EFF658BB1B1D64A14C8E28720472448E408EC81180EE6150CF9EDFCB39FDF4530F4F9972CBEE4D9B5E3CC8EF3976DEEF31CA4F44C8512BAD0369C8777BD8DD881C51E408E4881C811C912300DDCCA566CD316BAB590D6629AAC3E532DCBFC7283F11C1512BC911458E408EC811C8113902000000000000000000000000000000000000000000000000000000000000000000000000000000000000000000000000000000A2DFFF0FF0398BADE63642580000000049454E44AE426082, '0');
INSERT INTO `act_ge_bytearray` VALUES ('e6a33d903772421a97cd3d4c531156b7', '1', 'test_audit.bpmn20.xml', '809b52df107d48c98625937c3f17b1e9', 0x3C3F786D6C2076657273696F6E3D27312E302720656E636F64696E673D275554462D38273F3E0D0A3C646566696E6974696F6E7320786D6C6E733D22687474703A2F2F7777772E6F6D672E6F72672F737065632F42504D4E2F32303130303532342F4D4F44454C2220786D6C6E733A7873693D22687474703A2F2F7777772E77332E6F72672F323030312F584D4C536368656D612D696E7374616E63652220786D6C6E733A61637469766974693D22687474703A2F2F61637469766974692E6F72672F62706D6E2220786D6C6E733A62706D6E64693D22687474703A2F2F7777772E6F6D672E6F72672F737065632F42504D4E2F32303130303532342F44492220786D6C6E733A6F6D6764633D22687474703A2F2F7777772E6F6D672E6F72672F737065632F44442F32303130303532342F44432220786D6C6E733A6F6D6764693D22687474703A2F2F7777772E6F6D672E6F72672F737065632F44442F32303130303532342F44492220747970654C616E67756167653D22687474703A2F2F7777772E77332E6F72672F323030312F584D4C536368656D61222065787072657373696F6E4C616E67756167653D22687474703A2F2F7777772E77332E6F72672F313939392F585061746822207461726765744E616D6573706163653D22687474703A2F2F7777772E61637469766974692E6F72672F74657374223E0D0A20203C70726F636573732069643D22746573745F617564697422206E616D653D22E6B581E7A88BE5AEA1E689B9E6B58BE8AF95E6B581E7A88B2220697345786563757461626C653D2274727565223E0D0A202020203C73746172744576656E742069643D22737461727422206E616D653D22E590AFE58AA8E5AEA1E689B9222061637469766974693A696E69746961746F723D226170706C79222061637469766974693A666F726D4B65793D222F6F612F7465737441756469742F666F726D222F3E0D0A202020203C656E644576656E742069643D22656E6422206E616D653D22E7BB93E69D9FE5AEA1E689B9222F3E0D0A202020203C757365725461736B2069643D226D6F6469667922206E616D653D22E59198E5B7A5E896AAE985ACE6A1A3E7BAA7E4BFAEE694B9222061637469766974693A61737369676E65653D22247B6170706C797D222F3E0D0A202020203C757365725461736B2069643D22617564697422206E616D653D22E896AAE985ACE4B8BBE7AEA1E5889DE5AEA1222061637469766974693A61737369676E65653D227468696E6B67656D222F3E0D0A202020203C6578636C7573697665476174657761792069643D227369642D43323842423546362D303133442D343537302D423433322D363142333830433146343646222F3E0D0A202020203C757365725461736B2069643D2261756469743222206E616D653D22E99B86E59BA2E4BABAE58A9BE8B584E6BA90E983A8E983A8E995BFE5AEA1E6A0B8222061637469766974693A61737369676E65653D227468696E6B67656D222F3E0D0A202020203C6578636C7573697665476174657761792069643D227369642D45443436464534312D413046442D343936442D383644432D324339374146353733354630222F3E0D0A202020203C73657175656E6365466C6F772069643D227369642D45463246353142422D314439392D344630422D414346322D4236433133303041374432422220736F757263655265663D2261756469743222207461726765745265663D227369642D45443436464534312D413046442D343936442D383644432D324339374146353733354630222F3E0D0A202020203C757365725461736B2069643D2261756469743322206E616D653D22E99B86E59BA2E4BABAE58A9BE8B584E6BA90E983A8E58886E7AEA1E9A286E5AFBCE5AEA1E6A0B8222061637469766974693A61737369676E65653D227468696E6B67656D222F3E0D0A202020203C6578636C7573697665476174657761792069643D227369642D46453438354232442D394132332D343233362D424430442D443738384341364533304534222F3E0D0A202020203C73657175656E6365466C6F772069643D227369642D33444243443636312D353732302D343438302D383135362D3734384245303237354645462220736F757263655265663D2261756469743322207461726765745265663D227369642D46453438354232442D394132332D343233362D424430442D443738384341364533304534222F3E0D0A202020203C757365725461736B2069643D2261756469743422206E616D653D22E99B86E59BA2E680BBE7BB8FE79086E5AEA1E689B9222061637469766974693A61737369676E65653D227468696E6B67656D222F3E0D0A202020203C6578636C7573697665476174657761792069643D227369642D33463533423642442D463846332D343936422D414330382D353036333042443131343737222F3E0D0A202020203C757365725461736B2069643D226170706C795F656E6422206E616D653D22E896AAE985ACE6A1A3E7BAA7E58591E78EB0222061637469766974693A61737369676E65653D227468696E6B67656D222F3E0D0A202020203C73657175656E6365466C6F772069643D227369642D30324442324144392D313333322D343139382D414338442D3232413335313639443135432220736F757263655265663D2261756469743422207461726765745265663D227369642D33463533423642442D463846332D343936422D414330382D353036333042443131343737222F3E0D0A202020203C73657175656E6365466C6F772069643D227369642D32414237433031412D353045452D344141432D384338462D4636453139333542334441372220736F757263655265663D22617564697422207461726765745265663D227369642D43323842423546362D303133442D343537302D423433322D363142333830433146343646222F3E0D0A202020203C73657175656E6365466C6F772069643D227369642D33364535304338422D364337432D343936382D423032442D4542414134323542463442452220736F757263655265663D22737461727422207461726765745265663D226175646974222F3E0D0A202020203C73657175656E6365466C6F772069643D227369642D37443732333139302D313433322D343131442D413441342D37373432323545353443443922206E616D653D22E698AF2220736F757263655265663D227369642D33463533423642442D463846332D343936422D414330382D35303633304244313134373722207461726765745265663D226170706C795F656E64223E0D0A2020202020203C636F6E646974696F6E45787072657373696F6E207873693A747970653D2274466F726D616C45787072657373696F6E223E3C215B43444154415B247B706173733D3D317D5D5D3E3C2F636F6E646974696F6E45787072657373696F6E3E0D0A202020203C2F73657175656E6365466C6F773E0D0A202020203C73657175656E6365466C6F772069643D227369642D44343443414434332D303237312D343932302D413532342D39423835333345353235353022206E616D653D22E698AF2220736F757263655265663D227369642D46453438354232442D394132332D343233362D424430442D44373838434136453330453422207461726765745265663D22617564697434223E0D0A2020202020203C636F6E646974696F6E45787072657373696F6E207873693A747970653D2274466F726D616C45787072657373696F6E223E3C215B43444154415B247B706173733D3D317D5D5D3E3C2F636F6E646974696F6E45787072657373696F6E3E0D0A202020203C2F73657175656E6365466C6F773E0D0A202020203C73657175656E6365466C6F772069643D227369642D35333235383530322D343345452D344445382D423141342D44424431313932324238414622206E616D653D22E590A62220736F757263655265663D227369642D43323842423546362D303133442D343537302D423433322D36314233383043314634364622207461726765745265663D226D6F64696679223E0D0A2020202020203C636F6E646974696F6E45787072657373696F6E207873693A747970653D2274466F726D616C45787072657373696F6E223E3C215B43444154415B247B706173733D3D307D5D5D3E3C2F636F6E646974696F6E45787072657373696F6E3E0D0A202020203C2F73657175656E6365466C6F773E0D0A202020203C6578636C7573697665476174657761792069643D227369642D35464544303244362D433338382D343843362D383730452D303937444232313331454130222F3E0D0A202020203C73657175656E6365466C6F772069643D227369642D31363344424336302D444243392D343338422D393731412D3637373338464237373135412220736F757263655265663D226D6F6469667922207461726765745265663D227369642D35464544303244362D433338382D343843362D383730452D303937444232313331454130222F3E0D0A202020203C73657175656E6365466C6F772069643D227369642D37323235384134312D323033452D343238432D423731442D43413335303632353244373322206E616D653D22E698AF2220736F757263655265663D227369642D43323842423546362D303133442D343537302D423433322D36314233383043314634364622207461726765745265663D22617564697432223E0D0A2020202020203C636F6E646974696F6E45787072657373696F6E207873693A747970653D2274466F726D616C45787072657373696F6E223E3C215B43444154415B247B706173733D3D317D5D5D3E3C2F636F6E646974696F6E45787072657373696F6E3E0D0A202020203C2F73657175656E6365466C6F773E0D0A202020203C73657175656E6365466C6F772069643D227369642D38343438454634412D423632452D343839392D414243322D30453244423241453638333822206E616D653D22E9878DE696B0E794B3E8AFB72220736F757263655265663D227369642D35464544303244362D433338382D343843362D383730452D30393744423231333145413022207461726765745265663D226175646974223E0D0A2020202020203C636F6E646974696F6E45787072657373696F6E207873693A747970653D2274466F726D616C45787072657373696F6E223E3C215B43444154415B247B706173733D3D317D5D5D3E3C2F636F6E646974696F6E45787072657373696F6E3E0D0A202020203C2F73657175656E6365466C6F773E0D0A202020203C73657175656E6365466C6F772069643D227369642D41373538393038342D343632332D344645412D413737342D30304137304444433144323022206E616D653D22E698AF2220736F757263655265663D227369642D45443436464534312D413046442D343936442D383644432D32433937414635373335463022207461726765745265663D22617564697433223E0D0A2020202020203C636F6E646974696F6E45787072657373696F6E207873693A747970653D2274466F726D616C45787072657373696F6E223E3C215B43444154415B247B706173733D3D317D5D5D3E3C2F636F6E646974696F6E45787072657373696F6E3E0D0A202020203C2F73657175656E6365466C6F773E0D0A202020203C73657175656E6365466C6F772069643D227369642D46413631383633362D333730382D344430432D383531342D32394134424238424339323622206E616D653D22E590A62220736F757263655265663D227369642D45443436464534312D413046442D343936442D383644432D32433937414635373335463022207461726765745265663D226D6F64696679223E0D0A2020202020203C636F6E646974696F6E45787072657373696F6E207873693A747970653D2274466F726D616C45787072657373696F6E223E3C215B43444154415B247B706173733D3D307D5D5D3E3C2F636F6E646974696F6E45787072657373696F6E3E0D0A202020203C2F73657175656E6365466C6F773E0D0A202020203C73657175656E6365466C6F772069643D227369642D31353235424646342D334539442D344438412D424638302D31463633414645313632383922206E616D653D22E590A62220736F757263655265663D227369642D46453438354232442D394132332D343233362D424430442D44373838434136453330453422207461726765745265663D226D6F64696679223E0D0A2020202020203C636F6E646974696F6E45787072657373696F6E207873693A747970653D2274466F726D616C45787072657373696F6E223E3C215B43444154415B247B706173733D3D307D5D5D3E3C2F636F6E646974696F6E45787072657373696F6E3E0D0A202020203C2F73657175656E6365466C6F773E0D0A202020203C73657175656E6365466C6F772069643D227369642D33354343384336432D313036372D343339382D393931432D43434639353531313539363522206E616D653D22E590A62220736F757263655265663D227369642D33463533423642442D463846332D343936422D414330382D35303633304244313134373722207461726765745265663D226D6F64696679223E0D0A2020202020203C636F6E646974696F6E45787072657373696F6E207873693A747970653D2274466F726D616C45787072657373696F6E223E3C215B43444154415B247B706173733D3D307D5D5D3E3C2F636F6E646974696F6E45787072657373696F6E3E0D0A202020203C2F73657175656E6365466C6F773E0D0A202020203C73657175656E6365466C6F772069643D227369642D42444230414142322D374535302D344433352D383045452D4345304245434444394635372220736F757263655265663D226170706C795F656E6422207461726765745265663D22656E64222F3E0D0A202020203C73657175656E6365466C6F772069643D227369642D34344146423943312D343035372D344334382D423146322D31454338393741353243423722206E616D653D22E99480E6AF812220736F757263655265663D227369642D35464544303244362D433338382D343843362D383730452D30393744423231333145413022207461726765745265663D22656E64223E0D0A2020202020203C636F6E646974696F6E45787072657373696F6E207873693A747970653D2274466F726D616C45787072657373696F6E223E3C215B43444154415B247B706173733D3D307D5D5D3E3C2F636F6E646974696F6E45787072657373696F6E3E0D0A202020203C2F73657175656E6365466C6F773E0D0A20203C2F70726F636573733E0D0A20203C62706D6E64693A42504D4E4469616772616D2069643D2242504D4E4469616772616D5F746573745F6175646974223E0D0A202020203C62706D6E64693A42504D4E506C616E652062706D6E456C656D656E743D22746573745F6175646974222069643D2242504D4E506C616E655F746573745F6175646974223E0D0A2020202020203C62706D6E64693A42504D4E53686170652062706D6E456C656D656E743D227374617274222069643D2242504D4E53686170655F7374617274223E0D0A20202020202020203C6F6D6764633A426F756E6473206865696768743D2233302E30222077696474683D2233302E302220783D2233302E302220793D223234352E30222F3E0D0A2020202020203C2F62706D6E64693A42504D4E53686170653E0D0A2020202020203C62706D6E64693A42504D4E53686170652062706D6E456C656D656E743D22656E64222069643D2242504D4E53686170655F656E64223E0D0A20202020202020203C6F6D6764633A426F756E6473206865696768743D2232382E30222077696474683D2232382E302220783D223937352E302220793D223335362E30222F3E0D0A2020202020203C2F62706D6E64693A42504D4E53686170653E0D0A2020202020203C62706D6E64693A42504D4E53686170652062706D6E456C656D656E743D226D6F64696679222069643D2242504D4E53686170655F6D6F64696679223E0D0A20202020202020203C6F6D6764633A426F756E6473206865696768743D2235382E30222077696474683D223130322E302220783D223230392E302220793D223133352E30222F3E0D0A2020202020203C2F62706D6E64693A42504D4E53686170653E0D0A2020202020203C62706D6E64693A42504D4E53686170652062706D6E456C656D656E743D226175646974222069643D2242504D4E53686170655F6175646974223E0D0A20202020202020203C6F6D6764633A426F756E6473206865696768743D2235372E30222077696474683D2239362E302220783D223130352E302220793D223233312E35222F3E0D0A2020202020203C2F62706D6E64693A42504D4E53686170653E0D0A2020202020203C62706D6E64693A42504D4E53686170652062706D6E456C656D656E743D227369642D43323842423546362D303133442D343537302D423433322D363142333830433146343646222069643D2242504D4E53686170655F7369642D43323842423546362D303133442D343537302D423433322D363142333830433146343646223E0D0A20202020202020203C6F6D6764633A426F756E6473206865696768743D2234302E30222077696474683D2234302E302220783D223234302E302220793D223234302E30222F3E0D0A2020202020203C2F62706D6E64693A42504D4E53686170653E0D0A2020202020203C62706D6E64693A42504D4E53686170652062706D6E456C656D656E743D22617564697432222069643D2242504D4E53686170655F617564697432223E0D0A20202020202020203C6F6D6764633A426F756E6473206865696768743D2238302E30222077696474683D223130302E302220783D223231302E302220793D223333302E30222F3E0D0A2020202020203C2F62706D6E64693A42504D4E53686170653E0D0A2020202020203C62706D6E64693A42504D4E53686170652062706D6E456C656D656E743D227369642D45443436464534312D413046442D343936442D383644432D324339374146353733354630222069643D2242504D4E53686170655F7369642D45443436464534312D413046442D343936442D383644432D324339374146353733354630223E0D0A20202020202020203C6F6D6764633A426F756E6473206865696768743D2234302E30222077696474683D2234302E302220783D223334352E302220793D223335302E30222F3E0D0A2020202020203C2F62706D6E64693A42504D4E53686170653E0D0A2020202020203C62706D6E64693A42504D4E53686170652062706D6E456C656D656E743D22617564697433222069643D2242504D4E53686170655F617564697433223E0D0A20202020202020203C6F6D6764633A426F756E6473206865696768743D2238302E30222077696474683D223130302E302220783D223432302E302220793D223333302E30222F3E0D0A2020202020203C2F62706D6E64693A42504D4E53686170653E0D0A2020202020203C62706D6E64693A42504D4E53686170652062706D6E456C656D656E743D227369642D46453438354232442D394132332D343233362D424430442D443738384341364533304534222069643D2242504D4E53686170655F7369642D46453438354232442D394132332D343233362D424430442D443738384341364533304534223E0D0A20202020202020203C6F6D6764633A426F756E6473206865696768743D2234302E30222077696474683D2234302E302220783D223535352E302220793D223335302E30222F3E0D0A2020202020203C2F62706D6E64693A42504D4E53686170653E0D0A2020202020203C62706D6E64693A42504D4E53686170652062706D6E456C656D656E743D22617564697434222069643D2242504D4E53686170655F617564697434223E0D0A20202020202020203C6F6D6764633A426F756E6473206865696768743D2238302E30222077696474683D223130302E302220783D223633302E302220793D223333302E30222F3E0D0A2020202020203C2F62706D6E64693A42504D4E53686170653E0D0A2020202020203C62706D6E64693A42504D4E53686170652062706D6E456C656D656E743D227369642D33463533423642442D463846332D343936422D414330382D353036333042443131343737222069643D2242504D4E53686170655F7369642D33463533423642442D463846332D343936422D414330382D353036333042443131343737223E0D0A20202020202020203C6F6D6764633A426F756E6473206865696768743D2234302E30222077696474683D2234302E302220783D223736352E302220793D223335302E30222F3E0D0A2020202020203C2F62706D6E64693A42504D4E53686170653E0D0A2020202020203C62706D6E64693A42504D4E53686170652062706D6E456C656D656E743D226170706C795F656E64222069643D2242504D4E53686170655F6170706C795F656E64223E0D0A20202020202020203C6F6D6764633A426F756E6473206865696768743D2238302E30222077696474683D223130302E302220783D223834302E302220793D223333302E30222F3E0D0A2020202020203C2F62706D6E64693A42504D4E53686170653E0D0A2020202020203C62706D6E64693A42504D4E53686170652062706D6E456C656D656E743D227369642D35464544303244362D433338382D343843362D383730452D303937444232313331454130222069643D2242504D4E53686170655F7369642D35464544303244362D433338382D343843362D383730452D303937444232313331454130223E0D0A20202020202020203C6F6D6764633A426F756E6473206865696768743D2234302E30222077696474683D2234302E302220783D223234302E302220793D2234352E30222F3E0D0A2020202020203C2F62706D6E64693A42504D4E53686170653E0D0A2020202020203C62706D6E64693A42504D4E456467652062706D6E456C656D656E743D227369642D33444243443636312D353732302D343438302D383135362D373438424530323735464546222069643D2242504D4E456467655F7369642D33444243443636312D353732302D343438302D383135362D373438424530323735464546223E0D0A20202020202020203C6F6D6764693A776179706F696E7420783D223532302E302220793D223337302E30222F3E0D0A20202020202020203C6F6D6764693A776179706F696E7420783D223535352E302220793D223337302E30222F3E0D0A2020202020203C2F62706D6E64693A42504D4E456467653E0D0A2020202020203C62706D6E64693A42504D4E456467652062706D6E456C656D656E743D227369642D34344146423943312D343035372D344334382D423146322D314543383937413532434237222069643D2242504D4E456467655F7369642D34344146423943312D343035372D344334382D423146322D314543383937413532434237223E0D0A20202020202020203C6F6D6764693A776179706F696E7420783D223238302E302220793D2236352E30222F3E0D0A20202020202020203C6F6D6764693A776179706F696E7420783D223938392E302220793D2236352E30222F3E0D0A20202020202020203C6F6D6764693A776179706F696E7420783D223938392E302220793D223335362E30222F3E0D0A2020202020203C2F62706D6E64693A42504D4E456467653E0D0A2020202020203C62706D6E64693A42504D4E456467652062706D6E456C656D656E743D227369642D38343438454634412D423632452D343839392D414243322D304532444232414536383338222069643D2242504D4E456467655F7369642D38343438454634412D423632452D343839392D414243322D304532444232414536383338223E0D0A20202020202020203C6F6D6764693A776179706F696E7420783D223234302E302220793D2236352E30222F3E0D0A20202020202020203C6F6D6764693A776179706F696E7420783D223135332E302220793D2236352E30222F3E0D0A20202020202020203C6F6D6764693A776179706F696E7420783D223135332E302220793D223233312E35222F3E0D0A2020202020203C2F62706D6E64693A42504D4E456467653E0D0A2020202020203C62706D6E64693A42504D4E456467652062706D6E456C656D656E743D227369642D41373538393038342D343632332D344645412D413737342D303041373044444331443230222069643D2242504D4E456467655F7369642D41373538393038342D343632332D344645412D413737342D303041373044444331443230223E0D0A20202020202020203C6F6D6764693A776179706F696E7420783D223338352E302220793D223337302E30222F3E0D0A20202020202020203C6F6D6764693A776179706F696E7420783D223432302E302220793D223337302E30222F3E0D0A2020202020203C2F62706D6E64693A42504D4E456467653E0D0A2020202020203C62706D6E64693A42504D4E456467652062706D6E456C656D656E743D227369642D33354343384336432D313036372D343339382D393931432D434346393535313135393635222069643D2242504D4E456467655F7369642D33354343384336432D313036372D343339382D393931432D434346393535313135393635223E0D0A20202020202020203C6F6D6764693A776179706F696E7420783D223738352E302220793D223335302E30222F3E0D0A20202020202020203C6F6D6764693A776179706F696E7420783D223738352E302220793D223136342E30222F3E0D0A20202020202020203C6F6D6764693A776179706F696E7420783D223331312E302220793D223136342E30222F3E0D0A2020202020203C2F62706D6E64693A42504D4E456467653E0D0A2020202020203C62706D6E64693A42504D4E456467652062706D6E456C656D656E743D227369642D45463246353142422D314439392D344630422D414346322D423643313330304137443242222069643D2242504D4E456467655F7369642D45463246353142422D314439392D344630422D414346322D423643313330304137443242223E0D0A20202020202020203C6F6D6764693A776179706F696E7420783D223331302E302220793D223337302E30222F3E0D0A20202020202020203C6F6D6764693A776179706F696E7420783D223334352E302220793D223337302E30222F3E0D0A2020202020203C2F62706D6E64693A42504D4E456467653E0D0A2020202020203C62706D6E64693A42504D4E456467652062706D6E456C656D656E743D227369642D37443732333139302D313433322D343131442D413441342D373734323235453534434439222069643D2242504D4E456467655F7369642D37443732333139302D313433322D343131442D413441342D373734323235453534434439223E0D0A20202020202020203C6F6D6764693A776179706F696E7420783D223830352E302220793D223337302E30222F3E0D0A20202020202020203C6F6D6764693A776179706F696E7420783D223834302E302220793D223337302E30222F3E0D0A2020202020203C2F62706D6E64693A42504D4E456467653E0D0A2020202020203C62706D6E64693A42504D4E456467652062706D6E456C656D656E743D227369642D32414237433031412D353045452D344141432D384338462D463645313933354233444137222069643D2242504D4E456467655F7369642D32414237433031412D353045452D344141432D384338462D463645313933354233444137223E0D0A20202020202020203C6F6D6764693A776179706F696E7420783D223230312E302220793D223236302E30222F3E0D0A20202020202020203C6F6D6764693A776179706F696E7420783D223234302E302220793D223236302E30222F3E0D0A2020202020203C2F62706D6E64693A42504D4E456467653E0D0A2020202020203C62706D6E64693A42504D4E456467652062706D6E456C656D656E743D227369642D44343443414434332D303237312D343932302D413532342D394238353333453532353530222069643D2242504D4E456467655F7369642D44343443414434332D303237312D343932302D413532342D394238353333453532353530223E0D0A20202020202020203C6F6D6764693A776179706F696E7420783D223539352E302220793D223337302E30222F3E0D0A20202020202020203C6F6D6764693A776179706F696E7420783D223633302E302220793D223337302E30222F3E0D0A2020202020203C2F62706D6E64693A42504D4E456467653E0D0A2020202020203C62706D6E64693A42504D4E456467652062706D6E456C656D656E743D227369642D46413631383633362D333730382D344430432D383531342D323941344242384243393236222069643D2242504D4E456467655F7369642D46413631383633362D333730382D344430432D383531342D323941344242384243393236223E0D0A20202020202020203C6F6D6764693A776179706F696E7420783D223336352E302220793D223335302E30222F3E0D0A20202020202020203C6F6D6764693A776179706F696E7420783D223336352E302220793D223136342E30222F3E0D0A20202020202020203C6F6D6764693A776179706F696E7420783D223331312E302220793D223136342E30222F3E0D0A2020202020203C2F62706D6E64693A42504D4E456467653E0D0A2020202020203C62706D6E64693A42504D4E456467652062706D6E456C656D656E743D227369642D30324442324144392D313333322D343139382D414338442D323241333531363944313543222069643D2242504D4E456467655F7369642D30324442324144392D313333322D343139382D414338442D323241333531363944313543223E0D0A20202020202020203C6F6D6764693A776179706F696E7420783D223733302E302220793D223337302E30222F3E0D0A20202020202020203C6F6D6764693A776179706F696E7420783D223736352E302220793D223337302E30222F3E0D0A2020202020203C2F62706D6E64693A42504D4E456467653E0D0A2020202020203C62706D6E64693A42504D4E456467652062706D6E456C656D656E743D227369642D33364535304338422D364337432D343936382D423032442D454241413432354246344245222069643D2242504D4E456467655F7369642D33364535304338422D364337432D343936382D423032442D454241413432354246344245223E0D0A20202020202020203C6F6D6764693A776179706F696E7420783D2236302E302220793D223236302E30222F3E0D0A20202020202020203C6F6D6764693A776179706F696E7420783D223130352E302220793D223236302E30222F3E0D0A2020202020203C2F62706D6E64693A42504D4E456467653E0D0A2020202020203C62706D6E64693A42504D4E456467652062706D6E456C656D656E743D227369642D35333235383530322D343345452D344445382D423141342D444244313139323242384146222069643D2242504D4E456467655F7369642D35333235383530322D343345452D344445382D423141342D444244313139323242384146223E0D0A20202020202020203C6F6D6764693A776179706F696E7420783D223236302E302220793D223234302E30222F3E0D0A20202020202020203C6F6D6764693A776179706F696E7420783D223236302E302220793D223139332E30222F3E0D0A2020202020203C2F62706D6E64693A42504D4E456467653E0D0A2020202020203C62706D6E64693A42504D4E456467652062706D6E456C656D656E743D227369642D31363344424336302D444243392D343338422D393731412D363737333846423737313541222069643D2242504D4E456467655F7369642D31363344424336302D444243392D343338422D393731412D363737333846423737313541223E0D0A20202020202020203C6F6D6764693A776179706F696E7420783D223236302E302220793D223133352E30222F3E0D0A20202020202020203C6F6D6764693A776179706F696E7420783D223236302E302220793D2238352E30222F3E0D0A2020202020203C2F62706D6E64693A42504D4E456467653E0D0A2020202020203C62706D6E64693A42504D4E456467652062706D6E456C656D656E743D227369642D42444230414142322D374535302D344433352D383045452D434530424543444439463537222069643D2242504D4E456467655F7369642D42444230414142322D374535302D344433352D383045452D434530424543444439463537223E0D0A20202020202020203C6F6D6764693A776179706F696E7420783D223934302E302220793D223337302E30222F3E0D0A20202020202020203C6F6D6764693A776179706F696E7420783D223937352E302220793D223337302E30222F3E0D0A2020202020203C2F62706D6E64693A42504D4E456467653E0D0A2020202020203C62706D6E64693A42504D4E456467652062706D6E456C656D656E743D227369642D31353235424646342D334539442D344438412D424638302D314636334146453136323839222069643D2242504D4E456467655F7369642D31353235424646342D334539442D344438412D424638302D314636334146453136323839223E0D0A20202020202020203C6F6D6764693A776179706F696E7420783D223537352E302220793D223335302E30222F3E0D0A20202020202020203C6F6D6764693A776179706F696E7420783D223537352E302220793D223136342E30222F3E0D0A20202020202020203C6F6D6764693A776179706F696E7420783D223331312E302220793D223136342E30222F3E0D0A2020202020203C2F62706D6E64693A42504D4E456467653E0D0A2020202020203C62706D6E64693A42504D4E456467652062706D6E456C656D656E743D227369642D37323235384134312D323033452D343238432D423731442D434133353036323532443733222069643D2242504D4E456467655F7369642D37323235384134312D323033452D343238432D423731442D434133353036323532443733223E0D0A20202020202020203C6F6D6764693A776179706F696E7420783D223236302E302220793D223238302E30222F3E0D0A20202020202020203C6F6D6764693A776179706F696E7420783D223236302E302220793D223333302E30222F3E0D0A2020202020203C2F62706D6E64693A42504D4E456467653E0D0A202020203C2F62706D6E64693A42504D4E506C616E653E0D0A20203C2F62706D6E64693A42504D4E4469616772616D3E0D0A3C2F646566696E6974696F6E733E, '0');

-- ----------------------------
-- Table structure for `act_ge_property`
-- ----------------------------
DROP TABLE IF EXISTS `act_ge_property`;
CREATE TABLE `act_ge_property` (
  `NAME_` varchar(64) COLLATE utf8_bin NOT NULL,
  `VALUE_` varchar(300) COLLATE utf8_bin DEFAULT NULL,
  `REV_` int(11) DEFAULT NULL,
  PRIMARY KEY (`NAME_`)
) ENGINE=InnoDB DEFAULT CHARSET=utf8 COLLATE=utf8_bin;

-- ----------------------------
-- Records of act_ge_property
-- ----------------------------
INSERT INTO `act_ge_property` VALUES ('next.dbid', '1', '1');
INSERT INTO `act_ge_property` VALUES ('schema.history', 'create(5.21.0.0)', '1');
INSERT INTO `act_ge_property` VALUES ('schema.version', '5.21.0.0', '1');

-- ----------------------------
-- Table structure for `act_hi_actinst`
-- ----------------------------
DROP TABLE IF EXISTS `act_hi_actinst`;
CREATE TABLE `act_hi_actinst` (
  `ID_` varchar(64) COLLATE utf8_bin NOT NULL,
  `PROC_DEF_ID_` varchar(64) COLLATE utf8_bin NOT NULL,
  `PROC_INST_ID_` varchar(64) COLLATE utf8_bin NOT NULL,
  `EXECUTION_ID_` varchar(64) COLLATE utf8_bin NOT NULL,
  `ACT_ID_` varchar(255) COLLATE utf8_bin NOT NULL,
  `TASK_ID_` varchar(64) COLLATE utf8_bin DEFAULT NULL,
  `CALL_PROC_INST_ID_` varchar(64) COLLATE utf8_bin DEFAULT NULL,
  `ACT_NAME_` varchar(255) COLLATE utf8_bin DEFAULT NULL,
  `ACT_TYPE_` varchar(255) COLLATE utf8_bin NOT NULL,
  `ASSIGNEE_` varchar(255) COLLATE utf8_bin DEFAULT NULL,
  `START_TIME_` datetime(3) NOT NULL,
  `END_TIME_` datetime(3) DEFAULT NULL,
  `DURATION_` bigint(20) DEFAULT NULL,
  `TENANT_ID_` varchar(255) COLLATE utf8_bin DEFAULT '',
  PRIMARY KEY (`ID_`),
  KEY `ACT_IDX_HI_ACT_INST_START` (`START_TIME_`),
  KEY `ACT_IDX_HI_ACT_INST_END` (`END_TIME_`),
  KEY `ACT_IDX_HI_ACT_INST_PROCINST` (`PROC_INST_ID_`,`ACT_ID_`),
  KEY `ACT_IDX_HI_ACT_INST_EXEC` (`EXECUTION_ID_`,`ACT_ID_`)
) ENGINE=InnoDB DEFAULT CHARSET=utf8 COLLATE=utf8_bin;

-- ----------------------------
-- Records of act_hi_actinst
-- ----------------------------

-- ----------------------------
-- Table structure for `act_hi_attachment`
-- ----------------------------
DROP TABLE IF EXISTS `act_hi_attachment`;
CREATE TABLE `act_hi_attachment` (
  `ID_` varchar(64) COLLATE utf8_bin NOT NULL,
  `REV_` int(11) DEFAULT NULL,
  `USER_ID_` varchar(255) COLLATE utf8_bin DEFAULT NULL,
  `NAME_` varchar(255) COLLATE utf8_bin DEFAULT NULL,
  `DESCRIPTION_` varchar(4000) COLLATE utf8_bin DEFAULT NULL,
  `TYPE_` varchar(255) COLLATE utf8_bin DEFAULT NULL,
  `TASK_ID_` varchar(64) COLLATE utf8_bin DEFAULT NULL,
  `PROC_INST_ID_` varchar(64) COLLATE utf8_bin DEFAULT NULL,
  `URL_` varchar(4000) COLLATE utf8_bin DEFAULT NULL,
  `CONTENT_ID_` varchar(64) COLLATE utf8_bin DEFAULT NULL,
  `TIME_` datetime(3) DEFAULT NULL,
  PRIMARY KEY (`ID_`)
) ENGINE=InnoDB DEFAULT CHARSET=utf8 COLLATE=utf8_bin;

-- ----------------------------
-- Records of act_hi_attachment
-- ----------------------------

-- ----------------------------
-- Table structure for `act_hi_comment`
-- ----------------------------
DROP TABLE IF EXISTS `act_hi_comment`;
CREATE TABLE `act_hi_comment` (
  `ID_` varchar(64) COLLATE utf8_bin NOT NULL,
  `TYPE_` varchar(255) COLLATE utf8_bin DEFAULT NULL,
  `TIME_` datetime(3) NOT NULL,
  `USER_ID_` varchar(255) COLLATE utf8_bin DEFAULT NULL,
  `TASK_ID_` varchar(64) COLLATE utf8_bin DEFAULT NULL,
  `PROC_INST_ID_` varchar(64) COLLATE utf8_bin DEFAULT NULL,
  `ACTION_` varchar(255) COLLATE utf8_bin DEFAULT NULL,
  `MESSAGE_` varchar(4000) COLLATE utf8_bin DEFAULT NULL,
  `FULL_MSG_` longblob,
  PRIMARY KEY (`ID_`)
) ENGINE=InnoDB DEFAULT CHARSET=utf8 COLLATE=utf8_bin;

-- ----------------------------
-- Records of act_hi_comment
-- ----------------------------

-- ----------------------------
-- Table structure for `act_hi_detail`
-- ----------------------------
DROP TABLE IF EXISTS `act_hi_detail`;
CREATE TABLE `act_hi_detail` (
  `ID_` varchar(64) COLLATE utf8_bin NOT NULL,
  `TYPE_` varchar(255) COLLATE utf8_bin NOT NULL,
  `PROC_INST_ID_` varchar(64) COLLATE utf8_bin DEFAULT NULL,
  `EXECUTION_ID_` varchar(64) COLLATE utf8_bin DEFAULT NULL,
  `TASK_ID_` varchar(64) COLLATE utf8_bin DEFAULT NULL,
  `ACT_INST_ID_` varchar(64) COLLATE utf8_bin DEFAULT NULL,
  `NAME_` varchar(255) COLLATE utf8_bin NOT NULL,
  `VAR_TYPE_` varchar(255) COLLATE utf8_bin DEFAULT NULL,
  `REV_` int(11) DEFAULT NULL,
  `TIME_` datetime(3) NOT NULL,
  `BYTEARRAY_ID_` varchar(64) COLLATE utf8_bin DEFAULT NULL,
  `DOUBLE_` double DEFAULT NULL,
  `LONG_` bigint(20) DEFAULT NULL,
  `TEXT_` varchar(4000) COLLATE utf8_bin DEFAULT NULL,
  `TEXT2_` varchar(4000) COLLATE utf8_bin DEFAULT NULL,
  PRIMARY KEY (`ID_`),
  KEY `ACT_IDX_HI_DETAIL_PROC_INST` (`PROC_INST_ID_`),
  KEY `ACT_IDX_HI_DETAIL_ACT_INST` (`ACT_INST_ID_`),
  KEY `ACT_IDX_HI_DETAIL_TIME` (`TIME_`),
  KEY `ACT_IDX_HI_DETAIL_NAME` (`NAME_`),
  KEY `ACT_IDX_HI_DETAIL_TASK_ID` (`TASK_ID_`)
) ENGINE=InnoDB DEFAULT CHARSET=utf8 COLLATE=utf8_bin;

-- ----------------------------
-- Records of act_hi_detail
-- ----------------------------

-- ----------------------------
-- Table structure for `act_hi_identitylink`
-- ----------------------------
DROP TABLE IF EXISTS `act_hi_identitylink`;
CREATE TABLE `act_hi_identitylink` (
  `ID_` varchar(64) COLLATE utf8_bin NOT NULL,
  `GROUP_ID_` varchar(255) COLLATE utf8_bin DEFAULT NULL,
  `TYPE_` varchar(255) COLLATE utf8_bin DEFAULT NULL,
  `USER_ID_` varchar(255) COLLATE utf8_bin DEFAULT NULL,
  `TASK_ID_` varchar(64) COLLATE utf8_bin DEFAULT NULL,
  `PROC_INST_ID_` varchar(64) COLLATE utf8_bin DEFAULT NULL,
  PRIMARY KEY (`ID_`),
  KEY `ACT_IDX_HI_IDENT_LNK_USER` (`USER_ID_`),
  KEY `ACT_IDX_HI_IDENT_LNK_TASK` (`TASK_ID_`),
  KEY `ACT_IDX_HI_IDENT_LNK_PROCINST` (`PROC_INST_ID_`)
) ENGINE=InnoDB DEFAULT CHARSET=utf8 COLLATE=utf8_bin;

-- ----------------------------
-- Records of act_hi_identitylink
-- ----------------------------

-- ----------------------------
-- Table structure for `act_hi_procinst`
-- ----------------------------
DROP TABLE IF EXISTS `act_hi_procinst`;
CREATE TABLE `act_hi_procinst` (
  `ID_` varchar(64) COLLATE utf8_bin NOT NULL,
  `PROC_INST_ID_` varchar(64) COLLATE utf8_bin NOT NULL,
  `BUSINESS_KEY_` varchar(255) COLLATE utf8_bin DEFAULT NULL,
  `PROC_DEF_ID_` varchar(64) COLLATE utf8_bin NOT NULL,
  `START_TIME_` datetime(3) NOT NULL,
  `END_TIME_` datetime(3) DEFAULT NULL,
  `DURATION_` bigint(20) DEFAULT NULL,
  `START_USER_ID_` varchar(255) COLLATE utf8_bin DEFAULT NULL,
  `START_ACT_ID_` varchar(255) COLLATE utf8_bin DEFAULT NULL,
  `END_ACT_ID_` varchar(255) COLLATE utf8_bin DEFAULT NULL,
  `SUPER_PROCESS_INSTANCE_ID_` varchar(64) COLLATE utf8_bin DEFAULT NULL,
  `DELETE_REASON_` varchar(4000) COLLATE utf8_bin DEFAULT NULL,
  `TENANT_ID_` varchar(255) COLLATE utf8_bin DEFAULT '',
  `NAME_` varchar(255) COLLATE utf8_bin DEFAULT NULL,
  PRIMARY KEY (`ID_`),
  UNIQUE KEY `PROC_INST_ID_` (`PROC_INST_ID_`),
  KEY `ACT_IDX_HI_PRO_INST_END` (`END_TIME_`),
  KEY `ACT_IDX_HI_PRO_I_BUSKEY` (`BUSINESS_KEY_`)
) ENGINE=InnoDB DEFAULT CHARSET=utf8 COLLATE=utf8_bin;

-- ----------------------------
-- Records of act_hi_procinst
-- ----------------------------

-- ----------------------------
-- Table structure for `act_hi_taskinst`
-- ----------------------------
DROP TABLE IF EXISTS `act_hi_taskinst`;
CREATE TABLE `act_hi_taskinst` (
  `ID_` varchar(64) COLLATE utf8_bin NOT NULL,
  `PROC_DEF_ID_` varchar(64) COLLATE utf8_bin DEFAULT NULL,
  `TASK_DEF_KEY_` varchar(255) COLLATE utf8_bin DEFAULT NULL,
  `PROC_INST_ID_` varchar(64) COLLATE utf8_bin DEFAULT NULL,
  `EXECUTION_ID_` varchar(64) COLLATE utf8_bin DEFAULT NULL,
  `NAME_` varchar(255) COLLATE utf8_bin DEFAULT NULL,
  `PARENT_TASK_ID_` varchar(64) COLLATE utf8_bin DEFAULT NULL,
  `DESCRIPTION_` varchar(4000) COLLATE utf8_bin DEFAULT NULL,
  `OWNER_` varchar(255) COLLATE utf8_bin DEFAULT NULL,
  `ASSIGNEE_` varchar(255) COLLATE utf8_bin DEFAULT NULL,
  `START_TIME_` datetime(3) NOT NULL,
  `CLAIM_TIME_` datetime(3) DEFAULT NULL,
  `END_TIME_` datetime(3) DEFAULT NULL,
  `DURATION_` bigint(20) DEFAULT NULL,
  `DELETE_REASON_` varchar(4000) COLLATE utf8_bin DEFAULT NULL,
  `PRIORITY_` int(11) DEFAULT NULL,
  `DUE_DATE_` datetime(3) DEFAULT NULL,
  `FORM_KEY_` varchar(255) COLLATE utf8_bin DEFAULT NULL,
  `CATEGORY_` varchar(255) COLLATE utf8_bin DEFAULT NULL,
  `TENANT_ID_` varchar(255) COLLATE utf8_bin DEFAULT '',
  PRIMARY KEY (`ID_`),
  KEY `ACT_IDX_HI_TASK_INST_PROCINST` (`PROC_INST_ID_`)
) ENGINE=InnoDB DEFAULT CHARSET=utf8 COLLATE=utf8_bin;

-- ----------------------------
-- Records of act_hi_taskinst
-- ----------------------------

-- ----------------------------
-- Table structure for `act_hi_varinst`
-- ----------------------------
DROP TABLE IF EXISTS `act_hi_varinst`;
CREATE TABLE `act_hi_varinst` (
  `ID_` varchar(64) COLLATE utf8_bin NOT NULL,
  `PROC_INST_ID_` varchar(64) COLLATE utf8_bin DEFAULT NULL,
  `EXECUTION_ID_` varchar(64) COLLATE utf8_bin DEFAULT NULL,
  `TASK_ID_` varchar(64) COLLATE utf8_bin DEFAULT NULL,
  `NAME_` varchar(255) COLLATE utf8_bin NOT NULL,
  `VAR_TYPE_` varchar(100) COLLATE utf8_bin DEFAULT NULL,
  `REV_` int(11) DEFAULT NULL,
  `BYTEARRAY_ID_` varchar(64) COLLATE utf8_bin DEFAULT NULL,
  `DOUBLE_` double DEFAULT NULL,
  `LONG_` bigint(20) DEFAULT NULL,
  `TEXT_` varchar(4000) COLLATE utf8_bin DEFAULT NULL,
  `TEXT2_` varchar(4000) COLLATE utf8_bin DEFAULT NULL,
  `CREATE_TIME_` datetime(3) DEFAULT NULL,
  `LAST_UPDATED_TIME_` datetime(3) DEFAULT NULL,
  PRIMARY KEY (`ID_`),
  KEY `ACT_IDX_HI_PROCVAR_PROC_INST` (`PROC_INST_ID_`),
  KEY `ACT_IDX_HI_PROCVAR_NAME_TYPE` (`NAME_`,`VAR_TYPE_`),
  KEY `ACT_IDX_HI_PROCVAR_TASK_ID` (`TASK_ID_`)
) ENGINE=InnoDB DEFAULT CHARSET=utf8 COLLATE=utf8_bin;

-- ----------------------------
-- Records of act_hi_varinst
-- ----------------------------

-- ----------------------------
-- Table structure for `act_id_bytearray`
-- ----------------------------
DROP TABLE IF EXISTS `act_id_bytearray`;
CREATE TABLE `act_id_bytearray` (
  `ID_` varchar(64) COLLATE utf8_bin NOT NULL,
  `REV_` int(11) DEFAULT NULL,
  `NAME_` varchar(255) COLLATE utf8_bin DEFAULT NULL,
  `BYTES_` longblob,
  PRIMARY KEY (`ID_`) USING BTREE
) ENGINE=InnoDB DEFAULT CHARSET=utf8 COLLATE=utf8_bin;

-- ----------------------------
-- Records of act_id_bytearray
-- ----------------------------

-- ----------------------------
-- Table structure for `act_id_group`
-- ----------------------------
DROP TABLE IF EXISTS `act_id_group`;
CREATE TABLE `act_id_group` (
  `ID_` varchar(64) COLLATE utf8_bin NOT NULL,
  `REV_` int(11) DEFAULT NULL,
  `NAME_` varchar(255) COLLATE utf8_bin DEFAULT NULL,
  `TYPE_` varchar(255) COLLATE utf8_bin DEFAULT NULL,
  PRIMARY KEY (`ID_`)
) ENGINE=InnoDB DEFAULT CHARSET=utf8 COLLATE=utf8_bin;

-- ----------------------------
-- Records of act_id_group
-- ----------------------------

-- ----------------------------
-- Table structure for `act_id_info`
-- ----------------------------
DROP TABLE IF EXISTS `act_id_info`;
CREATE TABLE `act_id_info` (
  `ID_` varchar(64) COLLATE utf8_bin NOT NULL,
  `REV_` int(11) DEFAULT NULL,
  `USER_ID_` varchar(64) COLLATE utf8_bin DEFAULT NULL,
  `TYPE_` varchar(64) COLLATE utf8_bin DEFAULT NULL,
  `KEY_` varchar(255) COLLATE utf8_bin DEFAULT NULL,
  `VALUE_` varchar(255) COLLATE utf8_bin DEFAULT NULL,
  `PASSWORD_` longblob,
  `PARENT_ID_` varchar(255) COLLATE utf8_bin DEFAULT NULL,
  PRIMARY KEY (`ID_`)
) ENGINE=InnoDB DEFAULT CHARSET=utf8 COLLATE=utf8_bin;

-- ----------------------------
-- Records of act_id_info
-- ----------------------------

-- ----------------------------
-- Table structure for `act_id_membership`
-- ----------------------------
DROP TABLE IF EXISTS `act_id_membership`;
CREATE TABLE `act_id_membership` (
  `USER_ID_` varchar(64) COLLATE utf8_bin NOT NULL,
  `GROUP_ID_` varchar(64) COLLATE utf8_bin NOT NULL,
  PRIMARY KEY (`USER_ID_`,`GROUP_ID_`),
  KEY `ACT_FK_MEMB_GROUP` (`GROUP_ID_`),
  CONSTRAINT `ACT_FK_MEMB_GROUP` FOREIGN KEY (`GROUP_ID_`) REFERENCES `act_id_group` (`ID_`),
  CONSTRAINT `ACT_FK_MEMB_USER` FOREIGN KEY (`USER_ID_`) REFERENCES `act_id_user` (`ID_`)
) ENGINE=InnoDB DEFAULT CHARSET=utf8 COLLATE=utf8_bin;

-- ----------------------------
-- Records of act_id_membership
-- ----------------------------

-- ----------------------------
-- Table structure for `act_id_priv`
-- ----------------------------
DROP TABLE IF EXISTS `act_id_priv`;
CREATE TABLE `act_id_priv` (
  `ID_` varchar(64) COLLATE utf8_bin NOT NULL,
  `NAME_` varchar(255) COLLATE utf8_bin NOT NULL,
  PRIMARY KEY (`ID_`) USING BTREE,
  UNIQUE KEY `ACT_UNIQ_PRIV_NAME` (`NAME_`) USING BTREE
) ENGINE=InnoDB DEFAULT CHARSET=utf8 COLLATE=utf8_bin;

-- ----------------------------
-- Records of act_id_priv
-- ----------------------------

-- ----------------------------
-- Table structure for `act_id_priv_mapping`
-- ----------------------------
DROP TABLE IF EXISTS `act_id_priv_mapping`;
CREATE TABLE `act_id_priv_mapping` (
  `ID_` varchar(64) COLLATE utf8_bin NOT NULL,
  `PRIV_ID_` varchar(64) COLLATE utf8_bin NOT NULL,
  `USER_ID_` varchar(255) COLLATE utf8_bin DEFAULT NULL,
  `GROUP_ID_` varchar(255) COLLATE utf8_bin DEFAULT NULL,
  PRIMARY KEY (`ID_`) USING BTREE,
  KEY `ACT_FK_PRIV_MAPPING` (`PRIV_ID_`) USING BTREE,
  KEY `ACT_IDX_PRIV_USER` (`USER_ID_`) USING BTREE,
  KEY `ACT_IDX_PRIV_GROUP` (`GROUP_ID_`) USING BTREE,
  CONSTRAINT `ACT_FK_PRIV_MAPPING` FOREIGN KEY (`PRIV_ID_`) REFERENCES `act_id_priv` (`ID_`)
) ENGINE=InnoDB DEFAULT CHARSET=utf8 COLLATE=utf8_bin;

-- ----------------------------
-- Records of act_id_priv_mapping
-- ----------------------------

-- ----------------------------
-- Table structure for `act_id_property`
-- ----------------------------
DROP TABLE IF EXISTS `act_id_property`;
CREATE TABLE `act_id_property` (
  `NAME_` varchar(64) COLLATE utf8_bin NOT NULL,
  `VALUE_` varchar(300) COLLATE utf8_bin DEFAULT NULL,
  `REV_` int(11) DEFAULT NULL,
  PRIMARY KEY (`NAME_`) USING BTREE
) ENGINE=InnoDB DEFAULT CHARSET=utf8 COLLATE=utf8_bin;

-- ----------------------------
-- Records of act_id_property
-- ----------------------------
INSERT INTO `act_id_property` VALUES ('schema.version', '6.4.0.0', '1');

-- ----------------------------
-- Table structure for `act_id_token`
-- ----------------------------
DROP TABLE IF EXISTS `act_id_token`;
CREATE TABLE `act_id_token` (
  `ID_` varchar(64) COLLATE utf8_bin NOT NULL,
  `REV_` int(11) DEFAULT NULL,
  `TOKEN_VALUE_` varchar(255) COLLATE utf8_bin DEFAULT NULL,
  `TOKEN_DATE_` timestamp(3) NOT NULL DEFAULT CURRENT_TIMESTAMP(3) ON UPDATE CURRENT_TIMESTAMP(3),
  `IP_ADDRESS_` varchar(255) COLLATE utf8_bin DEFAULT NULL,
  `USER_AGENT_` varchar(255) COLLATE utf8_bin DEFAULT NULL,
  `USER_ID_` varchar(255) COLLATE utf8_bin DEFAULT NULL,
  `TOKEN_DATA_` varchar(2000) COLLATE utf8_bin DEFAULT NULL,
  PRIMARY KEY (`ID_`) USING BTREE
) ENGINE=InnoDB DEFAULT CHARSET=utf8 COLLATE=utf8_bin;

-- ----------------------------
-- Records of act_id_token
-- ----------------------------

-- ----------------------------
-- Table structure for `act_id_user`
-- ----------------------------
DROP TABLE IF EXISTS `act_id_user`;
CREATE TABLE `act_id_user` (
  `ID_` varchar(64) COLLATE utf8_bin NOT NULL,
  `REV_` int(11) DEFAULT NULL,
  `FIRST_` varchar(255) COLLATE utf8_bin DEFAULT NULL,
  `LAST_` varchar(255) COLLATE utf8_bin DEFAULT NULL,
  `EMAIL_` varchar(255) COLLATE utf8_bin DEFAULT NULL,
  `PWD_` varchar(255) COLLATE utf8_bin DEFAULT NULL,
  `PICTURE_ID_` varchar(64) COLLATE utf8_bin DEFAULT NULL,
  PRIMARY KEY (`ID_`)
) ENGINE=InnoDB DEFAULT CHARSET=utf8 COLLATE=utf8_bin;

-- ----------------------------
-- Records of act_id_user
-- ----------------------------

-- ----------------------------
-- Table structure for `act_procdef_info`
-- ----------------------------
DROP TABLE IF EXISTS `act_procdef_info`;
CREATE TABLE `act_procdef_info` (
  `ID_` varchar(64) COLLATE utf8_bin NOT NULL,
  `PROC_DEF_ID_` varchar(64) COLLATE utf8_bin NOT NULL,
  `REV_` int(11) DEFAULT NULL,
  `INFO_JSON_ID_` varchar(64) COLLATE utf8_bin DEFAULT NULL,
  PRIMARY KEY (`ID_`),
  UNIQUE KEY `ACT_UNIQ_INFO_PROCDEF` (`PROC_DEF_ID_`),
  KEY `ACT_IDX_INFO_PROCDEF` (`PROC_DEF_ID_`),
  KEY `ACT_FK_INFO_JSON_BA` (`INFO_JSON_ID_`),
  CONSTRAINT `ACT_FK_INFO_JSON_BA` FOREIGN KEY (`INFO_JSON_ID_`) REFERENCES `act_ge_bytearray` (`ID_`),
  CONSTRAINT `ACT_FK_INFO_PROCDEF` FOREIGN KEY (`PROC_DEF_ID_`) REFERENCES `act_re_procdef` (`ID_`)
) ENGINE=InnoDB DEFAULT CHARSET=utf8 COLLATE=utf8_bin;

-- ----------------------------
-- Records of act_procdef_info
-- ----------------------------

-- ----------------------------
-- Table structure for `act_re_deployment`
-- ----------------------------
DROP TABLE IF EXISTS `act_re_deployment`;
CREATE TABLE `act_re_deployment` (
  `ID_` varchar(64) COLLATE utf8_bin NOT NULL,
  `NAME_` varchar(255) COLLATE utf8_bin DEFAULT NULL,
  `CATEGORY_` varchar(255) COLLATE utf8_bin DEFAULT NULL,
  `TENANT_ID_` varchar(255) COLLATE utf8_bin DEFAULT '',
  `DEPLOY_TIME_` timestamp(3) NULL DEFAULT NULL,
  PRIMARY KEY (`ID_`)
) ENGINE=InnoDB DEFAULT CHARSET=utf8 COLLATE=utf8_bin;

-- ----------------------------
-- Records of act_re_deployment
-- ----------------------------
INSERT INTO `act_re_deployment` VALUES ('809b52df107d48c98625937c3f17b1e9', 'SpringAutoDeployment', null, '', '2017-11-14 15:12:37.285');

-- ----------------------------
-- Table structure for `act_re_model`
-- ----------------------------
DROP TABLE IF EXISTS `act_re_model`;
CREATE TABLE `act_re_model` (
  `ID_` varchar(64) COLLATE utf8_bin NOT NULL,
  `REV_` int(11) DEFAULT NULL,
  `NAME_` varchar(255) COLLATE utf8_bin DEFAULT NULL,
  `KEY_` varchar(255) COLLATE utf8_bin DEFAULT NULL,
  `CATEGORY_` varchar(255) COLLATE utf8_bin DEFAULT NULL,
  `CREATE_TIME_` timestamp(3) NULL DEFAULT NULL,
  `LAST_UPDATE_TIME_` timestamp(3) NULL DEFAULT NULL,
  `VERSION_` int(11) DEFAULT NULL,
  `META_INFO_` varchar(4000) COLLATE utf8_bin DEFAULT NULL,
  `DEPLOYMENT_ID_` varchar(64) COLLATE utf8_bin DEFAULT NULL,
  `EDITOR_SOURCE_VALUE_ID_` varchar(64) COLLATE utf8_bin DEFAULT NULL,
  `EDITOR_SOURCE_EXTRA_VALUE_ID_` varchar(64) COLLATE utf8_bin DEFAULT NULL,
  `TENANT_ID_` varchar(255) COLLATE utf8_bin DEFAULT '',
  PRIMARY KEY (`ID_`),
  KEY `ACT_FK_MODEL_SOURCE` (`EDITOR_SOURCE_VALUE_ID_`),
  KEY `ACT_FK_MODEL_SOURCE_EXTRA` (`EDITOR_SOURCE_EXTRA_VALUE_ID_`),
  KEY `ACT_FK_MODEL_DEPLOYMENT` (`DEPLOYMENT_ID_`),
  CONSTRAINT `ACT_FK_MODEL_DEPLOYMENT` FOREIGN KEY (`DEPLOYMENT_ID_`) REFERENCES `act_re_deployment` (`ID_`),
  CONSTRAINT `ACT_FK_MODEL_SOURCE` FOREIGN KEY (`EDITOR_SOURCE_VALUE_ID_`) REFERENCES `act_ge_bytearray` (`ID_`),
  CONSTRAINT `ACT_FK_MODEL_SOURCE_EXTRA` FOREIGN KEY (`EDITOR_SOURCE_EXTRA_VALUE_ID_`) REFERENCES `act_ge_bytearray` (`ID_`)
) ENGINE=InnoDB DEFAULT CHARSET=utf8 COLLATE=utf8_bin;

-- ----------------------------
-- Records of act_re_model
-- ----------------------------

-- ----------------------------
-- Table structure for `act_re_procdef`
-- ----------------------------
DROP TABLE IF EXISTS `act_re_procdef`;
CREATE TABLE `act_re_procdef` (
  `ID_` varchar(64) COLLATE utf8_bin NOT NULL,
  `REV_` int(11) DEFAULT NULL,
  `CATEGORY_` varchar(255) COLLATE utf8_bin DEFAULT NULL,
  `NAME_` varchar(255) COLLATE utf8_bin DEFAULT NULL,
  `KEY_` varchar(255) COLLATE utf8_bin NOT NULL,
  `VERSION_` int(11) NOT NULL,
  `DEPLOYMENT_ID_` varchar(64) COLLATE utf8_bin DEFAULT NULL,
  `RESOURCE_NAME_` varchar(4000) COLLATE utf8_bin DEFAULT NULL,
  `DGRM_RESOURCE_NAME_` varchar(4000) COLLATE utf8_bin DEFAULT NULL,
  `DESCRIPTION_` varchar(4000) COLLATE utf8_bin DEFAULT NULL,
  `HAS_START_FORM_KEY_` tinyint(4) DEFAULT NULL,
  `HAS_GRAPHICAL_NOTATION_` tinyint(4) DEFAULT NULL,
  `SUSPENSION_STATE_` int(11) DEFAULT NULL,
  `TENANT_ID_` varchar(255) COLLATE utf8_bin DEFAULT '',
  PRIMARY KEY (`ID_`),
  UNIQUE KEY `ACT_UNIQ_PROCDEF` (`KEY_`,`VERSION_`,`TENANT_ID_`)
) ENGINE=InnoDB DEFAULT CHARSET=utf8 COLLATE=utf8_bin;

-- ----------------------------
-- Records of act_re_procdef
-- ----------------------------
INSERT INTO `act_re_procdef` VALUES ('test_audit:1:a0b53ecd268c42b2ba57bca3f5d1078c', '1', 'http://www.activiti.org/test', '', 'test_audit', '1', '809b52df107d48c98625937c3f17b1e9', 'test_audit.bpmn20.xml', 'test_audit.png', null, '1', '1', '1', '');

-- ----------------------------
-- Table structure for `act_ru_deadletter_job`
-- ----------------------------
DROP TABLE IF EXISTS `act_ru_deadletter_job`;
CREATE TABLE `act_ru_deadletter_job` (
  `ID_` varchar(64) COLLATE utf8_bin NOT NULL,
  `REV_` int(11) DEFAULT NULL,
  `TYPE_` varchar(255) COLLATE utf8_bin NOT NULL,
  `EXCLUSIVE_` tinyint(1) DEFAULT NULL,
  `EXECUTION_ID_` varchar(64) COLLATE utf8_bin DEFAULT NULL,
  `PROCESS_INSTANCE_ID_` varchar(64) COLLATE utf8_bin DEFAULT NULL,
  `PROC_DEF_ID_` varchar(64) COLLATE utf8_bin DEFAULT NULL,
  `SCOPE_ID_` varchar(255) COLLATE utf8_bin DEFAULT NULL,
  `SUB_SCOPE_ID_` varchar(255) COLLATE utf8_bin DEFAULT NULL,
  `SCOPE_TYPE_` varchar(255) COLLATE utf8_bin DEFAULT NULL,
  `SCOPE_DEFINITION_ID_` varchar(255) COLLATE utf8_bin DEFAULT NULL,
  `EXCEPTION_STACK_ID_` varchar(64) COLLATE utf8_bin DEFAULT NULL,
  `EXCEPTION_MSG_` varchar(4000) COLLATE utf8_bin DEFAULT NULL,
  `DUEDATE_` timestamp(3) NULL DEFAULT NULL,
  `REPEAT_` varchar(255) COLLATE utf8_bin DEFAULT NULL,
  `HANDLER_TYPE_` varchar(255) COLLATE utf8_bin DEFAULT NULL,
  `HANDLER_CFG_` varchar(4000) COLLATE utf8_bin DEFAULT NULL,
  `CUSTOM_VALUES_ID_` varchar(64) COLLATE utf8_bin DEFAULT NULL,
  `CREATE_TIME_` timestamp(3) NULL DEFAULT NULL,
  `TENANT_ID_` varchar(255) COLLATE utf8_bin DEFAULT '',
  PRIMARY KEY (`ID_`) USING BTREE,
  KEY `ACT_IDX_DEADLETTER_JOB_EXCEPTION_STACK_ID` (`EXCEPTION_STACK_ID_`) USING BTREE,
  KEY `ACT_IDX_DEADLETTER_JOB_CUSTOM_VALUES_ID` (`CUSTOM_VALUES_ID_`) USING BTREE,
  KEY `ACT_IDX_DJOB_SCOPE` (`SCOPE_ID_`,`SCOPE_TYPE_`) USING BTREE,
  KEY `ACT_IDX_DJOB_SUB_SCOPE` (`SUB_SCOPE_ID_`,`SCOPE_TYPE_`) USING BTREE,
  KEY `ACT_IDX_DJOB_SCOPE_DEF` (`SCOPE_DEFINITION_ID_`,`SCOPE_TYPE_`) USING BTREE,
  KEY `ACT_FK_DEADLETTER_JOB_EXECUTION` (`EXECUTION_ID_`) USING BTREE,
  KEY `ACT_FK_DEADLETTER_JOB_PROCESS_INSTANCE` (`PROCESS_INSTANCE_ID_`) USING BTREE,
  KEY `ACT_FK_DEADLETTER_JOB_PROC_DEF` (`PROC_DEF_ID_`) USING BTREE,
  CONSTRAINT `ACT_FK_DEADLETTER_JOB_CUSTOM_VALUES` FOREIGN KEY (`CUSTOM_VALUES_ID_`) REFERENCES `act_ge_bytearray` (`ID_`),
  CONSTRAINT `ACT_FK_DEADLETTER_JOB_EXCEPTION` FOREIGN KEY (`EXCEPTION_STACK_ID_`) REFERENCES `act_ge_bytearray` (`ID_`),
  CONSTRAINT `ACT_FK_DEADLETTER_JOB_EXECUTION` FOREIGN KEY (`EXECUTION_ID_`) REFERENCES `act_ru_execution` (`ID_`),
  CONSTRAINT `ACT_FK_DEADLETTER_JOB_PROCESS_INSTANCE` FOREIGN KEY (`PROCESS_INSTANCE_ID_`) REFERENCES `act_ru_execution` (`ID_`),
  CONSTRAINT `ACT_FK_DEADLETTER_JOB_PROC_DEF` FOREIGN KEY (`PROC_DEF_ID_`) REFERENCES `act_re_procdef` (`ID_`)
) ENGINE=InnoDB DEFAULT CHARSET=utf8 COLLATE=utf8_bin;

-- ----------------------------
-- Records of act_ru_deadletter_job
-- ----------------------------

-- ----------------------------
-- Table structure for `act_ru_event_subscr`
-- ----------------------------
DROP TABLE IF EXISTS `act_ru_event_subscr`;
CREATE TABLE `act_ru_event_subscr` (
  `ID_` varchar(64) COLLATE utf8_bin NOT NULL,
  `REV_` int(11) DEFAULT NULL,
  `EVENT_TYPE_` varchar(255) COLLATE utf8_bin NOT NULL,
  `EVENT_NAME_` varchar(255) COLLATE utf8_bin DEFAULT NULL,
  `EXECUTION_ID_` varchar(64) COLLATE utf8_bin DEFAULT NULL,
  `PROC_INST_ID_` varchar(64) COLLATE utf8_bin DEFAULT NULL,
  `ACTIVITY_ID_` varchar(64) COLLATE utf8_bin DEFAULT NULL,
  `CONFIGURATION_` varchar(255) COLLATE utf8_bin DEFAULT NULL,
  `CREATED_` timestamp(3) NOT NULL DEFAULT CURRENT_TIMESTAMP(3),
  `PROC_DEF_ID_` varchar(64) COLLATE utf8_bin DEFAULT NULL,
  `TENANT_ID_` varchar(255) COLLATE utf8_bin DEFAULT '',
  PRIMARY KEY (`ID_`),
  KEY `ACT_IDX_EVENT_SUBSCR_CONFIG_` (`CONFIGURATION_`),
  KEY `ACT_FK_EVENT_EXEC` (`EXECUTION_ID_`),
  CONSTRAINT `ACT_FK_EVENT_EXEC` FOREIGN KEY (`EXECUTION_ID_`) REFERENCES `act_ru_execution` (`ID_`)
) ENGINE=InnoDB DEFAULT CHARSET=utf8 COLLATE=utf8_bin;

-- ----------------------------
-- Records of act_ru_event_subscr
-- ----------------------------

-- ----------------------------
-- Table structure for `act_ru_execution`
-- ----------------------------
DROP TABLE IF EXISTS `act_ru_execution`;
CREATE TABLE `act_ru_execution` (
  `ID_` varchar(64) COLLATE utf8_bin NOT NULL,
  `REV_` int(11) DEFAULT NULL,
  `PROC_INST_ID_` varchar(64) COLLATE utf8_bin DEFAULT NULL,
  `BUSINESS_KEY_` varchar(255) COLLATE utf8_bin DEFAULT NULL,
  `PARENT_ID_` varchar(64) COLLATE utf8_bin DEFAULT NULL,
  `PROC_DEF_ID_` varchar(64) COLLATE utf8_bin DEFAULT NULL,
  `SUPER_EXEC_` varchar(64) COLLATE utf8_bin DEFAULT NULL,
  `ACT_ID_` varchar(255) COLLATE utf8_bin DEFAULT NULL,
  `IS_ACTIVE_` tinyint(4) DEFAULT NULL,
  `IS_CONCURRENT_` tinyint(4) DEFAULT NULL,
  `IS_SCOPE_` tinyint(4) DEFAULT NULL,
  `IS_EVENT_SCOPE_` tinyint(4) DEFAULT NULL,
  `SUSPENSION_STATE_` int(11) DEFAULT NULL,
  `CACHED_ENT_STATE_` int(11) DEFAULT NULL,
  `TENANT_ID_` varchar(255) COLLATE utf8_bin DEFAULT '',
  `NAME_` varchar(255) COLLATE utf8_bin DEFAULT NULL,
  `LOCK_TIME_` timestamp(3) NULL DEFAULT NULL,
  PRIMARY KEY (`ID_`),
  KEY `ACT_IDX_EXEC_BUSKEY` (`BUSINESS_KEY_`),
  KEY `ACT_FK_EXE_PROCINST` (`PROC_INST_ID_`),
  KEY `ACT_FK_EXE_PARENT` (`PARENT_ID_`),
  KEY `ACT_FK_EXE_SUPER` (`SUPER_EXEC_`),
  KEY `ACT_FK_EXE_PROCDEF` (`PROC_DEF_ID_`),
  CONSTRAINT `ACT_FK_EXE_PARENT` FOREIGN KEY (`PARENT_ID_`) REFERENCES `act_ru_execution` (`ID_`),
  CONSTRAINT `ACT_FK_EXE_PROCDEF` FOREIGN KEY (`PROC_DEF_ID_`) REFERENCES `act_re_procdef` (`ID_`),
  CONSTRAINT `ACT_FK_EXE_PROCINST` FOREIGN KEY (`PROC_INST_ID_`) REFERENCES `act_ru_execution` (`ID_`) ON DELETE CASCADE ON UPDATE CASCADE,
  CONSTRAINT `ACT_FK_EXE_SUPER` FOREIGN KEY (`SUPER_EXEC_`) REFERENCES `act_ru_execution` (`ID_`)
) ENGINE=InnoDB DEFAULT CHARSET=utf8 COLLATE=utf8_bin;

-- ----------------------------
-- Records of act_ru_execution
-- ----------------------------

-- ----------------------------
-- Table structure for `act_ru_history_job`
-- ----------------------------
DROP TABLE IF EXISTS `act_ru_history_job`;
CREATE TABLE `act_ru_history_job` (
  `ID_` varchar(64) COLLATE utf8_bin NOT NULL,
  `REV_` int(11) DEFAULT NULL,
  `LOCK_EXP_TIME_` timestamp(3) NULL DEFAULT NULL,
  `LOCK_OWNER_` varchar(255) COLLATE utf8_bin DEFAULT NULL,
  `RETRIES_` int(11) DEFAULT NULL,
  `EXCEPTION_STACK_ID_` varchar(64) COLLATE utf8_bin DEFAULT NULL,
  `EXCEPTION_MSG_` varchar(4000) COLLATE utf8_bin DEFAULT NULL,
  `HANDLER_TYPE_` varchar(255) COLLATE utf8_bin DEFAULT NULL,
  `HANDLER_CFG_` varchar(4000) COLLATE utf8_bin DEFAULT NULL,
  `CUSTOM_VALUES_ID_` varchar(64) COLLATE utf8_bin DEFAULT NULL,
  `ADV_HANDLER_CFG_ID_` varchar(64) COLLATE utf8_bin DEFAULT NULL,
  `CREATE_TIME_` timestamp(3) NULL DEFAULT NULL,
  `SCOPE_TYPE_` varchar(255) COLLATE utf8_bin DEFAULT NULL,
  `TENANT_ID_` varchar(255) COLLATE utf8_bin DEFAULT '',
  PRIMARY KEY (`ID_`) USING BTREE
) ENGINE=InnoDB DEFAULT CHARSET=utf8 COLLATE=utf8_bin;

-- ----------------------------
-- Records of act_ru_history_job
-- ----------------------------

-- ----------------------------
-- Table structure for `act_ru_identitylink`
-- ----------------------------
DROP TABLE IF EXISTS `act_ru_identitylink`;
CREATE TABLE `act_ru_identitylink` (
  `ID_` varchar(64) COLLATE utf8_bin NOT NULL,
  `REV_` int(11) DEFAULT NULL,
  `GROUP_ID_` varchar(255) COLLATE utf8_bin DEFAULT NULL,
  `TYPE_` varchar(255) COLLATE utf8_bin DEFAULT NULL,
  `USER_ID_` varchar(255) COLLATE utf8_bin DEFAULT NULL,
  `TASK_ID_` varchar(64) COLLATE utf8_bin DEFAULT NULL,
  `PROC_INST_ID_` varchar(64) COLLATE utf8_bin DEFAULT NULL,
  `PROC_DEF_ID_` varchar(64) COLLATE utf8_bin DEFAULT NULL,
  PRIMARY KEY (`ID_`),
  KEY `ACT_IDX_IDENT_LNK_USER` (`USER_ID_`),
  KEY `ACT_IDX_IDENT_LNK_GROUP` (`GROUP_ID_`),
  KEY `ACT_IDX_ATHRZ_PROCEDEF` (`PROC_DEF_ID_`),
  KEY `ACT_FK_TSKASS_TASK` (`TASK_ID_`),
  KEY `ACT_FK_IDL_PROCINST` (`PROC_INST_ID_`),
  CONSTRAINT `ACT_FK_ATHRZ_PROCEDEF` FOREIGN KEY (`PROC_DEF_ID_`) REFERENCES `act_re_procdef` (`ID_`),
  CONSTRAINT `ACT_FK_IDL_PROCINST` FOREIGN KEY (`PROC_INST_ID_`) REFERENCES `act_ru_execution` (`ID_`),
  CONSTRAINT `ACT_FK_TSKASS_TASK` FOREIGN KEY (`TASK_ID_`) REFERENCES `act_ru_task` (`ID_`)
) ENGINE=InnoDB DEFAULT CHARSET=utf8 COLLATE=utf8_bin;

-- ----------------------------
-- Records of act_ru_identitylink
-- ----------------------------

-- ----------------------------
-- Table structure for `act_ru_job`
-- ----------------------------
DROP TABLE IF EXISTS `act_ru_job`;
CREATE TABLE `act_ru_job` (
  `ID_` varchar(64) COLLATE utf8_bin NOT NULL,
  `REV_` int(11) DEFAULT NULL,
  `TYPE_` varchar(255) COLLATE utf8_bin NOT NULL,
  `LOCK_EXP_TIME_` timestamp(3) NULL DEFAULT NULL,
  `LOCK_OWNER_` varchar(255) COLLATE utf8_bin DEFAULT NULL,
  `EXCLUSIVE_` tinyint(1) DEFAULT NULL,
  `EXECUTION_ID_` varchar(64) COLLATE utf8_bin DEFAULT NULL,
  `PROCESS_INSTANCE_ID_` varchar(64) COLLATE utf8_bin DEFAULT NULL,
  `PROC_DEF_ID_` varchar(64) COLLATE utf8_bin DEFAULT NULL,
  `RETRIES_` int(11) DEFAULT NULL,
  `EXCEPTION_STACK_ID_` varchar(64) COLLATE utf8_bin DEFAULT NULL,
  `EXCEPTION_MSG_` varchar(4000) COLLATE utf8_bin DEFAULT NULL,
  `DUEDATE_` timestamp(3) NULL DEFAULT NULL,
  `REPEAT_` varchar(255) COLLATE utf8_bin DEFAULT NULL,
  `HANDLER_TYPE_` varchar(255) COLLATE utf8_bin DEFAULT NULL,
  `HANDLER_CFG_` varchar(4000) COLLATE utf8_bin DEFAULT NULL,
  `TENANT_ID_` varchar(255) COLLATE utf8_bin DEFAULT '',
  PRIMARY KEY (`ID_`),
  KEY `ACT_FK_JOB_EXCEPTION` (`EXCEPTION_STACK_ID_`),
  CONSTRAINT `ACT_FK_JOB_EXCEPTION` FOREIGN KEY (`EXCEPTION_STACK_ID_`) REFERENCES `act_ge_bytearray` (`ID_`)
) ENGINE=InnoDB DEFAULT CHARSET=utf8 COLLATE=utf8_bin;

-- ----------------------------
-- Records of act_ru_job
-- ----------------------------

-- ----------------------------
-- Table structure for `act_ru_suspended_job`
-- ----------------------------
DROP TABLE IF EXISTS `act_ru_suspended_job`;
CREATE TABLE `act_ru_suspended_job` (
  `ID_` varchar(64) COLLATE utf8_bin NOT NULL,
  `REV_` int(11) DEFAULT NULL,
  `TYPE_` varchar(255) COLLATE utf8_bin NOT NULL,
  `EXCLUSIVE_` tinyint(1) DEFAULT NULL,
  `EXECUTION_ID_` varchar(64) COLLATE utf8_bin DEFAULT NULL,
  `PROCESS_INSTANCE_ID_` varchar(64) COLLATE utf8_bin DEFAULT NULL,
  `PROC_DEF_ID_` varchar(64) COLLATE utf8_bin DEFAULT NULL,
  `SCOPE_ID_` varchar(255) COLLATE utf8_bin DEFAULT NULL,
  `SUB_SCOPE_ID_` varchar(255) COLLATE utf8_bin DEFAULT NULL,
  `SCOPE_TYPE_` varchar(255) COLLATE utf8_bin DEFAULT NULL,
  `SCOPE_DEFINITION_ID_` varchar(255) COLLATE utf8_bin DEFAULT NULL,
  `RETRIES_` int(11) DEFAULT NULL,
  `EXCEPTION_STACK_ID_` varchar(64) COLLATE utf8_bin DEFAULT NULL,
  `EXCEPTION_MSG_` varchar(4000) COLLATE utf8_bin DEFAULT NULL,
  `DUEDATE_` timestamp(3) NULL DEFAULT NULL,
  `REPEAT_` varchar(255) COLLATE utf8_bin DEFAULT NULL,
  `HANDLER_TYPE_` varchar(255) COLLATE utf8_bin DEFAULT NULL,
  `HANDLER_CFG_` varchar(4000) COLLATE utf8_bin DEFAULT NULL,
  `CUSTOM_VALUES_ID_` varchar(64) COLLATE utf8_bin DEFAULT NULL,
  `CREATE_TIME_` timestamp(3) NULL DEFAULT NULL,
  `TENANT_ID_` varchar(255) COLLATE utf8_bin DEFAULT '',
  PRIMARY KEY (`ID_`) USING BTREE,
  KEY `ACT_IDX_SUSPENDED_JOB_EXCEPTION_STACK_ID` (`EXCEPTION_STACK_ID_`) USING BTREE,
  KEY `ACT_IDX_SUSPENDED_JOB_CUSTOM_VALUES_ID` (`CUSTOM_VALUES_ID_`) USING BTREE,
  KEY `ACT_IDX_SJOB_SCOPE` (`SCOPE_ID_`,`SCOPE_TYPE_`) USING BTREE,
  KEY `ACT_IDX_SJOB_SUB_SCOPE` (`SUB_SCOPE_ID_`,`SCOPE_TYPE_`) USING BTREE,
  KEY `ACT_IDX_SJOB_SCOPE_DEF` (`SCOPE_DEFINITION_ID_`,`SCOPE_TYPE_`) USING BTREE,
  KEY `ACT_FK_SUSPENDED_JOB_EXECUTION` (`EXECUTION_ID_`) USING BTREE,
  KEY `ACT_FK_SUSPENDED_JOB_PROCESS_INSTANCE` (`PROCESS_INSTANCE_ID_`) USING BTREE,
  KEY `ACT_FK_SUSPENDED_JOB_PROC_DEF` (`PROC_DEF_ID_`) USING BTREE,
  CONSTRAINT `ACT_FK_SUSPENDED_JOB_CUSTOM_VALUES` FOREIGN KEY (`CUSTOM_VALUES_ID_`) REFERENCES `act_ge_bytearray` (`ID_`),
  CONSTRAINT `ACT_FK_SUSPENDED_JOB_EXCEPTION` FOREIGN KEY (`EXCEPTION_STACK_ID_`) REFERENCES `act_ge_bytearray` (`ID_`),
  CONSTRAINT `ACT_FK_SUSPENDED_JOB_EXECUTION` FOREIGN KEY (`EXECUTION_ID_`) REFERENCES `act_ru_execution` (`ID_`),
  CONSTRAINT `ACT_FK_SUSPENDED_JOB_PROCESS_INSTANCE` FOREIGN KEY (`PROCESS_INSTANCE_ID_`) REFERENCES `act_ru_execution` (`ID_`),
  CONSTRAINT `ACT_FK_SUSPENDED_JOB_PROC_DEF` FOREIGN KEY (`PROC_DEF_ID_`) REFERENCES `act_re_procdef` (`ID_`)
) ENGINE=InnoDB DEFAULT CHARSET=utf8 COLLATE=utf8_bin;

-- ----------------------------
-- Records of act_ru_suspended_job
-- ----------------------------

-- ----------------------------
-- Table structure for `act_ru_task`
-- ----------------------------
DROP TABLE IF EXISTS `act_ru_task`;
CREATE TABLE `act_ru_task` (
  `ID_` varchar(64) COLLATE utf8_bin NOT NULL,
  `REV_` int(11) DEFAULT NULL,
  `EXECUTION_ID_` varchar(64) COLLATE utf8_bin DEFAULT NULL,
  `PROC_INST_ID_` varchar(64) COLLATE utf8_bin DEFAULT NULL,
  `PROC_DEF_ID_` varchar(64) COLLATE utf8_bin DEFAULT NULL,
  `NAME_` varchar(255) COLLATE utf8_bin DEFAULT NULL,
  `PARENT_TASK_ID_` varchar(64) COLLATE utf8_bin DEFAULT NULL,
  `DESCRIPTION_` varchar(4000) COLLATE utf8_bin DEFAULT NULL,
  `TASK_DEF_KEY_` varchar(255) COLLATE utf8_bin DEFAULT NULL,
  `OWNER_` varchar(255) COLLATE utf8_bin DEFAULT NULL,
  `ASSIGNEE_` varchar(255) COLLATE utf8_bin DEFAULT NULL,
  `DELEGATION_` varchar(64) COLLATE utf8_bin DEFAULT NULL,
  `PRIORITY_` int(11) DEFAULT NULL,
  `CREATE_TIME_` timestamp(3) NULL DEFAULT NULL,
  `DUE_DATE_` datetime(3) DEFAULT NULL,
  `CATEGORY_` varchar(255) COLLATE utf8_bin DEFAULT NULL,
  `SUSPENSION_STATE_` int(11) DEFAULT NULL,
  `TENANT_ID_` varchar(255) COLLATE utf8_bin DEFAULT '',
  `FORM_KEY_` varchar(255) COLLATE utf8_bin DEFAULT NULL,
  PRIMARY KEY (`ID_`),
  KEY `ACT_IDX_TASK_CREATE` (`CREATE_TIME_`),
  KEY `ACT_FK_TASK_EXE` (`EXECUTION_ID_`),
  KEY `ACT_FK_TASK_PROCINST` (`PROC_INST_ID_`),
  KEY `ACT_FK_TASK_PROCDEF` (`PROC_DEF_ID_`),
  CONSTRAINT `ACT_FK_TASK_EXE` FOREIGN KEY (`EXECUTION_ID_`) REFERENCES `act_ru_execution` (`ID_`),
  CONSTRAINT `ACT_FK_TASK_PROCDEF` FOREIGN KEY (`PROC_DEF_ID_`) REFERENCES `act_re_procdef` (`ID_`),
  CONSTRAINT `ACT_FK_TASK_PROCINST` FOREIGN KEY (`PROC_INST_ID_`) REFERENCES `act_ru_execution` (`ID_`)
) ENGINE=InnoDB DEFAULT CHARSET=utf8 COLLATE=utf8_bin;

-- ----------------------------
-- Records of act_ru_task
-- ----------------------------

-- ----------------------------
-- Table structure for `act_ru_timer_job`
-- ----------------------------
DROP TABLE IF EXISTS `act_ru_timer_job`;
CREATE TABLE `act_ru_timer_job` (
  `ID_` varchar(64) COLLATE utf8_bin NOT NULL,
  `REV_` int(11) DEFAULT NULL,
  `TYPE_` varchar(255) COLLATE utf8_bin NOT NULL,
  `LOCK_EXP_TIME_` timestamp(3) NULL DEFAULT NULL,
  `LOCK_OWNER_` varchar(255) COLLATE utf8_bin DEFAULT NULL,
  `EXCLUSIVE_` tinyint(1) DEFAULT NULL,
  `EXECUTION_ID_` varchar(64) COLLATE utf8_bin DEFAULT NULL,
  `PROCESS_INSTANCE_ID_` varchar(64) COLLATE utf8_bin DEFAULT NULL,
  `PROC_DEF_ID_` varchar(64) COLLATE utf8_bin DEFAULT NULL,
  `SCOPE_ID_` varchar(255) COLLATE utf8_bin DEFAULT NULL,
  `SUB_SCOPE_ID_` varchar(255) COLLATE utf8_bin DEFAULT NULL,
  `SCOPE_TYPE_` varchar(255) COLLATE utf8_bin DEFAULT NULL,
  `SCOPE_DEFINITION_ID_` varchar(255) COLLATE utf8_bin DEFAULT NULL,
  `RETRIES_` int(11) DEFAULT NULL,
  `EXCEPTION_STACK_ID_` varchar(64) COLLATE utf8_bin DEFAULT NULL,
  `EXCEPTION_MSG_` varchar(4000) COLLATE utf8_bin DEFAULT NULL,
  `DUEDATE_` timestamp(3) NULL DEFAULT NULL,
  `REPEAT_` varchar(255) COLLATE utf8_bin DEFAULT NULL,
  `HANDLER_TYPE_` varchar(255) COLLATE utf8_bin DEFAULT NULL,
  `HANDLER_CFG_` varchar(4000) COLLATE utf8_bin DEFAULT NULL,
  `CUSTOM_VALUES_ID_` varchar(64) COLLATE utf8_bin DEFAULT NULL,
  `CREATE_TIME_` timestamp(3) NULL DEFAULT NULL,
  `TENANT_ID_` varchar(255) COLLATE utf8_bin DEFAULT '',
  PRIMARY KEY (`ID_`) USING BTREE,
  KEY `ACT_IDX_TIMER_JOB_EXCEPTION_STACK_ID` (`EXCEPTION_STACK_ID_`) USING BTREE,
  KEY `ACT_IDX_TIMER_JOB_CUSTOM_VALUES_ID` (`CUSTOM_VALUES_ID_`) USING BTREE,
  KEY `ACT_IDX_TJOB_SCOPE` (`SCOPE_ID_`,`SCOPE_TYPE_`) USING BTREE,
  KEY `ACT_IDX_TJOB_SUB_SCOPE` (`SUB_SCOPE_ID_`,`SCOPE_TYPE_`) USING BTREE,
  KEY `ACT_IDX_TJOB_SCOPE_DEF` (`SCOPE_DEFINITION_ID_`,`SCOPE_TYPE_`) USING BTREE,
  KEY `ACT_FK_TIMER_JOB_EXECUTION` (`EXECUTION_ID_`) USING BTREE,
  KEY `ACT_FK_TIMER_JOB_PROCESS_INSTANCE` (`PROCESS_INSTANCE_ID_`) USING BTREE,
  KEY `ACT_FK_TIMER_JOB_PROC_DEF` (`PROC_DEF_ID_`) USING BTREE,
  CONSTRAINT `ACT_FK_TIMER_JOB_CUSTOM_VALUES` FOREIGN KEY (`CUSTOM_VALUES_ID_`) REFERENCES `act_ge_bytearray` (`ID_`),
  CONSTRAINT `ACT_FK_TIMER_JOB_EXCEPTION` FOREIGN KEY (`EXCEPTION_STACK_ID_`) REFERENCES `act_ge_bytearray` (`ID_`),
  CONSTRAINT `ACT_FK_TIMER_JOB_EXECUTION` FOREIGN KEY (`EXECUTION_ID_`) REFERENCES `act_ru_execution` (`ID_`),
  CONSTRAINT `ACT_FK_TIMER_JOB_PROCESS_INSTANCE` FOREIGN KEY (`PROCESS_INSTANCE_ID_`) REFERENCES `act_ru_execution` (`ID_`),
  CONSTRAINT `ACT_FK_TIMER_JOB_PROC_DEF` FOREIGN KEY (`PROC_DEF_ID_`) REFERENCES `act_re_procdef` (`ID_`)
) ENGINE=InnoDB DEFAULT CHARSET=utf8 COLLATE=utf8_bin;

-- ----------------------------
-- Records of act_ru_timer_job
-- ----------------------------

-- ----------------------------
-- Table structure for `act_ru_variable`
-- ----------------------------
DROP TABLE IF EXISTS `act_ru_variable`;
CREATE TABLE `act_ru_variable` (
  `ID_` varchar(64) COLLATE utf8_bin NOT NULL,
  `REV_` int(11) DEFAULT NULL,
  `TYPE_` varchar(255) COLLATE utf8_bin NOT NULL,
  `NAME_` varchar(255) COLLATE utf8_bin NOT NULL,
  `EXECUTION_ID_` varchar(64) COLLATE utf8_bin DEFAULT NULL,
  `PROC_INST_ID_` varchar(64) COLLATE utf8_bin DEFAULT NULL,
  `TASK_ID_` varchar(64) COLLATE utf8_bin DEFAULT NULL,
  `BYTEARRAY_ID_` varchar(64) COLLATE utf8_bin DEFAULT NULL,
  `DOUBLE_` double DEFAULT NULL,
  `LONG_` bigint(20) DEFAULT NULL,
  `TEXT_` varchar(4000) COLLATE utf8_bin DEFAULT NULL,
  `TEXT2_` varchar(4000) COLLATE utf8_bin DEFAULT NULL,
  PRIMARY KEY (`ID_`),
  KEY `ACT_IDX_VARIABLE_TASK_ID` (`TASK_ID_`),
  KEY `ACT_FK_VAR_EXE` (`EXECUTION_ID_`),
  KEY `ACT_FK_VAR_PROCINST` (`PROC_INST_ID_`),
  KEY `ACT_FK_VAR_BYTEARRAY` (`BYTEARRAY_ID_`),
  CONSTRAINT `ACT_FK_VAR_BYTEARRAY` FOREIGN KEY (`BYTEARRAY_ID_`) REFERENCES `act_ge_bytearray` (`ID_`),
  CONSTRAINT `ACT_FK_VAR_EXE` FOREIGN KEY (`EXECUTION_ID_`) REFERENCES `act_ru_execution` (`ID_`),
  CONSTRAINT `ACT_FK_VAR_PROCINST` FOREIGN KEY (`PROC_INST_ID_`) REFERENCES `act_ru_execution` (`ID_`)
) ENGINE=InnoDB DEFAULT CHARSET=utf8 COLLATE=utf8_bin;

-- ----------------------------
-- Records of act_ru_variable
-- ----------------------------

-- ----------------------------
-- Table structure for `cms_article`
-- ----------------------------
DROP TABLE IF EXISTS `cms_article`;
CREATE TABLE `cms_article` (
  `id` varchar(64) NOT NULL COMMENT '',
  `category_id` varchar(64) NOT NULL COMMENT '',
  `title` varchar(255) NOT NULL COMMENT '',
  `link` varchar(255) DEFAULT NULL COMMENT '',
  `color` varchar(50) DEFAULT NULL COMMENT '',
  `image` varchar(255) DEFAULT NULL COMMENT '',
  `keywords` varchar(255) DEFAULT NULL COMMENT '',
  `description` varchar(255) DEFAULT NULL COMMENT '',
  `weight` int(11) DEFAULT '0' COMMENT '',
  `weight_date` datetime DEFAULT NULL COMMENT '',
  `hits` int(11) DEFAULT '0' COMMENT '',
  `posid` varchar(10) DEFAULT NULL COMMENT '',
  `custom_content_view` varchar(255) DEFAULT NULL COMMENT '',
  `view_config` text COMMENT '',
  `create_by` varchar(64) DEFAULT NULL COMMENT '',
  `create_date` datetime DEFAULT NULL COMMENT '',
  `update_by` varchar(64) DEFAULT NULL COMMENT '',
  `update_date` datetime DEFAULT NULL COMMENT '',
  `remarks` varchar(255) DEFAULT NULL COMMENT '',
  `del_flag` char(1) NOT NULL DEFAULT '0' COMMENT '',
  PRIMARY KEY (`id`),
  KEY `cms_article_create_by` (`create_by`),
  KEY `cms_article_title` (`title`),
  KEY `cms_article_keywords` (`keywords`),
  KEY `cms_article_del_flag` (`del_flag`),
  KEY `cms_article_weight` (`weight`),
  KEY `cms_article_update_date` (`update_date`),
  KEY `cms_article_category_id` (`category_id`)
) ENGINE=InnoDB DEFAULT CHARSET=utf8 COMMENT='';

-- ----------------------------
-- Records of cms_article
-- ----------------------------
INSERT INTO `cms_article` VALUES ('1', '3', '', null, 'green', null, '1,2', null, '0', null, '0', null, null, null, '1', '2013-05-27 08:00:00', '1', '2013-05-27 08:00:00', null, '0');
INSERT INTO `cms_article` VALUES ('10', '4', '', null, null, null, '1,2', null, '0', null, '0', null, null, null, '1', '2013-05-27 08:00:00', '1', '2013-05-27 08:00:00', null, '0');
INSERT INTO `cms_article` VALUES ('11', '5', '', null, null, null, '1,2', null, '0', null, '0', null, null, null, '1', '2013-05-27 08:00:00', '1', '2013-05-27 08:00:00', null, '0');
INSERT INTO `cms_article` VALUES ('12', '5', '', null, null, null, '1,2', null, '0', null, '0', null, null, null, '1', '2013-05-27 08:00:00', '1', '2013-05-27 08:00:00', null, '0');
INSERT INTO `cms_article` VALUES ('13', '5', '', null, null, null, '1,2', null, '0', null, '0', null, null, null, '1', '2013-05-27 08:00:00', '1', '2013-05-27 08:00:00', null, '0');
INSERT INTO `cms_article` VALUES ('14', '7', '', null, null, null, '1,2', null, '0', null, '0', null, null, null, '1', '2013-05-27 08:00:00', '1', '2013-05-27 08:00:00', null, '0');
INSERT INTO `cms_article` VALUES ('15', '7', '', null, null, null, '1,2', null, '0', null, '0', null, null, null, '1', '2013-05-27 08:00:00', '1', '2013-05-27 08:00:00', null, '0');
INSERT INTO `cms_article` VALUES ('16', '7', '', null, null, null, '1,2', null, '0', null, '0', null, null, null, '1', '2013-05-27 08:00:00', '1', '2013-05-27 08:00:00', null, '0');
INSERT INTO `cms_article` VALUES ('17', '7', '', null, null, null, '1,2', null, '0', null, '0', null, null, null, '1', '2013-05-27 08:00:00', '1', '2013-05-27 08:00:00', null, '0');
INSERT INTO `cms_article` VALUES ('18', '8', '', null, null, null, '1,2', null, '0', null, '0', null, null, null, '1', '2013-05-27 08:00:00', '1', '2013-05-27 08:00:00', null, '0');
INSERT INTO `cms_article` VALUES ('19', '8', '', null, null, null, '1,2', null, '0', null, '0', null, null, null, '1', '2013-05-27 08:00:00', '1', '2013-05-27 08:00:00', null, '0');
INSERT INTO `cms_article` VALUES ('2', '3', '', null, 'red', null, '1,2', null, '0', null, '0', null, null, null, '1', '2013-05-27 08:00:00', '1', '2013-05-27 08:00:00', null, '0');
INSERT INTO `cms_article` VALUES ('20', '8', '', null, null, null, '1,2', null, '0', null, '0', null, null, null, '1', '2013-05-27 08:00:00', '1', '2013-05-27 08:00:00', null, '0');
INSERT INTO `cms_article` VALUES ('21', '8', '', null, null, null, '1,2', null, '0', null, '0', null, null, null, '1', '2013-05-27 08:00:00', '1', '2013-05-27 08:00:00', null, '0');
INSERT INTO `cms_article` VALUES ('22', '9', '', null, null, null, '1,2', null, '0', null, '0', null, null, null, '1', '2013-05-27 08:00:00', '1', '2013-05-27 08:00:00', null, '0');
INSERT INTO `cms_article` VALUES ('23', '9', '', null, null, null, '1,2', null, '0', null, '0', null, null, null, '1', '2013-05-27 08:00:00', '1', '2013-05-27 08:00:00', null, '0');
INSERT INTO `cms_article` VALUES ('24', '9', '', null, null, null, '1,2', null, '0', null, '0', null, null, null, '1', '2013-05-27 08:00:00', '1', '2013-05-27 08:00:00', null, '0');
INSERT INTO `cms_article` VALUES ('25', '9', '', null, null, null, '1,2', null, '0', null, '0', null, null, null, '1', '2013-05-27 08:00:00', '1', '2013-05-27 08:00:00', null, '0');
INSERT INTO `cms_article` VALUES ('26', '9', '', null, null, null, '1,2', null, '0', null, '0', null, null, null, '1', '2013-05-27 08:00:00', '1', '2013-05-27 08:00:00', null, '0');
INSERT INTO `cms_article` VALUES ('27', '11', '', null, null, null, '1,2', null, '0', null, '0', null, null, null, '1', '2013-05-27 08:00:00', '1', '2013-05-27 08:00:00', null, '0');
INSERT INTO `cms_article` VALUES ('28', '11', '', null, null, null, '1,2', null, '0', null, '0', null, null, null, '1', '2013-05-27 08:00:00', '1', '2013-05-27 08:00:00', null, '0');
INSERT INTO `cms_article` VALUES ('29', '11', '', null, null, null, '1,2', null, '0', null, '0', null, null, null, '1', '2013-05-27 08:00:00', '1', '2013-05-27 08:00:00', null, '0');
INSERT INTO `cms_article` VALUES ('3', '3', '', null, null, null, '1,2', null, '0', null, '0', null, null, null, '1', '2013-05-27 08:00:00', '1', '2013-05-27 08:00:00', null, '0');
INSERT INTO `cms_article` VALUES ('30', '11', '', null, null, null, '1,2', null, '0', null, '0', null, null, null, '1', '2013-05-27 08:00:00', '1', '2013-05-27 08:00:00', null, '0');
INSERT INTO `cms_article` VALUES ('31', '11', '', null, null, null, '1,2', null, '0', null, '0', null, null, null, '1', '2013-05-27 08:00:00', '1', '2013-05-27 08:00:00', null, '0');
INSERT INTO `cms_article` VALUES ('32', '12', '', null, null, null, '1,2', null, '0', null, '0', null, null, null, '1', '2013-05-27 08:00:00', '1', '2013-05-27 08:00:00', null, '0');
INSERT INTO `cms_article` VALUES ('33', '12', '', null, null, null, '1,2', null, '0', null, '0', null, null, null, '1', '2013-05-27 08:00:00', '1', '2013-05-27 08:00:00', null, '0');
INSERT INTO `cms_article` VALUES ('34', '12', '', null, null, null, '1,2', null, '0', null, '0', null, null, null, '1', '2013-05-27 08:00:00', '1', '2013-05-27 08:00:00', null, '0');
INSERT INTO `cms_article` VALUES ('35', '12', '', null, null, null, '1,2', null, '0', null, '0', null, null, null, '1', '2013-05-27 08:00:00', '1', '2013-05-27 08:00:00', null, '0');
INSERT INTO `cms_article` VALUES ('36', '12', '', null, null, null, '1,2', null, '0', null, '0', null, null, null, '1', '2013-05-27 08:00:00', '1', '2013-05-27 08:00:00', null, '0');
INSERT INTO `cms_article` VALUES ('37', '13', '', null, null, null, '1,2', null, '0', null, '0', null, null, null, '1', '2013-05-27 08:00:00', '1', '2013-05-27 08:00:00', null, '0');
INSERT INTO `cms_article` VALUES ('38', '13', '', null, null, null, '1,2', null, '0', null, '0', null, null, null, '1', '2013-05-27 08:00:00', '1', '2013-05-27 08:00:00', null, '0');
INSERT INTO `cms_article` VALUES ('39', '13', '', null, null, null, '1,2', null, '0', null, '0', null, null, null, '1', '2013-05-27 08:00:00', '1', '2013-05-27 08:00:00', null, '0');
INSERT INTO `cms_article` VALUES ('4', '3', '', null, 'green', null, '1,2', null, '0', null, '0', null, null, null, '1', '2013-05-27 08:00:00', '1', '2013-05-27 08:00:00', null, '0');
INSERT INTO `cms_article` VALUES ('40', '13', '', null, null, null, '1,2', null, '0', null, '0', null, null, null, '1', '2013-05-27 08:00:00', '1', '2013-05-27 08:00:00', null, '0');
INSERT INTO `cms_article` VALUES ('41', '14', '', null, null, null, '1,2', null, '0', null, '0', null, null, null, '1', '2013-05-27 08:00:00', '1', '2013-05-27 08:00:00', null, '0');
INSERT INTO `cms_article` VALUES ('42', '14', '', null, null, null, '1,2', null, '0', null, '0', null, null, null, '1', '2013-05-27 08:00:00', '1', '2013-05-27 08:00:00', null, '0');
INSERT INTO `cms_article` VALUES ('43', '14', '', null, null, null, '1,2', null, '0', null, '0', null, null, null, '1', '2013-05-27 08:00:00', '1', '2013-05-27 08:00:00', null, '0');
INSERT INTO `cms_article` VALUES ('44', '14', '', null, null, null, '1,2', null, '0', null, '0', null, null, null, '1', '2013-05-27 08:00:00', '1', '2013-05-27 08:00:00', null, '0');
INSERT INTO `cms_article` VALUES ('45', '14', '', null, null, null, '1,2', null, '0', null, '0', null, null, null, '1', '2013-05-27 08:00:00', '1', '2013-05-27 08:00:00', null, '0');
INSERT INTO `cms_article` VALUES ('46', '15', '', null, null, null, '1,2', null, '0', null, '0', null, null, null, '1', '2013-05-27 08:00:00', '1', '2013-05-27 08:00:00', null, '0');
INSERT INTO `cms_article` VALUES ('47', '15', '', null, null, null, '1,2', null, '0', null, '0', null, null, null, '1', '2013-05-27 08:00:00', '1', '2013-05-27 08:00:00', null, '0');
INSERT INTO `cms_article` VALUES ('48', '15', '', null, null, null, '1,2', null, '0', null, '0', null, null, null, '1', '2013-05-27 08:00:00', '1', '2013-05-27 08:00:00', null, '0');
INSERT INTO `cms_article` VALUES ('49', '16', '', null, null, null, '1,2', null, '0', null, '0', null, null, null, '1', '2013-05-27 08:00:00', '1', '2013-05-27 08:00:00', null, '0');
INSERT INTO `cms_article` VALUES ('5', '3', '', null, null, null, '1,2', null, '0', null, '0', null, null, null, '1', '2013-05-27 08:00:00', '1', '2013-05-27 08:00:00', null, '0');
INSERT INTO `cms_article` VALUES ('50', '17', '', null, null, null, '1,2', null, '0', null, '0', null, null, null, '1', '2013-05-27 08:00:00', '1', '2013-05-27 08:00:00', null, '0');
INSERT INTO `cms_article` VALUES ('51', '17', '', null, null, null, '1,2', null, '0', null, '0', null, null, null, '1', '2013-05-27 08:00:00', '1', '2013-05-27 08:00:00', null, '0');
INSERT INTO `cms_article` VALUES ('52', '26', '', null, null, null, '1,2', null, '0', null, '0', null, null, null, '1', '2013-05-27 08:00:00', '1', '2013-05-27 08:00:00', null, '0');
INSERT INTO `cms_article` VALUES ('53', '26', '', null, null, null, '1,2', null, '0', null, '0', null, null, null, '1', '2013-05-27 08:00:00', '1', '2013-05-27 08:00:00', null, '0');
INSERT INTO `cms_article` VALUES ('6', '3', '', null, null, null, '1,2', null, '0', null, '0', null, null, null, '1', '2013-05-27 08:00:00', '1', '2013-05-27 08:00:00', null, '0');
INSERT INTO `cms_article` VALUES ('7', '4', '', null, null, null, '1,2', null, '0', null, '0', null, null, null, '1', '2013-05-27 08:00:00', '1', '2013-05-27 08:00:00', null, '0');
INSERT INTO `cms_article` VALUES ('8', '4', '', null, 'blue', null, '1,2', null, '0', null, '0', null, null, null, '1', '2013-05-27 08:00:00', '1', '2013-05-27 08:00:00', null, '0');
INSERT INTO `cms_article` VALUES ('9', '4', '', null, null, null, '1,2', null, '0', null, '0', null, null, null, '1', '2013-05-27 08:00:00', '1', '2013-05-27 08:00:00', null, '0');

-- ----------------------------
-- Table structure for `cms_article_data`
-- ----------------------------
DROP TABLE IF EXISTS `cms_article_data`;
CREATE TABLE `cms_article_data` (
  `id` varchar(64) NOT NULL COMMENT '',
  `content` text COMMENT '',
  `copyfrom` varchar(255) DEFAULT NULL COMMENT '',
  `relation` varchar(255) DEFAULT NULL COMMENT '',
  `allow_comment` char(1) DEFAULT NULL COMMENT '',
  PRIMARY KEY (`id`)
) ENGINE=InnoDB DEFAULT CHARSET=utf8 COMMENT='';

-- ----------------------------
-- Records of cms_article_data
-- ----------------------------
INSERT INTO `cms_article_data` VALUES ('1', '', '', '1,2,3', '1');
INSERT INTO `cms_article_data` VALUES ('10', '', '', '1,2,3', '1');
INSERT INTO `cms_article_data` VALUES ('11', '', '', '1,2,3', '1');
INSERT INTO `cms_article_data` VALUES ('12', '', '', '1,2,3', '1');
INSERT INTO `cms_article_data` VALUES ('13', '', '', '1,2,3', '1');
INSERT INTO `cms_article_data` VALUES ('14', '', '', '1,2,3', '1');
INSERT INTO `cms_article_data` VALUES ('15', '', '', '1,2,3', '1');
INSERT INTO `cms_article_data` VALUES ('16', '', '', '1,2,3', '1');
INSERT INTO `cms_article_data` VALUES ('17', '', '', '1,2,3', '1');
INSERT INTO `cms_article_data` VALUES ('18', '', '', '1,2,3', '1');
INSERT INTO `cms_article_data` VALUES ('19', '', '', '1,2,3', '1');
INSERT INTO `cms_article_data` VALUES ('2', '', '', '1,2,3', '1');
INSERT INTO `cms_article_data` VALUES ('20', '', '', '1,2,3', '1');
INSERT INTO `cms_article_data` VALUES ('21', '', '', '1,2,3', '1');
INSERT INTO `cms_article_data` VALUES ('22', '', '', '1,2,3', '1');
INSERT INTO `cms_article_data` VALUES ('23', '', '', '1,2,3', '1');
INSERT INTO `cms_article_data` VALUES ('24', '', '', '1,2,3', '1');
INSERT INTO `cms_article_data` VALUES ('25', '', '', '1,2,3', '1');
INSERT INTO `cms_article_data` VALUES ('26', '', '', '1,2,3', '1');
INSERT INTO `cms_article_data` VALUES ('27', '', '', '1,2,3', '1');
INSERT INTO `cms_article_data` VALUES ('28', '', '', '1,2,3', '1');
INSERT INTO `cms_article_data` VALUES ('29', '', '', '1,2,3', '1');
INSERT INTO `cms_article_data` VALUES ('3', '', '', '1,2,3', '1');
INSERT INTO `cms_article_data` VALUES ('30', '', '', '1,2,3', '1');
INSERT INTO `cms_article_data` VALUES ('31', '', '', '1,2,3', '1');
INSERT INTO `cms_article_data` VALUES ('32', '', '', '1,2,3', '1');
INSERT INTO `cms_article_data` VALUES ('33', '', '', '1,2,3', '1');
INSERT INTO `cms_article_data` VALUES ('34', '', '', '1,2,3', '1');
INSERT INTO `cms_article_data` VALUES ('35', '', '', '1,2,3', '1');
INSERT INTO `cms_article_data` VALUES ('36', '', '', '1,2,3', '1');
INSERT INTO `cms_article_data` VALUES ('37', '', '', '1,2,3', '1');
INSERT INTO `cms_article_data` VALUES ('38', '', '', '1,2,3', '1');
INSERT INTO `cms_article_data` VALUES ('39', '', '', '1,2,3', '1');
INSERT INTO `cms_article_data` VALUES ('4', '', '', '1,2,3', '1');
INSERT INTO `cms_article_data` VALUES ('40', '', '', '1,2,3', '1');
INSERT INTO `cms_article_data` VALUES ('41', '', '', '1,2,3', '1');
INSERT INTO `cms_article_data` VALUES ('42', '', '', '1,2,3', '1');
INSERT INTO `cms_article_data` VALUES ('43', '', '', '1,2,3', '1');
INSERT INTO `cms_article_data` VALUES ('44', '', '', '1,2,3', '1');
INSERT INTO `cms_article_data` VALUES ('45', '', '', '1,2,3', '1');
INSERT INTO `cms_article_data` VALUES ('46', '', '', '1,2,3', '1');
INSERT INTO `cms_article_data` VALUES ('47', '', '', '1,2,3', '1');
INSERT INTO `cms_article_data` VALUES ('48', '', '', '1,2,3', '1');
INSERT INTO `cms_article_data` VALUES ('49', '', '', '1,2,3', '1');
INSERT INTO `cms_article_data` VALUES ('5', '', '', '1,2,3', '1');
INSERT INTO `cms_article_data` VALUES ('50', '', '', '1,2,3', '1');
INSERT INTO `cms_article_data` VALUES ('51', '', '', '1,2,3', '1');
INSERT INTO `cms_article_data` VALUES ('52', '', '', '1,2,3', '1');
INSERT INTO `cms_article_data` VALUES ('53', '', '', '1,2,3', '1');
INSERT INTO `cms_article_data` VALUES ('6', '', '', '1,2,3', '1');
INSERT INTO `cms_article_data` VALUES ('7', '', '', '1,2,3', '1');
INSERT INTO `cms_article_data` VALUES ('8', '', '', '1,2,3', '1');
INSERT INTO `cms_article_data` VALUES ('9', '', '', '1,2,3', '1');

-- ----------------------------
-- Table structure for `cms_category`
-- ----------------------------
DROP TABLE IF EXISTS `cms_category`;
CREATE TABLE `cms_category` (
  `id` varchar(64) NOT NULL COMMENT '',
  `parent_id` varchar(64) NOT NULL COMMENT '',
  `parent_ids` varchar(2000) NOT NULL COMMENT '',
  `site_id` varchar(64) DEFAULT '1' COMMENT '',
  `office_id` varchar(64) DEFAULT NULL COMMENT '',
  `module` varchar(20) DEFAULT NULL COMMENT '',
  `name` varchar(100) NOT NULL COMMENT '',
  `image` varchar(255) DEFAULT NULL COMMENT '',
  `href` varchar(255) DEFAULT NULL COMMENT '',
  `target` varchar(20) DEFAULT NULL COMMENT '',
  `description` varchar(255) DEFAULT NULL COMMENT '',
  `keywords` varchar(255) DEFAULT NULL COMMENT '',
  `sort` int(11) DEFAULT '30' COMMENT '',
  `in_menu` char(1) DEFAULT '1' COMMENT '',
  `in_list` char(1) DEFAULT '1' COMMENT '',
  `show_modes` char(1) DEFAULT '0' COMMENT '',
  `allow_comment` char(1) DEFAULT NULL COMMENT '',
  `is_audit` char(1) DEFAULT NULL COMMENT '',
  `custom_list_view` varchar(255) DEFAULT NULL COMMENT '',
  `custom_content_view` varchar(255) DEFAULT NULL COMMENT '',
  `view_config` text COMMENT '',
  `create_by` varchar(64) DEFAULT NULL COMMENT '',
  `create_date` datetime DEFAULT NULL COMMENT '',
  `update_by` varchar(64) DEFAULT NULL COMMENT '',
  `update_date` datetime DEFAULT NULL COMMENT '',
  `remarks` varchar(255) DEFAULT NULL COMMENT '',
  `del_flag` char(1) NOT NULL DEFAULT '0' COMMENT '',
  PRIMARY KEY (`id`),
  KEY `cms_category_parent_id` (`parent_id`),
  KEY `cms_category_module` (`module`),
  KEY `cms_category_name` (`name`),
  KEY `cms_category_sort` (`sort`),
  KEY `cms_category_del_flag` (`del_flag`),
  KEY `cms_category_office_id` (`office_id`),
  KEY `cms_category_site_id` (`site_id`)
) ENGINE=InnoDB DEFAULT CHARSET=utf8 COMMENT='';

-- ----------------------------
-- Records of cms_category
-- ----------------------------
INSERT INTO `cms_category` VALUES ('1', '0', '0,', '0', '1', null, '', null, null, null, null, null, '0', '1', '1', '0', '0', '1', null, null, null, '1', '2013-05-27 08:00:00', '1', '2013-05-27 08:00:00', null, '0');
INSERT INTO `cms_category` VALUES ('10', '1', '0,1,', '1', '4', 'article', '', null, null, null, null, null, '20', '1', '1', '0', '1', '0', null, null, null, '1', '2013-05-27 08:00:00', '1', '2013-05-27 08:00:00', null, '0');
INSERT INTO `cms_category` VALUES ('11', '10', '0,1,10,', '1', '4', 'article', '', null, null, null, null, null, '30', '1', '1', '0', '1', '0', null, null, null, '1', '2013-05-27 08:00:00', '1', '2013-05-27 08:00:00', null, '0');
INSERT INTO `cms_category` VALUES ('12', '10', '0,1,10,', '1', '4', 'article', '', null, null, null, null, null, '40', '1', '1', '0', '1', '0', null, null, null, '1', '2013-05-27 08:00:00', '1', '2013-05-27 08:00:00', null, '0');
INSERT INTO `cms_category` VALUES ('13', '10', '0,1,10,', '1', '4', 'article', '', null, null, null, null, null, '50', '1', '1', '0', '1', '0', null, null, null, '1', '2013-05-27 08:00:00', '1', '2013-05-27 08:00:00', null, '0');
INSERT INTO `cms_category` VALUES ('14', '10', '0,1,10,', '1', '4', 'article', '', null, null, null, null, null, '50', '1', '1', '0', '1', '0', null, null, null, '1', '2013-05-27 08:00:00', '1', '2013-05-27 08:00:00', null, '0');
INSERT INTO `cms_category` VALUES ('15', '10', '0,1,10,', '1', '4', 'article', '', null, null, null, null, null, '50', '1', '1', '0', '1', '0', null, null, null, '1', '2013-05-27 08:00:00', '1', '2013-05-27 08:00:00', null, '0');
INSERT INTO `cms_category` VALUES ('16', '10', '0,1,10,', '1', '4', 'article', '', null, null, null, null, null, '50', '1', '1', '0', '1', '0', null, null, null, '1', '2013-05-27 08:00:00', '1', '2013-05-27 08:00:00', null, '0');
INSERT INTO `cms_category` VALUES ('17', '10', '0,1,10,', '1', '4', 'article', '', null, null, null, null, null, '50', '1', '1', '2', '1', '0', null, null, null, '1', '2013-05-27 08:00:00', '1', '2013-05-27 08:00:00', null, '0');
INSERT INTO `cms_category` VALUES ('18', '1', '0,1,', '1', '5', 'link', '', null, null, null, null, null, '90', '1', '1', '0', '1', '0', null, null, null, '1', '2013-05-27 08:00:00', '1', '2013-05-27 08:00:00', null, '0');
INSERT INTO `cms_category` VALUES ('19', '18', '0,1,18,', '1', '5', 'link', '', null, null, null, null, null, '50', '1', '1', '0', '1', '0', null, null, null, '1', '2013-05-27 08:00:00', '1', '2013-05-27 08:00:00', null, '0');
INSERT INTO `cms_category` VALUES ('2', '1', '0,1,', '1', '3', 'article', '', null, null, null, null, null, '10', '1', '1', '0', '0', '1', null, null, null, '1', '2013-05-27 08:00:00', '1', '2013-05-27 08:00:00', null, '0');
INSERT INTO `cms_category` VALUES ('20', '18', '0,1,18,', '1', '5', 'link', '', null, null, null, null, null, '50', '1', '1', '0', '1', '0', null, null, null, '1', '2013-05-27 08:00:00', '1', '2013-05-27 08:00:00', null, '0');
INSERT INTO `cms_category` VALUES ('21', '18', '0,1,18,', '1', '5', 'link', '', null, null, null, null, null, '50', '1', '1', '0', '1', '0', null, null, null, '1', '2013-05-27 08:00:00', '1', '2013-05-27 08:00:00', null, '0');
INSERT INTO `cms_category` VALUES ('22', '18', '0,1,18,', '1', '5', 'link', '', null, null, null, null, null, '50', '1', '1', '0', '1', '0', null, null, null, '1', '2013-05-27 08:00:00', '1', '2013-05-27 08:00:00', null, '0');
INSERT INTO `cms_category` VALUES ('23', '18', '0,1,18,', '1', '5', 'link', '', null, null, null, null, null, '50', '1', '1', '0', '1', '0', null, null, null, '1', '2013-05-27 08:00:00', '1', '2013-05-27 08:00:00', null, '0');
INSERT INTO `cms_category` VALUES ('24', '1', '0,1,', '1', '6', null, '', null, 'http://www.baidu.com', '_blank', null, null, '90', '1', '1', '0', '1', '0', null, null, null, '1', '2013-05-27 08:00:00', '1', '2013-05-27 08:00:00', null, '0');
INSERT INTO `cms_category` VALUES ('25', '1', '0,1,', '1', '6', null, '', null, '/search', null, null, null, '90', '0', '1', '0', '1', '0', null, null, null, '1', '2013-05-27 08:00:00', '1', '2013-05-27 08:00:00', null, '0');
INSERT INTO `cms_category` VALUES ('26', '1', '0,1,', '2', '6', 'article', '', null, null, null, null, null, '90', '1', '1', '0', '1', '0', null, null, null, '1', '2013-05-27 08:00:00', '1', '2013-05-27 08:00:00', null, '0');
INSERT INTO `cms_category` VALUES ('27', '1', '0,1,', '1', '6', null, '', null, '/guestbook', null, null, null, '90', '1', '1', '0', '1', '0', null, null, null, '1', '2013-05-27 08:00:00', '1', '2013-05-27 08:00:00', null, '0');
INSERT INTO `cms_category` VALUES ('3', '2', '0,1,2,', '1', '3', 'article', '', null, null, null, null, null, '30', '1', '1', '0', '0', '1', null, null, null, '1', '2013-05-27 08:00:00', '1', '2013-05-27 08:00:00', null, '0');
INSERT INTO `cms_category` VALUES ('4', '2', '0,1,2,', '1', '3', 'article', '', null, null, null, null, null, '40', '1', '1', '0', '0', '1', null, null, null, '1', '2013-05-27 08:00:00', '1', '2013-05-27 08:00:00', null, '0');
INSERT INTO `cms_category` VALUES ('5', '2', '0,1,2,', '1', '3', 'article', '', null, null, null, null, null, '50', '1', '1', '0', '0', '1', null, null, null, '1', '2013-05-27 08:00:00', '1', '2013-05-27 08:00:00', null, '0');
INSERT INTO `cms_category` VALUES ('6', '1', '0,1,', '1', '3', 'article', '', null, null, null, null, null, '20', '1', '1', '1', '1', '0', null, null, null, '1', '2013-05-27 08:00:00', '1', '2013-05-27 08:00:00', null, '0');
INSERT INTO `cms_category` VALUES ('7', '6', '0,1,6,', '1', '3', 'article', '', null, null, null, null, null, '30', '1', '1', '0', '1', '0', null, null, null, '1', '2013-05-27 08:00:00', '1', '2013-05-27 08:00:00', null, '0');
INSERT INTO `cms_category` VALUES ('8', '6', '0,1,6,', '1', '3', 'article', '', null, null, null, null, null, '40', '1', '1', '0', '1', '0', null, null, null, '1', '2013-05-27 08:00:00', '1', '2013-05-27 08:00:00', null, '0');
INSERT INTO `cms_category` VALUES ('9', '6', '0,1,6,', '1', '3', 'article', '', null, null, null, null, null, '50', '1', '1', '0', '1', '0', null, null, null, '1', '2013-05-27 08:00:00', '1', '2013-05-27 08:00:00', null, '0');

-- ----------------------------
-- Table structure for `cms_comment`
-- ----------------------------
DROP TABLE IF EXISTS `cms_comment`;
CREATE TABLE `cms_comment` (
  `id` varchar(64) NOT NULL COMMENT '',
  `category_id` varchar(64) NOT NULL COMMENT '',
  `content_id` varchar(64) NOT NULL COMMENT '',
  `title` varchar(255) DEFAULT NULL COMMENT '',
  `content` varchar(255) DEFAULT NULL COMMENT '',
  `name` varchar(100) DEFAULT NULL COMMENT '',
  `ip` varchar(100) DEFAULT NULL COMMENT 'IP',
  `create_date` datetime NOT NULL COMMENT '',
  `audit_user_id` varchar(64) DEFAULT NULL COMMENT '',
  `audit_date` datetime DEFAULT NULL COMMENT '',
  `del_flag` char(1) NOT NULL DEFAULT '0' COMMENT '',
  PRIMARY KEY (`id`),
  KEY `cms_comment_category_id` (`category_id`),
  KEY `cms_comment_content_id` (`content_id`),
  KEY `cms_comment_status` (`del_flag`)
) ENGINE=InnoDB DEFAULT CHARSET=utf8 COMMENT='';

-- ----------------------------
-- Records of cms_comment
-- ----------------------------

-- ----------------------------
-- Table structure for `cms_guestbook`
-- ----------------------------
DROP TABLE IF EXISTS `cms_guestbook`;
CREATE TABLE `cms_guestbook` (
  `id` varchar(64) NOT NULL COMMENT '',
  `type` char(1) NOT NULL COMMENT '',
  `content` varchar(255) NOT NULL COMMENT '',
  `name` varchar(100) NOT NULL COMMENT '',
  `email` varchar(100) NOT NULL COMMENT '',
  `phone` varchar(100) NOT NULL COMMENT '',
  `workunit` varchar(100) NOT NULL COMMENT '',
  `ip` varchar(100) NOT NULL COMMENT 'IP',
  `create_date` datetime NOT NULL COMMENT '',
  `re_user_id` varchar(64) DEFAULT NULL COMMENT '',
  `re_date` datetime DEFAULT NULL COMMENT '',
  `re_content` varchar(100) DEFAULT NULL COMMENT '',
  `del_flag` char(1) NOT NULL DEFAULT '0' COMMENT '',
  PRIMARY KEY (`id`),
  KEY `cms_guestbook_del_flag` (`del_flag`)
) ENGINE=InnoDB DEFAULT CHARSET=utf8 COMMENT='';

-- ----------------------------
-- Records of cms_guestbook
-- ----------------------------

-- ----------------------------
-- Table structure for `cms_link`
-- ----------------------------
DROP TABLE IF EXISTS `cms_link`;
CREATE TABLE `cms_link` (
  `id` varchar(64) NOT NULL COMMENT '',
  `category_id` varchar(64) NOT NULL COMMENT '',
  `title` varchar(255) NOT NULL COMMENT '',
  `color` varchar(50) DEFAULT NULL COMMENT '',
  `image` varchar(255) DEFAULT NULL COMMENT '',
  `href` varchar(255) DEFAULT NULL COMMENT '',
  `weight` int(11) DEFAULT '0' COMMENT '',
  `weight_date` datetime DEFAULT NULL COMMENT '',
  `create_by` varchar(64) DEFAULT NULL COMMENT '',
  `create_date` datetime DEFAULT NULL COMMENT '',
  `update_by` varchar(64) DEFAULT NULL COMMENT '',
  `update_date` datetime DEFAULT NULL COMMENT '',
  `remarks` varchar(255) DEFAULT NULL COMMENT '',
  `del_flag` char(1) NOT NULL DEFAULT '0' COMMENT '',
  PRIMARY KEY (`id`),
  KEY `cms_link_category_id` (`category_id`),
  KEY `cms_link_title` (`title`),
  KEY `cms_link_del_flag` (`del_flag`),
  KEY `cms_link_weight` (`weight`),
  KEY `cms_link_create_by` (`create_by`),
  KEY `cms_link_update_date` (`update_date`)
) ENGINE=InnoDB DEFAULT CHARSET=utf8 COMMENT='';

-- ----------------------------
-- Records of cms_link
-- ----------------------------
INSERT INTO `cms_link` VALUES ('1', '19', 'JeeSite', null, null, 'http://thinkgem.github.com/jeesite', '0', null, '1', '2013-05-27 08:00:00', '1', '2013-05-27 08:00:00', null, '0');
INSERT INTO `cms_link` VALUES ('10', '22', '58', null, null, 'http://www.58.com/', '0', null, '1', '2013-05-27 08:00:00', '1', '2013-05-27 08:00:00', null, '0');
INSERT INTO `cms_link` VALUES ('11', '23', '', null, null, 'http://v.360.cn/', '0', null, '1', '2013-05-27 08:00:00', '1', '2013-05-27 08:00:00', null, '0');
INSERT INTO `cms_link` VALUES ('12', '23', '', null, null, 'http://www.ifeng.com/', '0', null, '1', '2013-05-27 08:00:00', '1', '2013-05-27 08:00:00', null, '0');
INSERT INTO `cms_link` VALUES ('2', '19', 'ThinkGem', null, null, 'http://thinkgem.iteye.com/', '0', null, '1', '2013-05-27 08:00:00', '1', '2013-05-27 08:00:00', null, '0');
INSERT INTO `cms_link` VALUES ('3', '19', '', null, null, 'http://www.baidu.com', '0', null, '1', '2013-05-27 08:00:00', '1', '2013-05-27 08:00:00', null, '0');
INSERT INTO `cms_link` VALUES ('4', '19', '', null, null, 'http://www.google.com', '0', null, '1', '2013-05-27 08:00:00', '1', '2013-05-27 08:00:00', null, '0');
INSERT INTO `cms_link` VALUES ('5', '20', '', null, null, 'http://www.sina.com.cn', '0', null, '1', '2013-05-27 08:00:00', '1', '2013-05-27 08:00:00', null, '0');
INSERT INTO `cms_link` VALUES ('6', '20', '', null, null, 'http://www.qq.com/', '0', null, '1', '2013-05-27 08:00:00', '1', '2013-05-27 08:00:00', null, '0');
INSERT INTO `cms_link` VALUES ('7', '21', '', null, null, 'http://www.taobao.com/', '0', null, '1', '2013-05-27 08:00:00', '1', '2013-05-27 08:00:00', null, '0');
INSERT INTO `cms_link` VALUES ('8', '21', '', null, null, 'http://www.xinhuanet.com/', '0', null, '1', '2013-05-27 08:00:00', '1', '2013-05-27 08:00:00', null, '0');
INSERT INTO `cms_link` VALUES ('9', '22', '', null, null, 'http://www.ganji.com/', '0', null, '1', '2013-05-27 08:00:00', '1', '2013-05-27 08:00:00', null, '0');

-- ----------------------------
-- Table structure for `cms_site`
-- ----------------------------
DROP TABLE IF EXISTS `cms_site`;
CREATE TABLE `cms_site` (
  `id` varchar(64) NOT NULL COMMENT '',
  `name` varchar(100) NOT NULL COMMENT '',
  `title` varchar(100) NOT NULL COMMENT '',
  `logo` varchar(255) DEFAULT NULL COMMENT 'Logo',
  `domain` varchar(255) DEFAULT NULL COMMENT '',
  `description` varchar(255) DEFAULT NULL COMMENT '',
  `keywords` varchar(255) DEFAULT NULL COMMENT '',
  `theme` varchar(255) DEFAULT 'default' COMMENT '',
  `copyright` text COMMENT '',
  `custom_index_view` varchar(255) DEFAULT NULL COMMENT '',
  `create_by` varchar(64) DEFAULT NULL COMMENT '',
  `create_date` datetime DEFAULT NULL COMMENT '',
  `update_by` varchar(64) DEFAULT NULL COMMENT '',
  `update_date` datetime DEFAULT NULL COMMENT '',
  `remarks` varchar(255) DEFAULT NULL COMMENT '',
  `del_flag` char(1) NOT NULL DEFAULT '0' COMMENT '',
  PRIMARY KEY (`id`),
  KEY `cms_site_del_flag` (`del_flag`)
) ENGINE=InnoDB DEFAULT CHARSET=utf8 COMMENT='';

-- ----------------------------
-- Records of cms_site
-- ----------------------------
INSERT INTO `cms_site` VALUES ('1', '', 'JeeSite Web', null, null, 'JeeSite', 'JeeSite', 'basic', 'Copyright &copy; 2012-2013 <a href=\'http://thinkgem.iteye.com\' target=\'_blank\'>ThinkGem</a> - Powered By <a href=\'https://github.com/thinkgem/jeesite\' target=\'_blank\'>JeeSite</a> V1.0', null, '1', '2013-05-27 08:00:00', '1', '2013-05-27 08:00:00', null, '0');
INSERT INTO `cms_site` VALUES ('2', '', 'JeeSite Subsite', null, null, 'JeeSite subsite', 'JeeSite subsite', 'basic', 'Copyright &copy; 2012-2013 <a href=\'http://thinkgem.iteye.com\' target=\'_blank\'>ThinkGem</a> - Powered By <a href=\'https://github.com/thinkgem/jeesite\' target=\'_blank\'>JeeSite</a> V1.0', null, '1', '2013-05-27 08:00:00', '1', '2013-05-27 08:00:00', null, '0');

-- ----------------------------
-- Table structure for `diancan`
-- ----------------------------
DROP TABLE IF EXISTS `diancan`;
CREATE TABLE `diancan` (
  `id` varchar(64) COLLATE utf8_bin NOT NULL COMMENT '',
  `yonghuming` varchar(255) COLLATE utf8_bin DEFAULT NULL COMMENT '',
  `shoujihao` varchar(255) COLLATE utf8_bin DEFAULT NULL COMMENT '',
  `bumen` varchar(255) COLLATE utf8_bin DEFAULT NULL COMMENT '',
  `yunxingzhi` varchar(255) COLLATE utf8_bin DEFAULT NULL COMMENT '',
  `zaocan` varchar(255) COLLATE utf8_bin DEFAULT NULL COMMENT '',
  `wucan` varchar(255) COLLATE utf8_bin DEFAULT NULL COMMENT '',
  `wancan` varchar(255) COLLATE utf8_bin DEFAULT NULL COMMENT '',
  `yexiao` varchar(255) COLLATE utf8_bin DEFAULT NULL COMMENT '',
  `create_by` varchar(64) COLLATE utf8_bin DEFAULT NULL COMMENT '',
  `create_date` datetime DEFAULT NULL COMMENT '',
  `update_by` varchar(64) COLLATE utf8_bin DEFAULT NULL COMMENT '',
  `update_date` datetime DEFAULT NULL COMMENT '',
  `remarks` varchar(255) COLLATE utf8_bin DEFAULT NULL COMMENT '',
  `del_flag` char(1) COLLATE utf8_bin NOT NULL DEFAULT '0' COMMENT '01',
  PRIMARY KEY (`id`) USING BTREE
) ENGINE=InnoDB DEFAULT CHARSET=utf8 COLLATE=utf8_bin;

-- ----------------------------
-- Records of diancan
-- ----------------------------
INSERT INTO `diancan` VALUES ('965407937a4f44e8b1fe5d21e842fce7', '', '13400561589', '', '6', '', '', '', '', '1', '2019-04-11 18:10:21', '1', '2019-04-11 18:10:21', '', '0');

-- ----------------------------
-- Table structure for `gen_scheme`
-- ----------------------------
DROP TABLE IF EXISTS `gen_scheme`;
CREATE TABLE `gen_scheme` (
  `id` varchar(64) NOT NULL COMMENT '',
  `name` varchar(200) DEFAULT NULL COMMENT '',
  `category` varchar(2000) DEFAULT NULL COMMENT '',
  `package_name` varchar(500) DEFAULT NULL COMMENT '',
  `module_name` varchar(30) DEFAULT NULL COMMENT '',
  `sub_module_name` varchar(30) DEFAULT NULL COMMENT '',
  `function_name` varchar(500) DEFAULT NULL COMMENT '',
  `function_name_simple` varchar(100) DEFAULT NULL COMMENT '',
  `function_author` varchar(100) DEFAULT NULL COMMENT '',
  `gen_table_id` varchar(200) DEFAULT NULL COMMENT '',
  `create_by` varchar(64) DEFAULT NULL COMMENT '',
  `create_date` datetime DEFAULT NULL COMMENT '',
  `update_by` varchar(64) DEFAULT NULL COMMENT '',
  `update_date` datetime DEFAULT NULL COMMENT '',
  `remarks` varchar(255) DEFAULT NULL COMMENT '',
  `del_flag` char(1) NOT NULL DEFAULT '0' COMMENT '01',
  PRIMARY KEY (`id`),
  KEY `gen_scheme_del_flag` (`del_flag`)
) ENGINE=InnoDB DEFAULT CHARSET=utf8 COMMENT='';

-- ----------------------------
-- Records of gen_scheme
-- ----------------------------
INSERT INTO `gen_scheme` VALUES ('35a13dc260284a728a270db3f382664b', '', 'treeTable', 'com.thinkgem.jeesite.modules', 'test', null, '', '', 'ThinkGem', 'f6e4dafaa72f4c509636484715f33a96', '1', '2013-08-12 13:10:05', '1', '2013-08-12 13:10:05', null, '0');
INSERT INTO `gen_scheme` VALUES ('9c9de9db6da743bb899036c6546061ac', '', 'curd', 'com.thinkgem.jeesite.modules', 'test', null, '', '', 'ThinkGem', 'aef6f1fc948f4c9ab1c1b780bc471cc2', '1', '2013-08-12 13:10:05', '1', '2013-08-12 13:10:05', null, '0');
INSERT INTO `gen_scheme` VALUES ('e6d905fd236b46d1af581dd32bdfb3b0', '', 'curd_many', 'com.thinkgem.jeesite.modules', 'test', null, '', '', 'ThinkGem', '43d6d5acffa14c258340ce6765e46c6f', '1', '2013-08-12 13:10:05', '1', '2013-08-12 13:10:05', null, '0');

-- ----------------------------
-- Table structure for `gen_table`
-- ----------------------------
DROP TABLE IF EXISTS `gen_table`;
CREATE TABLE `gen_table` (
  `id` varchar(64) NOT NULL COMMENT '',
  `name` varchar(200) DEFAULT NULL COMMENT '',
  `comments` varchar(500) DEFAULT NULL COMMENT '',
  `class_name` varchar(100) DEFAULT NULL COMMENT '',
  `parent_table` varchar(200) DEFAULT NULL COMMENT '',
  `parent_table_fk` varchar(100) DEFAULT NULL COMMENT '',
  `create_by` varchar(64) DEFAULT NULL COMMENT '',
  `create_date` datetime DEFAULT NULL COMMENT '',
  `update_by` varchar(64) DEFAULT NULL COMMENT '',
  `update_date` datetime DEFAULT NULL COMMENT '',
  `remarks` varchar(255) DEFAULT NULL COMMENT '',
  `del_flag` char(1) NOT NULL DEFAULT '0' COMMENT '01',
  PRIMARY KEY (`id`),
  KEY `gen_table_name` (`name`),
  KEY `gen_table_del_flag` (`del_flag`)
) ENGINE=InnoDB DEFAULT CHARSET=utf8 COMMENT='';

-- ----------------------------
-- Records of gen_table
-- ----------------------------
INSERT INTO `gen_table` VALUES ('43d6d5acffa14c258340ce6765e46c6f', 'test_data_main', '', 'TestDataMain', null, null, '1', '2013-08-12 13:10:05', '1', '2013-08-12 13:10:05', null, '0');
INSERT INTO `gen_table` VALUES ('6e05c389f3c6415ea34e55e9dfb28934', 'test_data_child', '', 'TestDataChild', 'test_data_main', 'test_data_main_id', '1', '2013-08-12 13:10:05', '1', '2013-08-12 13:10:05', null, '0');
INSERT INTO `gen_table` VALUES ('aef6f1fc948f4c9ab1c1b780bc471cc2', 'test_data', '', 'TestData', null, null, '1', '2013-08-12 13:10:05', '1', '2013-08-12 13:10:05', null, '0');
INSERT INTO `gen_table` VALUES ('f6e4dafaa72f4c509636484715f33a96', 'test_tree', '', 'TestTree', null, null, '1', '2013-08-12 13:10:05', '1', '2013-08-12 13:10:05', null, '0');

-- ----------------------------
-- Table structure for `gen_table_column`
-- ----------------------------
DROP TABLE IF EXISTS `gen_table_column`;
CREATE TABLE `gen_table_column` (
  `id` varchar(64) NOT NULL COMMENT '',
  `gen_table_id` varchar(64) DEFAULT NULL COMMENT '',
  `name` varchar(200) DEFAULT NULL COMMENT '',
  `comments` varchar(500) DEFAULT NULL COMMENT '',
  `jdbc_type` varchar(100) DEFAULT NULL COMMENT '',
  `java_type` varchar(500) DEFAULT NULL COMMENT 'JAVA',
  `java_field` varchar(200) DEFAULT NULL COMMENT 'JAVA',
  `is_pk` char(1) DEFAULT NULL COMMENT '',
  `is_null` char(1) DEFAULT NULL COMMENT '',
  `is_insert` char(1) DEFAULT NULL COMMENT '',
  `is_edit` char(1) DEFAULT NULL COMMENT '',
  `is_list` char(1) DEFAULT NULL COMMENT '',
  `is_query` char(1) DEFAULT NULL COMMENT '',
  `query_type` varchar(200) DEFAULT NULL COMMENT 'LIKELIKELIKE',
  `show_type` varchar(200) DEFAULT NULL COMMENT '',
  `dict_type` varchar(200) DEFAULT NULL COMMENT '',
  `settings` varchar(2000) DEFAULT NULL COMMENT 'JSON',
  `sort` decimal(10,0) DEFAULT NULL COMMENT '',
  `create_by` varchar(64) DEFAULT NULL COMMENT '',
  `create_date` datetime DEFAULT NULL COMMENT '',
  `update_by` varchar(64) DEFAULT NULL COMMENT '',
  `update_date` datetime DEFAULT NULL COMMENT '',
  `remarks` varchar(255) DEFAULT NULL COMMENT '',
  `del_flag` char(1) NOT NULL DEFAULT '0' COMMENT '01',
  PRIMARY KEY (`id`),
  KEY `gen_table_column_table_id` (`gen_table_id`),
  KEY `gen_table_column_name` (`name`),
  KEY `gen_table_column_sort` (`sort`),
  KEY `gen_table_column_del_flag` (`del_flag`)
) ENGINE=InnoDB DEFAULT CHARSET=utf8 COMMENT='';

-- ----------------------------
-- Records of gen_table_column
-- ----------------------------
INSERT INTO `gen_table_column` VALUES ('0902a0cb3e8f434280c20e9d771d0658', 'aef6f1fc948f4c9ab1c1b780bc471cc2', 'sex', '', 'char(1)', 'String', 'sex', '0', '1', '1', '1', '1', '1', '=', 'radiobox', 'sex', null, '6', '1', '2013-08-12 13:10:05', '1', '2013-08-12 13:10:05', null, '0');
INSERT INTO `gen_table_column` VALUES ('103fc05c88ff40639875c2111881996a', 'aef6f1fc948f4c9ab1c1b780bc471cc2', 'create_date', '', 'timestamp(6)', 'java.util.Date', 'createDate', '0', '0', '1', '0', '0', '0', '=', 'dateselect', null, null, '9', '1', '2013-08-12 13:10:05', '1', '2013-08-12 13:10:05', null, '0');
INSERT INTO `gen_table_column` VALUES ('12fa38dd986e41908f7fefa5839d1220', '6e05c389f3c6415ea34e55e9dfb28934', 'create_by', '', 'varchar2(64)', 'com.thinkgem.jeesite.modules.modules.sys.entity.User', 'createBy.id', '0', '0', '1', '0', '0', '0', '=', 'input', null, null, '4', '1', '2013-08-12 13:10:05', '1', '2013-08-12 13:10:05', null, '0');
INSERT INTO `gen_table_column` VALUES ('195ee9241f954d008fe01625f4adbfef', 'f6e4dafaa72f4c509636484715f33a96', 'create_by', '', 'varchar2(64)', 'com.thinkgem.jeesite.modules.modules.sys.entity.User', 'createBy.id', '0', '0', '1', '0', '0', '0', '=', 'input', null, null, '6', '1', '2013-08-12 13:10:05', '1', '2013-08-12 13:10:05', null, '0');
INSERT INTO `gen_table_column` VALUES ('19c6478b8ff54c60910c2e4fc3d27503', '43d6d5acffa14c258340ce6765e46c6f', 'id', '', 'varchar2(64)', 'String', 'id', '1', '0', '1', '0', '0', '0', '=', 'input', null, null, '1', '1', '2013-08-12 13:10:05', '1', '2013-08-12 13:10:05', null, '0');
INSERT INTO `gen_table_column` VALUES ('1ac6562f753d4e599693840651ab2bf7', '43d6d5acffa14c258340ce6765e46c6f', 'in_date', '', 'date(7)', 'java.util.Date', 'inDate', '0', '1', '1', '1', '0', '0', '=', 'dateselect', null, null, '7', '1', '2013-08-12 13:10:05', '1', '2013-08-12 13:10:05', null, '0');
INSERT INTO `gen_table_column` VALUES ('1b8eb55f65284fa6b0a5879b6d8ad3ec', 'aef6f1fc948f4c9ab1c1b780bc471cc2', 'in_date', '', 'date(7)', 'java.util.Date', 'inDate', '0', '1', '1', '1', '0', '1', 'between', 'dateselect', null, null, '7', '1', '2013-08-12 13:10:05', '1', '2013-08-12 13:10:05', null, '0');
INSERT INTO `gen_table_column` VALUES ('1d5ca4d114be41e99f8dc42a682ba609', 'aef6f1fc948f4c9ab1c1b780bc471cc2', 'user_id', '', 'varchar2(64)', 'com.thinkgem.jeesite.modules.modules.sys.entity.User', 'user.id|name', '0', '1', '1', '1', '1', '1', '=', 'userselect', null, null, '2', '1', '2013-08-12 13:10:05', '1', '2013-08-12 13:10:05', null, '0');
INSERT INTO `gen_table_column` VALUES ('21756504ffdc487eb167a823f89c0c06', '43d6d5acffa14c258340ce6765e46c6f', 'update_by', '', 'varchar2(64)', 'com.thinkgem.jeesite.modules.modules.sys.entity.User', 'updateBy.id', '0', '0', '1', '1', '0', '0', '=', 'input', null, null, '10', '1', '2013-08-12 13:10:05', '1', '2013-08-12 13:10:05', null, '0');
INSERT INTO `gen_table_column` VALUES ('24bbdc0a555e4412a106ab1c5f03008e', 'f6e4dafaa72f4c509636484715f33a96', 'parent_ids', '', 'varchar2(2000)', 'String', 'parentIds', '0', '0', '1', '1', '0', '0', 'like', 'input', null, null, '3', '1', '2013-08-12 13:10:05', '1', '2013-08-12 13:10:05', null, '0');
INSERT INTO `gen_table_column` VALUES ('33152ce420904594b3eac796a27f0560', '6e05c389f3c6415ea34e55e9dfb28934', 'id', '', 'varchar2(64)', 'String', 'id', '1', '0', '1', '0', '0', '0', '=', 'input', null, null, '1', '1', '2013-08-12 13:10:05', '1', '2013-08-12 13:10:05', null, '0');
INSERT INTO `gen_table_column` VALUES ('35af241859624a01917ab64c3f4f0813', 'aef6f1fc948f4c9ab1c1b780bc471cc2', 'del_flag', '01', 'char(1)', 'String', 'delFlag', '0', '0', '1', '0', '0', '0', '=', 'radiobox', 'del_flag', null, '13', '1', '2013-08-12 13:10:05', '1', '2013-08-12 13:10:05', null, '0');
INSERT INTO `gen_table_column` VALUES ('398b4a03f06940bfb979ca574e1911e3', 'aef6f1fc948f4c9ab1c1b780bc471cc2', 'create_by', '', 'varchar2(64)', 'com.thinkgem.jeesite.modules.modules.sys.entity.User', 'createBy.id', '0', '0', '1', '0', '0', '0', '=', 'input', null, null, '8', '1', '2013-08-12 13:10:05', '1', '2013-08-12 13:10:05', null, '0');
INSERT INTO `gen_table_column` VALUES ('3a7cf23ae48a4c849ceb03feffc7a524', '43d6d5acffa14c258340ce6765e46c6f', 'area_id', '', 'nvarchar2(64)', 'com.thinkgem.jeesite.modules.modules.sys.entity.Area', 'area.id|name', '0', '1', '1', '1', '0', '0', '=', 'areaselect', null, null, '4', '1', '2013-08-12 13:10:05', '1', '2013-08-12 13:10:05', null, '0');
INSERT INTO `gen_table_column` VALUES ('3d9c32865bb44e85af73381df0ffbf3d', '43d6d5acffa14c258340ce6765e46c6f', 'update_date', '', 'timestamp(6)', 'java.util.Date', 'updateDate', '0', '0', '1', '1', '1', '0', '=', 'dateselect', null, null, '11', '1', '2013-08-12 13:10:05', '1', '2013-08-12 13:10:05', null, '0');
INSERT INTO `gen_table_column` VALUES ('416c76d2019b4f76a96d8dc3a8faf84c', 'f6e4dafaa72f4c509636484715f33a96', 'update_date', '', 'timestamp(6)', 'java.util.Date', 'updateDate', '0', '0', '1', '1', '1', '0', '=', 'dateselect', null, null, '9', '1', '2013-08-12 13:10:05', '1', '2013-08-12 13:10:05', null, '0');
INSERT INTO `gen_table_column` VALUES ('46e6d8283270493687085d29efdecb05', 'f6e4dafaa72f4c509636484715f33a96', 'del_flag', '01', 'char(1)', 'String', 'delFlag', '0', '0', '1', '0', '0', '0', '=', 'radiobox', 'del_flag', null, '11', '1', '2013-08-12 13:10:05', '1', '2013-08-12 13:10:05', null, '0');
INSERT INTO `gen_table_column` VALUES ('4a0a1fff86ca46519477d66b82e01991', 'aef6f1fc948f4c9ab1c1b780bc471cc2', 'name', '', 'nvarchar2(100)', 'String', 'name', '0', '1', '1', '1', '1', '1', 'like', 'input', null, null, '5', '1', '2013-08-12 13:10:05', '1', '2013-08-12 13:10:05', null, '0');
INSERT INTO `gen_table_column` VALUES ('4c8ef12cb6924b9ba44048ba9913150b', '43d6d5acffa14c258340ce6765e46c6f', 'create_date', '', 'timestamp(6)', 'java.util.Date', 'createDate', '0', '0', '1', '0', '0', '0', '=', 'dateselect', null, null, '9', '1', '2013-08-12 13:10:05', '1', '2013-08-12 13:10:05', null, '0');
INSERT INTO `gen_table_column` VALUES ('53d65a3d306d4fac9e561db9d3c66912', '6e05c389f3c6415ea34e55e9dfb28934', 'del_flag', '01', 'char(1)', 'String', 'delFlag', '0', '0', '1', '0', '0', '0', '=', 'radiobox', 'del_flag', null, '9', '1', '2013-08-12 13:10:05', '1', '2013-08-12 13:10:05', null, '0');
INSERT INTO `gen_table_column` VALUES ('56fa71c0bd7e4132931874e548dc9ba5', '6e05c389f3c6415ea34e55e9dfb28934', 'update_by', '', 'varchar2(64)', 'com.thinkgem.jeesite.modules.modules.sys.entity.User', 'updateBy.id', '0', '0', '1', '1', '0', '0', '=', 'input', null, null, '6', '1', '2013-08-12 13:10:05', '1', '2013-08-12 13:10:05', null, '0');
INSERT INTO `gen_table_column` VALUES ('5a4a1933c9c844fdba99de043dc8205e', 'aef6f1fc948f4c9ab1c1b780bc471cc2', 'update_by', '', 'varchar2(64)', 'com.thinkgem.jeesite.modules.modules.sys.entity.User', 'updateBy.id', '0', '0', '1', '1', '0', '0', '=', 'input', null, null, '10', '1', '2013-08-12 13:10:05', '1', '2013-08-12 13:10:05', null, '0');
INSERT INTO `gen_table_column` VALUES ('5e5c69bd3eaa4dcc9743f361f3771c08', 'aef6f1fc948f4c9ab1c1b780bc471cc2', 'id', '', 'varchar2(64)', 'String', 'id', '1', '0', '1', '0', '0', '0', '=', 'input', null, null, '1', '1', '2013-08-12 13:10:05', '1', '2013-08-12 13:10:05', null, '0');
INSERT INTO `gen_table_column` VALUES ('633f5a49ec974c099158e7b3e6bfa930', 'f6e4dafaa72f4c509636484715f33a96', 'name', '', 'nvarchar2(100)', 'String', 'name', '0', '0', '1', '1', '1', '1', 'like', 'input', null, null, '4', '1', '2013-08-12 13:10:05', '1', '2013-08-12 13:10:05', null, '0');
INSERT INTO `gen_table_column` VALUES ('652491500f2641ffa7caf95a93e64d34', '6e05c389f3c6415ea34e55e9dfb28934', 'update_date', '', 'timestamp(6)', 'java.util.Date', 'updateDate', '0', '0', '1', '1', '1', '0', '=', 'dateselect', null, null, '7', '1', '2013-08-12 13:10:05', '1', '2013-08-12 13:10:05', null, '0');
INSERT INTO `gen_table_column` VALUES ('6763ff6dc7cd4c668e76cf9b697d3ff6', 'f6e4dafaa72f4c509636484715f33a96', 'sort', '', 'number(10)', 'Integer', 'sort', '0', '0', '1', '1', '1', '0', '=', 'input', null, null, '5', '1', '2013-08-12 13:10:05', '1', '2013-08-12 13:10:05', null, '0');
INSERT INTO `gen_table_column` VALUES ('67d0331f809a48ee825602659f0778e8', '43d6d5acffa14c258340ce6765e46c6f', 'name', '', 'nvarchar2(100)', 'String', 'name', '0', '1', '1', '1', '1', '1', 'like', 'input', null, null, '5', '1', '2013-08-12 13:10:05', '1', '2013-08-12 13:10:05', null, '0');
INSERT INTO `gen_table_column` VALUES ('68345713bef3445c906f70e68f55de38', '6e05c389f3c6415ea34e55e9dfb28934', 'test_data_main_id', '', 'varchar2(64)', 'String', 'testDataMain.id', '0', '1', '1', '1', '0', '0', '=', 'input', null, null, '2', '1', '2013-08-12 13:10:05', '1', '2013-08-12 13:10:05', null, '0');
INSERT INTO `gen_table_column` VALUES ('71ea4bc10d274911b405f3165fc1bb1a', 'aef6f1fc948f4c9ab1c1b780bc471cc2', 'area_id', '', 'nvarchar2(64)', 'com.thinkgem.jeesite.modules.modules.sys.entity.Area', 'area.id|name', '0', '1', '1', '1', '1', '1', '=', 'areaselect', null, null, '4', '1', '2013-08-12 13:10:05', '1', '2013-08-12 13:10:05', null, '0');
INSERT INTO `gen_table_column` VALUES ('7f871058d94c4d9a89084be7c9ce806d', '6e05c389f3c6415ea34e55e9dfb28934', 'remarks', '', 'nvarchar2(255)', 'String', 'remarks', '0', '1', '1', '1', '1', '0', '=', 'input', null, null, '8', '1', '2013-08-12 13:10:05', '1', '2013-08-12 13:10:05', null, '0');
INSERT INTO `gen_table_column` VALUES ('8b48774cfe184913b8b5eb17639cf12d', '43d6d5acffa14c258340ce6765e46c6f', 'create_by', '', 'varchar2(64)', 'com.thinkgem.jeesite.modules.modules.sys.entity.User', 'createBy.id', '0', '0', '1', '0', '0', '0', '=', 'input', null, null, '8', '1', '2013-08-12 13:10:05', '1', '2013-08-12 13:10:05', null, '0');
INSERT INTO `gen_table_column` VALUES ('8b7cf0525519474ebe1de9e587eb7067', '6e05c389f3c6415ea34e55e9dfb28934', 'create_date', '', 'timestamp(6)', 'java.util.Date', 'createDate', '0', '0', '1', '0', '0', '0', '=', 'dateselect', null, null, '5', '1', '2013-08-12 13:10:05', '1', '2013-08-12 13:10:05', null, '0');
INSERT INTO `gen_table_column` VALUES ('8b9de88df53e485d8ef461c4b1824bc1', '43d6d5acffa14c258340ce6765e46c6f', 'user_id', '', 'varchar2(64)', 'com.thinkgem.jeesite.modules.modules.sys.entity.User', 'user.id|name', '0', '1', '1', '1', '1', '1', '=', 'userselect', null, null, '2', '1', '2013-08-12 13:10:05', '1', '2013-08-12 13:10:05', null, '0');
INSERT INTO `gen_table_column` VALUES ('8da38dbe5fe54e9bb1f9682c27fbf403', 'aef6f1fc948f4c9ab1c1b780bc471cc2', 'remarks', '', 'nvarchar2(255)', 'String', 'remarks', '0', '1', '1', '1', '1', '0', '=', 'textarea', null, null, '12', '1', '2013-08-12 13:10:05', '1', '2013-08-12 13:10:05', null, '0');
INSERT INTO `gen_table_column` VALUES ('92481c16a0b94b0e8bba16c3c54eb1e4', 'f6e4dafaa72f4c509636484715f33a96', 'create_date', '', 'timestamp(6)', 'java.util.Date', 'createDate', '0', '0', '1', '0', '0', '0', '=', 'dateselect', null, null, '7', '1', '2013-08-12 13:10:05', '1', '2013-08-12 13:10:05', null, '0');
INSERT INTO `gen_table_column` VALUES ('9a012c1d2f934dbf996679adb7cc827a', 'f6e4dafaa72f4c509636484715f33a96', 'parent_id', '', 'varchar2(64)', 'This', 'parent.id|name', '0', '0', '1', '1', '0', '0', '=', 'treeselect', null, null, '2', '1', '2013-08-12 13:10:05', '1', '2013-08-12 13:10:05', null, '0');
INSERT INTO `gen_table_column` VALUES ('ad3bf0d4b44b4528a5211a66af88f322', 'aef6f1fc948f4c9ab1c1b780bc471cc2', 'office_id', '', 'varchar2(64)', 'com.thinkgem.jeesite.modules.modules.sys.entity.Office', 'office.id|name', '0', '1', '1', '1', '1', '1', '=', 'officeselect', null, null, '3', '1', '2013-08-12 13:10:05', '1', '2013-08-12 13:10:05', null, '0');
INSERT INTO `gen_table_column` VALUES ('bb1256a8d1b741f6936d8fed06f45eed', 'f6e4dafaa72f4c509636484715f33a96', 'update_by', '', 'varchar2(64)', 'com.thinkgem.jeesite.modules.modules.sys.entity.User', 'updateBy.id', '0', '0', '1', '1', '0', '0', '=', 'input', null, null, '8', '1', '2013-08-12 13:10:05', '1', '2013-08-12 13:10:05', null, '0');
INSERT INTO `gen_table_column` VALUES ('ca68a2d403f0449cbaa1d54198c6f350', '43d6d5acffa14c258340ce6765e46c6f', 'office_id', '', 'varchar2(64)', 'com.thinkgem.jeesite.modules.modules.sys.entity.Office', 'office.id|name', '0', '1', '1', '1', '0', '0', '=', 'officeselect', null, null, '3', '1', '2013-08-12 13:10:05', '1', '2013-08-12 13:10:05', null, '0');
INSERT INTO `gen_table_column` VALUES ('cb9c0ec3da26432d9cbac05ede0fd1d0', '43d6d5acffa14c258340ce6765e46c6f', 'remarks', '', 'nvarchar2(255)', 'String', 'remarks', '0', '1', '1', '1', '1', '0', '=', 'textarea', null, null, '12', '1', '2013-08-12 13:10:05', '1', '2013-08-12 13:10:05', null, '0');
INSERT INTO `gen_table_column` VALUES ('cfcfa06ea61749c9b4c4dbc507e0e580', 'f6e4dafaa72f4c509636484715f33a96', 'id', '', 'varchar2(64)', 'String', 'id', '1', '0', '1', '0', '0', '0', '=', 'input', null, null, '1', '1', '2013-08-12 13:10:05', '1', '2013-08-12 13:10:05', null, '0');
INSERT INTO `gen_table_column` VALUES ('d5c2d932ae904aa8a9f9ef34cd36fb0b', '43d6d5acffa14c258340ce6765e46c6f', 'sex', '', 'char(1)', 'String', 'sex', '0', '1', '1', '1', '0', '1', '=', 'select', 'sex', null, '6', '1', '2013-08-12 13:10:05', '1', '2013-08-12 13:10:05', null, '0');
INSERT INTO `gen_table_column` VALUES ('e64050a2ebf041faa16f12dda5dcf784', '6e05c389f3c6415ea34e55e9dfb28934', 'name', '', 'nvarchar2(100)', 'String', 'name', '0', '1', '1', '1', '1', '1', 'like', 'input', null, null, '3', '1', '2013-08-12 13:10:05', '1', '2013-08-12 13:10:05', null, '0');
INSERT INTO `gen_table_column` VALUES ('e8d11127952d4aa288bb3901fc83127f', '43d6d5acffa14c258340ce6765e46c6f', 'del_flag', '01', 'char(1)', 'String', 'delFlag', '0', '0', '1', '0', '0', '0', '=', 'radiobox', 'del_flag', null, '13', '1', '2013-08-12 13:10:05', '1', '2013-08-12 13:10:05', null, '0');
INSERT INTO `gen_table_column` VALUES ('eb2e5afd13f147a990d30e68e7f64e12', 'aef6f1fc948f4c9ab1c1b780bc471cc2', 'update_date', '', 'timestamp(6)', 'java.util.Date', 'updateDate', '0', '0', '1', '1', '1', '0', '=', 'dateselect', null, null, '11', '1', '2013-08-12 13:10:05', '1', '2013-08-12 13:10:05', null, '0');
INSERT INTO `gen_table_column` VALUES ('f5ed8c82bad0413fbfcccefa95931358', 'f6e4dafaa72f4c509636484715f33a96', 'remarks', '', 'nvarchar2(255)', 'String', 'remarks', '0', '1', '1', '1', '1', '0', '=', 'textarea', null, null, '10', '1', '2013-08-12 13:10:05', '1', '2013-08-12 13:10:05', null, '0');

-- ----------------------------
-- Table structure for `gen_template`
-- ----------------------------
DROP TABLE IF EXISTS `gen_template`;
CREATE TABLE `gen_template` (
  `id` varchar(64) NOT NULL COMMENT '',
  `name` varchar(200) DEFAULT NULL COMMENT '',
  `category` varchar(2000) DEFAULT NULL COMMENT '',
  `file_path` varchar(500) DEFAULT NULL COMMENT '',
  `file_name` varchar(200) DEFAULT NULL COMMENT '',
  `content` text COMMENT '',
  `create_by` varchar(64) DEFAULT NULL COMMENT '',
  `create_date` datetime DEFAULT NULL COMMENT '',
  `update_by` varchar(64) DEFAULT NULL COMMENT '',
  `update_date` datetime DEFAULT NULL COMMENT '',
  `remarks` varchar(255) DEFAULT NULL COMMENT '',
  `del_flag` char(1) NOT NULL DEFAULT '0' COMMENT '01',
  PRIMARY KEY (`id`),
  KEY `gen_template_del_falg` (`del_flag`)
) ENGINE=InnoDB DEFAULT CHARSET=utf8 COMMENT='';

-- ----------------------------
-- Records of gen_template
-- ----------------------------

-- ----------------------------
-- Table structure for `gok_data`
-- ----------------------------
DROP TABLE IF EXISTS `gok_data`;
CREATE TABLE `gok_data` (
  `id` varchar(64) COLLATE utf8_bin NOT NULL COMMENT '',
  `xiangmuguishu` varchar(255) COLLATE utf8_bin DEFAULT NULL COMMENT '',
  `baoxiaoshijian` varchar(64) COLLATE utf8_bin DEFAULT NULL COMMENT '',
  `baoxiaoren` varchar(64) COLLATE utf8_bin DEFAULT NULL COMMENT '',
  `zhaiyao` varchar(255) COLLATE utf8_bin DEFAULT NULL COMMENT '',
  `baoxiaoleibie` varchar(100) COLLATE utf8_bin DEFAULT NULL COMMENT '',
  `baoxiaojine` varchar(255) COLLATE utf8_bin DEFAULT NULL COMMENT '',
  `beizhu` varchar(255) COLLATE utf8_bin DEFAULT NULL COMMENT '',
  `office_id` varchar(255) COLLATE utf8_bin DEFAULT NULL COMMENT '',
  `create_by` varchar(64) COLLATE utf8_bin NOT NULL COMMENT '',
  `create_date` datetime NOT NULL COMMENT '',
  `update_by` varchar(64) COLLATE utf8_bin NOT NULL COMMENT '',
  `update_date` datetime NOT NULL COMMENT '',
  `remarks` varchar(255) COLLATE utf8_bin DEFAULT NULL COMMENT '',
  `del_flag` char(1) COLLATE utf8_bin NOT NULL DEFAULT '0' COMMENT '',
  PRIMARY KEY (`id`) USING BTREE,
  KEY `test_data_del_flag` (`del_flag`) USING BTREE
) ENGINE=InnoDB DEFAULT CHARSET=utf8 COLLATE=utf8_bin COMMENT='';

-- ----------------------------
-- Records of gok_data
-- ----------------------------
INSERT INTO `gok_data` VALUES ('f5a3b1d04f044b43a5393ef1dbcb170d', '1', '2', '', '3', 'XXXX', '4', '5', '5', '1', '2019-04-18 15:07:36', '1', '2019-04-18 15:07:36', null, '0');
INSERT INTO `gok_data` VALUES ('f83e47e74c8443a8b73e36c1ff8215ba', null, '', '', '', '', '', '', '5', '1', '2019-04-04 08:42:39', '1', '2019-04-04 08:42:39', null, '0');
INSERT INTO `gok_data` VALUES ('f8fcaa7f361444b4aaa629f42d427097', null, '2019.03.05', '', '', '', '', '', '5', '1', '2019-04-04 08:34:15', '1', '2019-04-04 08:34:15', null, '1');

-- ----------------------------
-- Table structure for `gok_data_tipiao`
-- ----------------------------
DROP TABLE IF EXISTS `gok_data_tipiao`;
CREATE TABLE `gok_data_tipiao` (
  `id` varchar(64) COLLATE utf8_bin NOT NULL COMMENT '',
  `baoxiaoshijian` varchar(64) COLLATE utf8_bin DEFAULT NULL COMMENT '',
  `baoxiaoren` varchar(64) COLLATE utf8_bin DEFAULT NULL COMMENT '',
  `tipiaoleibie` varchar(64) COLLATE utf8_bin DEFAULT NULL COMMENT '',
  `tipiaojine` varchar(255) COLLATE utf8_bin DEFAULT NULL COMMENT '',
  `baoxiaoleibie` varchar(100) COLLATE utf8_bin DEFAULT NULL COMMENT '',
  `baoxiaojine` varchar(255) COLLATE utf8_bin DEFAULT NULL COMMENT '',
  `fudaipingzhengshu` varchar(255) COLLATE utf8_bin DEFAULT NULL COMMENT '',
  `beizhu` varchar(255) COLLATE utf8_bin DEFAULT NULL COMMENT '',
  `office_id` varchar(255) COLLATE utf8_bin DEFAULT NULL COMMENT '',
  `create_by` varchar(64) COLLATE utf8_bin NOT NULL COMMENT '',
  `create_date` datetime NOT NULL COMMENT '',
  `update_by` varchar(64) COLLATE utf8_bin NOT NULL COMMENT '',
  `update_date` datetime NOT NULL COMMENT '',
  `remarks` varchar(255) COLLATE utf8_bin DEFAULT NULL COMMENT '',
  `del_flag` char(1) COLLATE utf8_bin NOT NULL DEFAULT '0' COMMENT '',
  PRIMARY KEY (`id`) USING BTREE,
  KEY `test_data_del_flag` (`del_flag`) USING BTREE
) ENGINE=InnoDB DEFAULT CHARSET=utf8 COLLATE=utf8_bin COMMENT='';

-- ----------------------------
-- Records of gok_data_tipiao
-- ----------------------------
INSERT INTO `gok_data_tipiao` VALUES ('47e36015d47e4d688888bc321b04a92b', '', '', '', '', '', '', '', '', '5', '1', '2019-04-08 11:42:34', '1', '2019-04-08 11:42:34', null, '0');
INSERT INTO `gok_data_tipiao` VALUES ('bd187ceed5ef458d9b3fb8eee942e484', '', '', '', '', '', '', '', '', '5', '1', '2019-04-04 08:35:53', '1', '2019-04-04 08:35:53', null, '1');

-- ----------------------------
-- Table structure for `gok_fapiao`
-- ----------------------------
DROP TABLE IF EXISTS `gok_fapiao`;
CREATE TABLE `gok_fapiao` (
  `id` varchar(64) COLLATE utf8_bin NOT NULL COMMENT '',
  `baoxiaoren` varchar(255) COLLATE utf8_bin DEFAULT NULL COMMENT '',
  `baoxiaoshijian` varchar(255) COLLATE utf8_bin DEFAULT NULL COMMENT '',
  `fapiaodaima` varchar(255) COLLATE utf8_bin DEFAULT NULL COMMENT '',
  `fapiaohaoma` varchar(255) COLLATE utf8_bin DEFAULT NULL COMMENT '',
  `baoxiaojine` varchar(255) COLLATE utf8_bin DEFAULT NULL COMMENT '',
  `create_by` varchar(64) COLLATE utf8_bin DEFAULT NULL COMMENT '',
  `create_date` datetime DEFAULT NULL COMMENT '',
  `update_by` varchar(64) COLLATE utf8_bin DEFAULT NULL COMMENT '',
  `update_date` datetime DEFAULT NULL COMMENT '',
  `remarks` varchar(255) COLLATE utf8_bin DEFAULT NULL COMMENT '',
  `del_flag` char(1) COLLATE utf8_bin NOT NULL DEFAULT '0' COMMENT '01',
  PRIMARY KEY (`id`) USING BTREE,
  UNIQUE KEY `fapiaohaoma` (`fapiaohaoma`,`fapiaodaima`) USING BTREE,
  UNIQUE KEY `fapiaodaima` (`fapiaodaima`) USING BTREE
) ENGINE=InnoDB DEFAULT CHARSET=utf8 COLLATE=utf8_bin;

-- ----------------------------
-- Records of gok_fapiao
-- ----------------------------

-- ----------------------------
-- Table structure for `gok_fapiao_caiwu`
-- ----------------------------
DROP TABLE IF EXISTS `gok_fapiao_caiwu`;
CREATE TABLE `gok_fapiao_caiwu` (
  `id` varchar(64) COLLATE utf8_bin NOT NULL COMMENT '',
  `xiangmuguishu` varchar(255) COLLATE utf8_bin DEFAULT NULL COMMENT '',
  `xuhao` varchar(255) COLLATE utf8_bin DEFAULT NULL COMMENT '',
  `riqi` varchar(255) COLLATE utf8_bin DEFAULT NULL COMMENT '',
  `quyu` varchar(255) COLLATE utf8_bin DEFAULT NULL COMMENT '',
  `baoxiaoren` varchar(255) COLLATE utf8_bin DEFAULT NULL COMMENT '',
  `baoxiaorenbumen` varchar(255) COLLATE utf8_bin DEFAULT NULL COMMENT '',
  `tipiaoleibie` varchar(255) COLLATE utf8_bin DEFAULT NULL COMMENT '',
  `tipiaojine` varchar(255) COLLATE utf8_bin DEFAULT NULL COMMENT '',
  `feiyongmingxi` varchar(255) COLLATE utf8_bin DEFAULT NULL COMMENT '',
  `shijijinemingxi` varchar(255) COLLATE utf8_bin DEFAULT NULL COMMENT '',
  `shijibaoxiaoleibie` varchar(255) COLLATE utf8_bin DEFAULT NULL COMMENT '',
  `feiyongguishubumen` varchar(255) COLLATE utf8_bin DEFAULT NULL COMMENT '',
  `jiekuan` varchar(255) COLLATE utf8_bin DEFAULT NULL COMMENT '',
  `fapiaoleixing` varchar(255) COLLATE utf8_bin DEFAULT NULL COMMENT '',
  `create_by` varchar(64) COLLATE utf8_bin DEFAULT NULL COMMENT '',
  `create_date` datetime DEFAULT NULL COMMENT '',
  `update_by` varchar(64) COLLATE utf8_bin DEFAULT NULL COMMENT '',
  `update_date` datetime DEFAULT NULL COMMENT '',
  `remarks` varchar(255) COLLATE utf8_bin DEFAULT NULL COMMENT '',
  `del_flag` char(1) COLLATE utf8_bin NOT NULL DEFAULT '0' COMMENT '01',
  PRIMARY KEY (`id`) USING BTREE
) ENGINE=InnoDB DEFAULT CHARSET=utf8 COLLATE=utf8_bin;

-- ----------------------------
-- Records of gok_fapiao_caiwu
-- ----------------------------
INSERT INTO `gok_fapiao_caiwu` VALUES ('04b52a81fcf648a7a578e0ce858ea116', null, '4', '', '', '', '5', '', '', '', '', '', '5', '', '', '1', '2019-04-08 11:31:05', '1', '2019-04-08 11:31:05', '', '0');
INSERT INTO `gok_fapiao_caiwu` VALUES ('2ee0656bc68541d1bc1cc7facfa338ce', null, '1', '', '', '', '5', '', '', '', '', '', '5', '', '', '1', '2019-04-08 11:26:33', '1', '2019-04-08 11:26:33', '', '0');
INSERT INTO `gok_fapiao_caiwu` VALUES ('4b795a9000814730a25389d111d60e85', null, '2', '', '', '', '5', '', '', '', '', '', '5', '', '', '1', '2019-04-08 11:30:06', '1', '2019-04-08 11:30:06', '', '0');
INSERT INTO `gok_fapiao_caiwu` VALUES ('5231a458a0934b92b9b5fbd8bed3c56e', null, '2', '', '', '', '5', '', '', '', '', '', '5', '', '', '1', '2019-04-08 11:30:04', '1', '2019-04-08 11:30:04', '', '0');
INSERT INTO `gok_fapiao_caiwu` VALUES ('53681e2365a54d969717229bb05c6b96', null, '79', '', '', '', '5', '', '', '', '', '', '5', '', '', '1', '2019-04-08 11:41:07', '1', '2019-04-08 11:41:07', '', '0');
INSERT INTO `gok_fapiao_caiwu` VALUES ('6d0cf5b1016547798d21c80ee7ef9b31', null, '2', '', '', '', '5', '', '', '', '', '', '5', '', '', '1', '2019-04-08 11:30:01', '1', '2019-04-08 11:30:01', '', '0');
INSERT INTO `gok_fapiao_caiwu` VALUES ('75ace0d8db7b4a21b249e9148fc3644a', null, '2', '', '', '', '5', '', '', '', '', '', '5', '', '', '1', '2019-04-08 11:29:51', '1', '2019-04-08 11:29:51', '', '0');
INSERT INTO `gok_fapiao_caiwu` VALUES ('79e4eb020cfd41a78fd4623707c796c2', null, '1', '', '', '', '5', '', '', '', '', '', '5', '', '', '1', '2019-04-08 11:26:18', '1', '2019-04-08 11:26:18', '', '0');
INSERT INTO `gok_fapiao_caiwu` VALUES ('81505bb378e94401ad8249ee0f9ad3cd', null, '5', '', '', '', '5', '', '', '', '', '', '5', '', '', '1', '2019-04-08 11:30:56', '1', '2019-04-08 11:30:56', '', '0');
INSERT INTO `gok_fapiao_caiwu` VALUES ('b5770af747074d8196b5b9710586469e', null, '4', '', '', '', '5', '', '', '', '', '', '5', '', '', '1', '2019-04-08 11:30:53', '1', '2019-04-08 11:30:53', '', '0');
INSERT INTO `gok_fapiao_caiwu` VALUES ('c589ceaf37304d268dc0225615acd69d', null, '78', '', '', '', '5', '', '', '', '', '', '5', '', '', '1', '2019-04-08 11:41:05', '1', '2019-04-08 11:41:05', '', '0');
INSERT INTO `gok_fapiao_caiwu` VALUES ('c7abbfe479044ea99e190967f0151b8c', null, '3', '', '', '', '5', '', '', '', '', '', '5', '', '', '1', '2019-04-08 11:30:51', '1', '2019-04-08 11:31:02', '', '0');
INSERT INTO `gok_fapiao_caiwu` VALUES ('cfab957e326445a3943b77e4f1a780d6', null, '6', '', '', '', '5', '', '', '', '', '', '5', '', '', '1', '2019-04-08 11:41:00', '1', '2019-04-08 11:41:00', '', '0');

-- ----------------------------
-- Table structure for `gok_hrmianshi`
-- ----------------------------
DROP TABLE IF EXISTS `gok_hrmianshi`;
CREATE TABLE `gok_hrmianshi` (
  `id` varchar(64) COLLATE utf8_bin NOT NULL COMMENT '',
  `goutongshijian` varchar(255) COLLATE utf8_bin DEFAULT NULL COMMENT '',
  `xingming` varchar(255) COLLATE utf8_bin DEFAULT NULL COMMENT '',
  `xueli` varchar(255) COLLATE utf8_bin DEFAULT NULL COMMENT '',
  `biyeyuanxiao` varchar(255) COLLATE utf8_bin DEFAULT NULL COMMENT '',
  `zhuanye` varchar(255) COLLATE utf8_bin DEFAULT NULL COMMENT '',
  `biyeshijian` varchar(255) COLLATE utf8_bin DEFAULT NULL COMMENT '',
  `gongzuonianxian` varchar(255) COLLATE utf8_bin DEFAULT NULL COMMENT '',
  `qiuzhigangwei` varchar(255) COLLATE utf8_bin DEFAULT NULL COMMENT '',
  `xinziyaoqiu` varchar(255) COLLATE utf8_bin DEFAULT NULL COMMENT '',
  `lianxifangshi` varchar(255) COLLATE utf8_bin DEFAULT NULL COMMENT '',
  `dangqianzhuangtai` varchar(255) COLLATE utf8_bin DEFAULT NULL COMMENT '',
  `qitayaoqiu` varchar(255) COLLATE utf8_bin DEFAULT NULL COMMENT '',
  `shifoujieshouzhudian` varchar(255) COLLATE utf8_bin DEFAULT NULL COMMENT '',
  `kezhudianquyu` varchar(255) COLLATE utf8_bin DEFAULT NULL COMMENT '',
  `yaoyueqingkuang` varchar(255) COLLATE utf8_bin DEFAULT NULL COMMENT '',
  `tuijianqiye` varchar(255) COLLATE utf8_bin DEFAULT NULL COMMENT '',
  `yujidaogangshijian` varchar(255) COLLATE utf8_bin DEFAULT NULL COMMENT '',
  `mianshijieguo` varchar(255) COLLATE utf8_bin DEFAULT NULL COMMENT '',
  `qitashuoming` varchar(255) COLLATE utf8_bin DEFAULT NULL COMMENT '',
  `create_by` varchar(64) COLLATE utf8_bin DEFAULT NULL COMMENT '',
  `create_date` datetime DEFAULT NULL COMMENT '',
  `update_by` varchar(64) COLLATE utf8_bin DEFAULT NULL COMMENT '',
  `update_date` datetime DEFAULT NULL COMMENT '',
  `remarks` varchar(255) COLLATE utf8_bin DEFAULT NULL COMMENT '',
  `del_flag` char(1) COLLATE utf8_bin NOT NULL DEFAULT '0' COMMENT '01',
  PRIMARY KEY (`id`) USING BTREE
) ENGINE=InnoDB DEFAULT CHARSET=utf8 COLLATE=utf8_bin;

-- ----------------------------
-- Records of gok_hrmianshi
-- ----------------------------

-- ----------------------------
-- Table structure for `gok_softwareinfo`
-- ----------------------------
DROP TABLE IF EXISTS `gok_softwareinfo`;
CREATE TABLE `gok_softwareinfo` (
  `id` varchar(64) COLLATE utf8_bin NOT NULL COMMENT '',
  `ruanjianmingcheng` varchar(255) COLLATE utf8_bin DEFAULT NULL COMMENT '',
  `ruanjianleixing` varchar(255) COLLATE utf8_bin DEFAULT NULL COMMENT '',
  `weihuren` varchar(255) COLLATE utf8_bin DEFAULT NULL COMMENT '',
  `waibudizhi` varchar(255) COLLATE utf8_bin DEFAULT NULL COMMENT '',
  `neibudizhi` varchar(255) COLLATE utf8_bin DEFAULT NULL COMMENT '',
  `fuwuqidizhi` varchar(255) COLLATE utf8_bin DEFAULT NULL COMMENT '',
  `zhanghao` varchar(255) COLLATE utf8_bin DEFAULT NULL COMMENT '',
  `mima` varchar(255) COLLATE utf8_bin DEFAULT NULL COMMENT '',
  `xiangmuyongtu` varchar(255) COLLATE utf8_bin DEFAULT NULL COMMENT '',
  `xiangmujiafang` varchar(255) COLLATE utf8_bin DEFAULT NULL COMMENT '',
  `cunyouyuanma` varchar(255) COLLATE utf8_bin DEFAULT NULL COMMENT '',
  `kuozhan1` varchar(255) COLLATE utf8_bin DEFAULT NULL COMMENT '1',
  `kuozhan2` varchar(255) COLLATE utf8_bin DEFAULT NULL COMMENT '2',
  `kuozhan3` varchar(255) COLLATE utf8_bin DEFAULT NULL COMMENT '3',
  `kuozhan4` varchar(255) COLLATE utf8_bin DEFAULT NULL COMMENT '4',
  `xiangmuguishu` varchar(255) COLLATE utf8_bin DEFAULT NULL COMMENT '',
  `create_by` varchar(64) COLLATE utf8_bin DEFAULT NULL COMMENT '',
  `create_date` datetime DEFAULT NULL COMMENT '',
  `update_by` varchar(64) COLLATE utf8_bin DEFAULT NULL COMMENT '',
  `update_date` datetime DEFAULT NULL COMMENT '',
  `remarks` varchar(255) COLLATE utf8_bin DEFAULT NULL COMMENT '',
  `del_flag` char(1) COLLATE utf8_bin NOT NULL DEFAULT '0' COMMENT '01',
  PRIMARY KEY (`id`) USING BTREE
) ENGINE=InnoDB DEFAULT CHARSET=utf8 COLLATE=utf8_bin;

-- ----------------------------
-- Records of gok_softwareinfo
-- ----------------------------

-- ----------------------------
-- Table structure for `gok_student`
-- ----------------------------
DROP TABLE IF EXISTS `gok_student`;
CREATE TABLE `gok_student` (
  `id` varchar(64) COLLATE utf8_bin NOT NULL COMMENT '',
  `xuhao` varchar(255) COLLATE utf8_bin DEFAULT NULL COMMENT '',
  `baomingshijian` varchar(255) COLLATE utf8_bin DEFAULT NULL COMMENT '',
  `xingming` varchar(255) COLLATE utf8_bin DEFAULT NULL COMMENT '',
  `shenfenzheng` varchar(255) COLLATE utf8_bin DEFAULT NULL COMMENT '',
  `xuexiao` varchar(255) COLLATE utf8_bin DEFAULT NULL COMMENT '',
  `nianji` varchar(255) COLLATE utf8_bin DEFAULT NULL COMMENT '',
  `zhuanye` varchar(255) COLLATE utf8_bin DEFAULT NULL COMMENT '',
  `sushelou` varchar(255) COLLATE utf8_bin DEFAULT NULL COMMENT '',
  `shoujihaoma` varchar(255) COLLATE utf8_bin DEFAULT NULL COMMENT '',
  `qq` varchar(255) COLLATE utf8_bin DEFAULT NULL COMMENT 'QQ',
  `xingbie` varchar(255) COLLATE utf8_bin DEFAULT NULL COMMENT '',
  `taocan` varchar(255) COLLATE utf8_bin DEFAULT NULL COMMENT '',
  `shengri` varchar(255) COLLATE utf8_bin DEFAULT NULL COMMENT '',
  `hujisuozaidi` varchar(255) COLLATE utf8_bin DEFAULT NULL COMMENT '',
  `shichangchengjiaorenyuan` varchar(255) COLLATE utf8_bin DEFAULT NULL COMMENT '',
  `shifousongshu` varchar(255) COLLATE utf8_bin DEFAULT NULL COMMENT '',
  `lingshujilu` varchar(255) COLLATE utf8_bin DEFAULT NULL COMMENT '',
  `yishangkecheng` varchar(255) COLLATE utf8_bin DEFAULT NULL COMMENT '',
  `zhengzaishangkecheng` varchar(255) COLLATE utf8_bin DEFAULT NULL COMMENT '',
  `beizhu` varchar(255) COLLATE utf8_bin DEFAULT NULL COMMENT '',
  `create_by` varchar(64) COLLATE utf8_bin DEFAULT NULL COMMENT '',
  `create_date` datetime DEFAULT NULL COMMENT '',
  `update_by` varchar(64) COLLATE utf8_bin DEFAULT NULL COMMENT '',
  `update_date` datetime DEFAULT NULL COMMENT '',
  `remarks` varchar(255) COLLATE utf8_bin DEFAULT NULL COMMENT '',
  `del_flag` char(1) COLLATE utf8_bin NOT NULL DEFAULT '0' COMMENT '01',
  PRIMARY KEY (`id`) USING BTREE
) ENGINE=InnoDB DEFAULT CHARSET=utf8 COLLATE=utf8_bin;

-- ----------------------------
-- Records of gok_student
-- ----------------------------
INSERT INTO `gok_student` VALUES ('025154c418854c788cacb1465c50a185', '5', '2015.12.23', '', '350583199611213718', '', '2015', '', '3-611', '13850776778', '184585247', ' ', '-', '1996/11/21', '', '', '', 'NA..', 'IE', '', '', '1', '2019-03-28 17:28:43', '1', '2019-03-28 17:28:43', null, '0');
INSERT INTO `gok_student` VALUES ('03c79f5af90f45018ccd1832baead58d', '136', '2018.11.04', '', '35050219980922051X', '', '2017', '', '-550', '15059591728', '792707003', '', '-web', '1998/09/22', '', '', '', '', '', 'SE1903', '', '1', '2019-03-28 17:28:44', '1', '2019-03-28 17:28:44', null, '0');
INSERT INTO `gok_student` VALUES ('0603eb9e522f46979a5197ec8eabe47d', '56', '2017.11.18', '', 'H60333736', '', '2015', '', '2-409', '15980530892', '625096421', ' ', '-web', '1997/12/28', '', '', '', '', 'SEEE', 'WEB1804', '', '1', '2019-03-28 17:28:43', '1', '2019-03-28 17:28:43', null, '0');
INSERT INTO `gok_student` VALUES ('060f8ada35c44f61ae93bc76a0d87e36', '80', '2018.05.23', '', '350725199701113013', '', '2015', '', '2-401', '15659796181', '1326410670', '', '-web', '1997/01/11(', '', '', '', '', 'SEEE', '', '', '1', '2019-03-28 17:28:43', '1', '2019-03-28 17:28:43', null, '0');
INSERT INTO `gok_student` VALUES ('09a2354724884436bfaa5fb45cdfbfd7', '137', '2018.11.09', ' ', '350425199904291016', '', '2017', '', 'A6', '18060589725', '2437978520', '', '-', '1999/04/29', '', '', '', '', '', '1902', '', '1', '2019-03-28 17:28:44', '1', '2019-03-28 17:28:44', null, '0');
INSERT INTO `gok_student` VALUES ('0b88b328f8404c84b2c400f5082404db', '141', '2018.11.17', '', '350824199811212871', '', '2016', '', '3-303', '13348356409', '1106972295', '', '-web', '1998/11/21(', '', '', '', '', '', 'SE1812', '', '1', '2019-03-28 17:28:44', '1', '2019-03-28 17:28:44', null, '0');
INSERT INTO `gok_student` VALUES ('0c3feeb7647649cb8f199c09b7eca6fc', '77', '2018.04.27', '', '350322199905130527', '', '2017', '', '4-223', '18760508830', '2504627073', '', '-', '1999/03/28(', '', '', '', '', '', '1902', '', '1', '2019-03-28 17:28:43', '1', '2019-03-28 17:28:43', null, '0');
INSERT INTO `gok_student` VALUES ('0cdae823d2c646b18f87d1d3bc830dc2', '36', '2017.05.06', '', '350583199711123752\n', '', '2016', '', '3-211', '13290886010', '758909237', '', '-', '1997/11/12', '', '', '', '', '', '1902', '', '1', '2019-03-28 17:28:43', '1', '2019-03-28 17:28:43', null, '0');
INSERT INTO `gok_student` VALUES ('0e00367b1ead42f59cb0b7aa2fe0b98f', '187', '2019.03.20', '', '350627199903291528', '', '2018', '', '8-618', '15006052430', '2804776061', '', '-', '1993/03/39', '', '', '', 'NA', '', '1905', '', '1', '2019-03-28 17:28:44', '1', '2019-03-28 17:28:44', null, '0');
INSERT INTO `gok_student` VALUES ('0e3b8aa83e214677bd6a47c252db18a3', '126', '2018.09.25', '', '350181199512202533', '', '2015', '', '3-611', '13107676127', '791427834', '', '-', '1996/04/19', '', '', '', '', '', '1902', '', '1', '2019-03-28 17:28:43', '1', '2019-03-28 17:28:43', null, '0');
INSERT INTO `gok_student` VALUES ('102c489b16f141e08515d6a7a70e4c0e', '95', '2018.07.06', '', '350181199701211615', '', '2015', '', '5-603', '13860646551', '1032593295', '', '-web', '1997/01/21(', '', '', '', '', 'SEEE', 'WEB1804', '', '1', '2019-03-28 17:28:43', '1', '2019-03-28 17:28:43', null, '0');
INSERT INTO `gok_student` VALUES ('124d62ae58bd415b870d3f137003cd85', '133', '2018.9.29', '', '350821199805251218', '', '2016', '', 'c3-314', '13110635338', '626987792', '', '-web', '1998/04/29', '', '', '', '', 'SE', '', '', '1', '2019-03-28 17:28:43', '1', '2019-03-28 17:28:43', null, '0');
INSERT INTO `gok_student` VALUES ('13ba354c8c134f61a8696cd723666905', '59', '2017.11.26', '', '350525199807045310', '', '2016', ' ', '2-312', '18050989859', '1292675285', '', '-web', '1998/05/11', '', '', '', '', 'SEEE', '', '', '1', '2019-03-28 17:28:43', '1', '2019-03-28 17:28:43', null, '0');
INSERT INTO `gok_student` VALUES ('14b13a73eb6c45109c5f95d43944f8b2', '28', '2016.12.01', '', '350600199610161017\n', '', '2015', '', '5-515', '13067208872', '292701801', ' ', '-', '1996/10/16', '', '', '', '', 'IE', '', '', '1', '2019-03-28 17:28:43', '1', '2019-03-28 17:28:43', null, '0');
INSERT INTO `gok_student` VALUES ('1518dfb6404e4c74a06b1a1c2d2a4fb8', '109', '2018.08.01', '', '35052119960106553X', '', '', '', '', '13110668539', '335359916', '', '-web', '1996/01/06', '', '', '', '', 'SE', 'EE1812', '', '1', '2019-03-28 17:28:43', '1', '2019-03-28 17:28:43', null, '0');
INSERT INTO `gok_student` VALUES ('163811f684334ce58048e85f3a148e58', '2', '2015.11.04', '', '350121199610060392', '', '2015', '', '', '15980225939', '490974193', ' ', '-', '1996/10/06', '', '', '', 'NA..', '', '', '', '1', '2019-03-28 17:28:43', '1', '2019-03-28 17:28:43', null, '0');
INSERT INTO `gok_student` VALUES ('17fd9fdc9a5a432fab6cbe7bf70ba85a', '99', '2018.07.28', '', '530602199912174020', '', '2017', '', '4-324', '18687077768', '1369412293', '', '-web', '1999/12/17', '', '', '', '', 'SE', 'SE1903', '', '1', '2019-03-28 17:28:43', '1', '2019-03-28 17:28:43', null, '0');
INSERT INTO `gok_student` VALUES ('19e45200c5dd469dae86ebb625918f22', '150', '2018.11.23', '', '522126199709180015', '', '2017', '', '5-313', '14785733781', '2389217575', '', '-web', '1997/09/08', '', '', '', '', '', 'SE1812', '', '1', '2019-03-28 17:28:44', '1', '2019-03-28 17:28:44', null, '0');
INSERT INTO `gok_student` VALUES ('1a7a76d4143e4d668e1c6f7d3f3a4be2', '160', '2018.12.23', '', '350182200007181673', '', '2018', '', '2-310', '13950354677', '1527955807', '', '-', '2000/07/18', '', '', '', '', '', '1905', '', '1', '2019-03-28 17:28:44', '1', '2019-03-28 17:28:44', null, '0');
INSERT INTO `gok_student` VALUES ('1b19df7c8c434804b024d1d0bcb44131', '121', '2018.08.29', '', '350723199605040624', '', '2015', '', '410 c210', '15960752316\n', '1245803520', '', '- ', '1996/03/17', '', '', '', '', '', '', '', '1', '2019-03-28 17:28:43', '1', '2019-03-28 17:28:43', null, '0');
INSERT INTO `gok_student` VALUES ('1c90190d94df4908bdf3bf3a954df8ae', '188', '2019.03.20', '', '350125200005112423', '', '2018', '', '8-618', '13174557217', '1176942340', '', '-', '2000/04/08', '', '', '', 'NA', '', '1905', '', '1', '2019-03-28 17:28:44', '1', '2019-03-28 17:28:44', null, '0');
INSERT INTO `gok_student` VALUES ('1d2dc7d3a8b34c7cb22ac46f47fb7a35', '42', '2017.08.01', '', '350121199803164219', '', '2016', ' ', '2-303', '13110521582', '374244709', '', '-', '1998/3/16', '', '', '', 'NA', '', '1902', '', '1', '2019-03-28 17:28:43', '1', '2019-03-28 17:28:43', null, '0');
INSERT INTO `gok_student` VALUES ('2019d904a74442fe96ab04e935a013c0', '170', '2018.12.26', '', '350302199908241614', '', '2018', '', '2-308', '13859867143', '10315075380', '', '-', '1999/08/24', '', '', '', '', '', '1905', '', '1', '2019-03-28 17:28:44', '1', '2019-03-28 17:28:44', null, '0');
INSERT INTO `gok_student` VALUES ('20bb9a1b888146d8bd0bb0effd41e390', '164', '2018.12.25', '', '350301200003291413', '', '2018', '', '2-319', '18039072117', '2644134516', '', '-', '2000/03/29', '', '', '', '', '', '1905', '', '1', '2019-03-28 17:28:44', '1', '2019-03-28 17:28:44', null, '0');
INSERT INTO `gok_student` VALUES ('2357ad9df3bf4e1f93ba7287bddc0eda', '86', '2018.06.19', '', '350583199704127712', '', '2016', '', '6#412', '15159868460', '401817012', '', '-', '1997/03/06(', '', '', '', ' NA', '', '1902', '', '1', '2019-03-28 17:28:43', '1', '2019-03-28 17:28:43', null, '0');
INSERT INTO `gok_student` VALUES ('245f02b6f77844188377d0fe8f772751', '49', '2017.08.04', '', '352230199606032122\n', '', '2016', ' ', '11-416', '18359106625', '904086257', '', '-', '1996/06/04)', '', '', '', '', '', '', '', '1', '2019-03-28 17:28:43', '1', '2019-03-28 17:28:43', null, '0');
INSERT INTO `gok_student` VALUES ('25f7d6762fe445f2af6097aa0b285e63', '153', '2018.11.25', '', '350525199906172227', '', '2017', '', '4-317', '15806036876', '1021319876', '', '-web', '1999/06/17', '', '', '', '', '', 'SE1812', '', '1', '2019-03-28 17:28:44', '1', '2019-03-28 17:28:44', null, '0');
INSERT INTO `gok_student` VALUES ('26df86dc0a6a4f14a173eba9167a31c6', '186', '2019.03.03', '', '350105199509171514', '', '2015', '', '5-1004', '15280170593', '396471404', '', '- ', '1995/09/17', '', '', '', 'NA', '', '', '', '1', '2019-03-28 17:28:44', '1', '2019-03-28 17:28:44', null, '0');
INSERT INTO `gok_student` VALUES ('281704593bad4bb3b24dfd6cb068b648', '107', '2018.08.01', '', '350121199704041213', '', '2015', '', '', '15659971703', '1660015970', '', '-', '1997/04/04(', '', '', '', '', '', '', '', '1', '2019-03-28 17:28:43', '1', '2019-03-28 17:28:43', null, '0');
INSERT INTO `gok_student` VALUES ('288bc6270fcf4e0880d9aee6ddebc1ab', '131', '2018.9.28', '', '350121199412146216', '', '2014', '', '513', '18649624525', '673301732', '', '-', '1995/02/14', '', '', '', 'NA,', '', '', '', '1', '2019-03-28 17:28:43', '1', '2019-03-28 17:28:43', null, '0');
INSERT INTO `gok_student` VALUES ('2980e2fee825495e8b7ab1503201d7a5', '143', '2018.11.18', '', '140525200009256355', '', '2018', '', 'a306', '18150028737', '1647299657', '', '-', '2000/08/28', '', '', '', '', '', '1905', '', '1', '2019-03-28 17:28:44', '1', '2019-03-28 17:28:44', null, '0');
INSERT INTO `gok_student` VALUES ('29b24abdb2e6455ea6913cc087a8ddfe', '122', '2018.08.29', '', '350627199609264510', '  ', '2016', '', '4 615\n', '13159472196\n', '1264534685', '', '- ', '1996/08/14', '\n', '', '', '', '', '1902', '', '1', '2019-03-28 17:28:43', '1', '2019-03-28 17:28:43', null, '0');
INSERT INTO `gok_student` VALUES ('2aa1f5bd9ab04d6695b1c5e17f10b7cc', '62', '2017.12.16', '', '352225199306281513', '', '', '', '', '18046141905', '110186903', '', '-', '1993/06/28', '', '', '', '', '', '1903', '', '1', '2019-03-28 17:28:43', '1', '2019-03-28 17:28:43', null, '0');
INSERT INTO `gok_student` VALUES ('30bb5cc9615c4f07b8fb243b3a6bdb1c', '112', '2018.08.03', '', '350526199602256532', '', '2015', '', '', '15892132782', '965804143', '', '-', '1996/02/259', '', '', '', '', '', '', '', '1', '2019-03-28 17:28:43', '1', '2019-03-28 17:28:43', null, '0');
INSERT INTO `gok_student` VALUES ('30c15fec6eaf4ba2b6567e35b4fb5f16', '47', '2017.08.03', '', '350582199611291031', '', '2015', '', '2-412', '13215980089', '413618247', ' ', '-web', '1996/01/19', '', '', '', '', 'SEEE', '', '', '1', '2019-03-28 17:28:43', '1', '2019-03-28 17:28:43', null, '0');
INSERT INTO `gok_student` VALUES ('31913af6b502494d854c4cc8e7eb87f6', '151', '2018.11.23', '', '350118199904031753', '', '2017', '', '5-314', '15750838322', '543795152', '', '-web', '1999/04/03', '', '', '', '', '', 'SE1812', '', '1', '2019-03-28 17:28:44', '1', '2019-03-28 17:28:44', null, '0');
INSERT INTO `gok_student` VALUES ('3225f36e3e9144a0bf3c6f1462e654de', '70', '2018.04.19', '', '350783199907272515', '', '2017', '', '3-551', '13295912395', '2414640023', '', '-', '1999/07/27', '', '', '', '', '', '1903', '', '1', '2019-03-28 17:28:43', '1', '2019-03-28 17:28:43', null, '0');
INSERT INTO `gok_student` VALUES ('323891c208664b14af570f28f3d66e34', '44', '2017.08.02', '', '350582199611215055', '', '2015', '', '2-418', '13215003512', '2549547174', ' ', '-', '1996/01/08', '', '', '', '', '', '', '', '1', '2019-03-28 17:28:43', '1', '2019-03-28 17:28:43', null, '0');
INSERT INTO `gok_student` VALUES ('35b38d80f6aa4de7a23b818aa865f96e', '8', '2015.12.29', '', '350521199701231013', '', '2015', ' ', '4-110', '15259141380', '1303546494', ' ', '- ', '1996/03/01', '', '', '', 'NA.', '', '', '', '1', '2019-03-28 17:28:43', '1', '2019-03-28 17:28:43', null, '0');
INSERT INTO `gok_student` VALUES ('36974832d8634e1cbb213d7581f28039', '114', '2018.08.05', '', '610302199706125117', '', '2017', '\n', '24#401', '13055733538', '3409056320', '', '-', '1997/06/12', '', '', '', 'NA', '', '1903', '', '1', '2019-03-28 17:28:43', '1', '2019-03-28 17:28:43', null, '0');
INSERT INTO `gok_student` VALUES ('38a3140d772b4d29aabda19de30f58bd', '52', '2017.09.07', '', '350525199702136216\n', '', '2015', '', '3-610', '15259733625', '852102698', '', '-', '1997/01/07', '', '', '', '', '', '', '', '1', '2019-03-28 17:28:43', '1', '2019-03-28 17:28:43', null, '0');
INSERT INTO `gok_student` VALUES ('39c7a742809e4f9dbd8099cb38bdab51', '130', '2018.9.28', '', '350123199611244196', '', '2015', '', '2-411', '13609507188', '876397245', '', '-web', '1996/11/24', '', '', '', '', 'SE', 'EE1812', '', '1', '2019-03-28 17:28:43', '1', '2019-03-28 17:28:43', null, '0');
INSERT INTO `gok_student` VALUES ('3aff7c2e38324b3cb61d5eef20f1dc42', '17', '2016.07.29', '', '350481199801250511', '', '2015', '', '3-606', '18059808017', '531302905', '', '-', '1998/01/25', '', '', '', 'NA', '', '', '', '1', '2019-03-28 17:28:43', '1', '2019-03-28 17:28:43', null, '0');
INSERT INTO `gok_student` VALUES ('3bfc759134894f3993c2d0524137d18a', '96', '2018.07.10', '', '352202199603100016', '', '2016', '', 'A107', '18106069615', '836149539', '', '-', '1996/03/10(', '', '', '', '', '', '', '', '1', '2019-03-28 17:28:43', '1', '2019-03-28 17:28:43', null, '0');
INSERT INTO `gok_student` VALUES ('3d37c98d8b944d94a72cf9938a6c1f58', '157', '2018.12.12', ' ', '150302199905250024', '', '2017', '', 'B206', '13645070290', '3106970270', '', '-', '1999/05/25', '', '', '', '', '', '1905', '2019.3', '1', '2019-03-28 17:28:44', '1', '2019-03-28 17:28:44', null, '0');
INSERT INTO `gok_student` VALUES ('3da7d6ac2d4c4188a888eb139038ec3c', '1', '2015.03.28', '', '140402199408230456', '', '2015', '', '5-325', '15635582127', '248400194', '', '-', '1994/08/18', '', '', '', 'NA..', 'IE', 'IE1801', '', '1', '2019-03-28 17:28:43', '1', '2019-03-28 17:28:43', null, '0');
INSERT INTO `gok_student` VALUES ('3f423eaa7fe84fd09809fd01e1af56a6', '81', '2018.05.25', '', '350524199712213039', '', '2016', '', '3-211', '18359586833', '791162615', '', '-web', '1998/03/11(', '', '', '', '', 'SEEE', '', '', '1', '2019-03-28 17:28:43', '1', '2019-03-28 17:28:43', null, '0');
INSERT INTO `gok_student` VALUES ('3f62a678d9a248c6a182750f5dea9db0', '38', '2017.07.24', '', '350351199712162235', '', '2016', ' ', '2-316', '13850291721', '473001866', '', '- ', '1997/11/17', '', '', '', '', '', '1903', '', '1', '2019-03-28 17:28:43', '1', '2019-03-28 17:28:43', null, '0');
INSERT INTO `gok_student` VALUES ('3f7ee79c90b84c0dbfb91804917aca0d', '91', '2018.06.22', '', '411527199607231514', '', '2016', '', '2-304', '13275905582', '2713115844', '', '-', '1996/07/23(', '', '', '', '', '', '1902', '', '1', '2019-03-28 17:28:43', '1', '2019-03-28 17:28:43', null, '0');
INSERT INTO `gok_student` VALUES ('3fe412b9068849b0b049b67c55048a30', '192', '2019.03.27', '', '35021120006210057', '', '2018', '', '14-114', '18965849483', '343664590', '', '-', '2000/06/21', '', '', '', '', '', '', '', '1', '2019-03-28 17:28:44', '1', '2019-03-28 17:28:44', null, '0');
INSERT INTO `gok_student` VALUES ('41ba3c2b5eef4c12ac75ae7c86014a1c', '101', '2018.07.29', '', '350181199712201826', '', '2016', '', '4-324', '18359186909', '1149008065', '', '-web', '1997/12/20(', '', '', '', '', 'SE', '', '', '1', '2019-03-28 17:28:43', '1', '2019-03-28 17:28:43', null, '0');
INSERT INTO `gok_student` VALUES ('43fee3bd7c4247afb6b7138a85d4fa7e', '134', '2018.10.08', '', '350681199701215728', '', '2016', '', '11-421', '15280607420', '1427770771', '', '-', '1997/12/13', '', '', '', '', '', '1903', '', '1', '2019-03-28 17:28:43', '1', '2019-03-28 17:28:43', null, '0');
INSERT INTO `gok_student` VALUES ('440a0d8cce4c4df381ce01f2dfc896bc', '61', '2017.12.01', '', '35023119971218002X', '', '2016', '', '33#316', '17750256596', '1877522439', '', '-', '1997/12/18', '', '', '', 'NA', '', '1903', '', '1', '2019-03-28 17:28:43', '1', '2019-03-28 17:28:43', null, '0');
INSERT INTO `gok_student` VALUES ('477165296eb84ab58f5ba70db001885e', '123', '2018.09.01', '', '350121199403081545', '', '2015', '', '', '18373633229', '748601156', '', '-', '1996/01/14', '', '', '', '', '', '1902', '', '1', '2019-03-28 17:28:43', '1', '2019-03-28 17:28:43', null, '0');
INSERT INTO `gok_student` VALUES ('4d0dfc6400494a3aa73d999b81961dc5', '129', '2018.9.28', '', '350104199701184415', '', '2015', '', '2-411', '18659195479', '282920193', '', '-web', '1997/01/18', '', '', '', '', 'SE', 'EE1812', '', '1', '2019-03-28 17:28:43', '1', '2019-03-28 17:28:43', null, '0');
INSERT INTO `gok_student` VALUES ('4f08d466ceb543d7a5c2a4618217febc', '144', '2018.11.18', '', '130730199807301813', '', '2018', '', 'A307', '15030390475', '243591964', '', '-', '1998/07/30', '', '', '', '', '', '1905', '', '1', '2019-03-28 17:28:44', '1', '2019-03-28 17:28:44', null, '0');
INSERT INTO `gok_student` VALUES ('50cf635a2a2940ccb414f783d701d92a', '154', '2018.11.26', '', '510104199911071478', '', '2017', '', ' A610', '18980549011', '937512416', '', '-', '1999/11/26', '', '', '', 'NA', '', '1903', '11.27', '1', '2019-03-28 17:28:44', '1', '2019-03-28 17:28:44', null, '0');
INSERT INTO `gok_student` VALUES ('561ca4a55a55434fb1dff2ec8aa60c54', '16', '2016.07.27', '', '352229199503140512', '', '2015', '', '3-605', '13067208285', '839764140', '', '-', '1995/03/14', '', '', '', '', '', '', '', '1', '2019-03-28 17:28:43', '1', '2019-03-28 17:28:43', null, '0');
INSERT INTO `gok_student` VALUES ('56b0b958ef8048c3af05870af9242667', '72', '2018.04.22', '', '350583199804018310', '', '2016', '', '3-404', '18359190593', '1106442061', '', '-', '1998/04/01', '', '', '', 'NA', '', '', '', '1', '2019-03-28 17:28:43', '1', '2019-03-28 17:28:43', null, '0');
INSERT INTO `gok_student` VALUES ('5725d1c500624918b4adedd6c66e51b8', '97', '2018.07.10', '', '350104199609031563', '', '2015', '', '410 c210', '13685004686', '396951684', '', '-', '1996/09/03(', '', '', '', '', '', '', '', '1', '2019-03-28 17:28:43', '1', '2019-03-28 17:28:43', null, '0');
INSERT INTO `gok_student` VALUES ('57bc64987906491bb6c52012c70efc3c', '14', '2016.07.04', '', '350321199606242215', '', '2015', '', '3-607', '13067210605', '1134563634', '', '-', '1996/06/24', '', '', '', 'NA', '', '', '', '1', '2019-03-28 17:28:43', '1', '2019-03-28 17:28:43', null, '0');
INSERT INTO `gok_student` VALUES ('58c87833175b4bb3ac9274caf58c851a', '33', '2017.03.01', '', '350104199909091576\n', '', '', '', '', '17805902422', '1136321512', ' ', '-', '1999/07/29', '', '', '', 'NA', '', '1902', '', '1', '2019-03-28 17:28:43', '1', '2019-03-28 17:28:43', null, '0');
INSERT INTO `gok_student` VALUES ('5b8a9d8f61fa46a983a49da62d5e84c5', '158', '2018.12.16', '', '411381199708154551', '', '2014', '', '28#1809', '18705076087', '1451365539', '', '-web', '1996/07/15', '', '', '', '', '', 'SE1903', '', '1', '2019-03-28 17:28:44', '1', '2019-03-28 17:28:44', null, '0');
INSERT INTO `gok_student` VALUES ('5b92729fc4504a5d9aec2970734f86dc', '73', '2018.04.22', '', '142326199801041210', '', '2015', '', '2-504', '13215003006', '609360363', '', '-', '1998/01/04', '', '', '', 'NA', '', '', '', '1', '2019-03-28 17:28:43', '1', '2019-03-28 17:28:43', null, '0');
INSERT INTO `gok_student` VALUES ('5d747270579b4c1a928fd6d1d57a1eb5', '159', '2018.12.16', '', '350103199504024213', '', '2014', '', '13#101', '18649739409', '1129084873', '', '-web', '1995/04/02', '', '', '', '', '', 'SE1903', '', '1', '2019-03-28 17:28:44', '1', '2019-03-28 17:28:44', null, '0');
INSERT INTO `gok_student` VALUES ('5df62a01df0443ddbba7e2e54b0a6142', '60', '2017.11.27', '', '350322199902120024', '', '2016', '', '33#408', '13225918283', '1097321035', '', '-', '1999/12/27', '', '', '', '', '', 'IE1801', '', '1', '2019-03-28 17:28:43', '1', '2019-03-28 17:28:43', null, '0');
INSERT INTO `gok_student` VALUES ('5e73b7193f014d67b3a462a4d6e2e515', '23', '2016.08.28', '', '352229199701070025\n', '', '2015', '', '35#207', '13559619552', '961339768', '', '-', '1997/01/07', '', '', '', '', ',', '', '', '1', '2019-03-28 17:28:43', '1', '2019-03-28 17:28:43', null, '0');
INSERT INTO `gok_student` VALUES ('5f9d2fa5f0004a468200713924c7c4f7', '145', '2018.11.19', '', '350783199812112519', '', '2017', '', '3-549', '13062281376', '1361116237', '', '-web', '1998/12/11', '', '', '', '', '', 'SE1903', '', '1', '2019-03-28 17:28:44', '1', '2019-03-28 17:28:44', null, '0');
INSERT INTO `gok_student` VALUES ('620627c2674a4b34a12aa536cad3342b', '120', '2018.08.28', '', '130602199906050019', '', '2017', '', '2-211', '15369257816', '929315394', '', '-', '1999/06/05(', '', '', '', '', '', '1902', '', '1', '2019-03-28 17:28:43', '1', '2019-03-28 17:28:43', null, '0');
INSERT INTO `gok_student` VALUES ('62f70faadfa2415eacf7a32d1a232c9a', '11', '2016.03.12', '', '350524199708174516', '', '2015', '', '2-305', '13960484763', '497948901', '', '-web', '1997/09/17', '', '', '', '', 'SE, EE ,WEB', '', '', '1', '2019-03-28 17:28:43', '1', '2019-03-28 17:28:43', null, '0');
INSERT INTO `gok_student` VALUES ('631a0b4f6c5c4cb4b70655227d5cd269', '104', '2018.07.31', '', '352227199905055617', '', '2017', '', '3-617', '13075809695', '2217097081', '', '-web', '1999/05/05(', '', '', '', '', 'SE', '', '', '1', '2019-03-28 17:28:43', '1', '2019-03-28 17:28:43', null, '0');
INSERT INTO `gok_student` VALUES ('6345c5d7335b418db4e058ab9d283b04', '57', '2017.11.26', '', '331002199810121017', '', '2016', '', '5-203', '18957601088', '1756872427', '', '-web', '1998/10/12', '', '', '', '', 'SE EE', '', '', '1', '2019-03-28 17:28:43', '1', '2019-03-28 17:28:43', null, '0');
INSERT INTO `gok_student` VALUES ('63fa08f3e881447e9cd591222ab2c8dd', '35', '2017.03.26', '', '412726199305142415', '', '2015', '', '2-519', '13107616989', '1850788689', ' ', '-web', '1995/05/14', '', '', '', '', 'SE,EEWEB', '', '', '1', '2019-03-28 17:28:43', '1', '2019-03-28 17:28:43', null, '0');
INSERT INTO `gok_student` VALUES ('646a5931d1bc4159a147d98804a0c3a7', '15', '2016.07.21', '', '350428199704273517\n', '', '2015', '', '2-519', '18350112571', '415849169', '', '-', '1997/04/27', '', '', '', '', 'IE', '', '', '1', '2019-03-28 17:28:43', '1', '2019-03-28 17:28:43', null, '0');
INSERT INTO `gok_student` VALUES ('66b43c040c874989a841c900bbb9741a', '53', '2017.09.15', '', '350128199810251761\n', '', '2016', '', '11-510', '15980718737', '1057405677', '', '-', '1998/09/05', '', '', '', '', '', '', '', '1', '2019-03-28 17:28:43', '1', '2019-03-28 17:28:43', null, '0');
INSERT INTO `gok_student` VALUES ('692cdb3ff7534effa9f715f196997bc5', '63', '2017.12.21', '', '350182200001131712', '', '', '', '', '15059110152', '1321179693', '', '-', '2000/01/13', '', '', '', '', '', '1903', '', '1', '2019-03-28 17:28:43', '1', '2019-03-28 17:28:43', null, '0');
INSERT INTO `gok_student` VALUES ('69b1685ab78546f5a12330069437a02b', '173', '2018.12.27', '', '370205199912113014', '', '2018', '', '14-104', '15215320967', '125942298', '', '-', '1999/12/11 (', '', '', '', 'NA', '', '1905', '', '1', '2019-03-28 17:28:44', '1', '2019-03-28 17:28:44', null, '0');
INSERT INTO `gok_student` VALUES ('6ae60bfaf51543a7bb1a285138e0007a', '118', '2018.08.10', '', '35062819980416153X', '', '2016', '', '6#412', '15880587934', '1354919309', '', '-', '1998/04/16', '', '', '', 'NA', '', '1902', '', '1', '2019-03-28 17:28:43', '1', '2019-03-28 17:28:43', null, '0');
INSERT INTO `gok_student` VALUES ('6c2531a7c2534fe08b7c510c568732c1', '3', '2015.11.16', '', '500230199703121027', '', '2016', '', '11-422', '18065566953', '2512877359', '', '-', '1997/03/12', '', '', '', 'NA,', '', '1902', '', '1', '2019-03-28 17:28:43', '1', '2019-03-28 17:28:43', null, '0');
INSERT INTO `gok_student` VALUES ('6cb2724c3b3246bb9b3ae90b9a21917f', '165', '2018.12.25', '', '350525199902253011', '', '2018', '', '2-319', '15159123957', '1718512516', '', '-', '1999/02/25', '', '', '', '', '', '1905', '', '1', '2019-03-28 17:28:44', '1', '2019-03-28 17:28:44', null, '0');
INSERT INTO `gok_student` VALUES ('6e63138f3b5f4c35933d6c49116b4543', '84', '2018.06.19', '', '350206199709130014', '', '2016', '', '6#414', '13290982610', '505951588', '', '-', '1997/09/13(', '', '', '', ' NA', '', '1902', '', '1', '2019-03-28 17:28:43', '1', '2019-03-28 17:28:43', null, '0');
INSERT INTO `gok_student` VALUES ('709980bb43e947c38294a48449996342', '140', '2018.11.16', '', '412801200008260887', '', '2018', '', 'A310', '17613232306', '824757856', '', '-', '2000/08/26', '', '', '', 'NA', '', '1903', '', '1', '2019-03-28 17:28:44', '1', '2019-03-28 17:28:44', null, '0');
INSERT INTO `gok_student` VALUES ('71c03c3d5b1e4afa9f0b07460cd28ffb', '4', '2015.12.15', '', '350628199603182537', '', '2015', ' ', '4-105', '13960020591', '986837667', ' ', '-', '1996/03/08', '', '', '', '', '', '', '', '1', '2019-03-28 17:28:43', '1', '2019-03-28 17:28:43', null, '0');
INSERT INTO `gok_student` VALUES ('7707f5e6c4ad46a9a6d7be6581bbeed2', '83', '2018.06.03', '', '500381199711137913', '', '2016', '', '33#218', '13110514210', '1162521578', '', '-', '1997/10/14', '', '', '', ' NA', '', '1802', '', '1', '2019-03-28 17:28:43', '1', '2019-03-28 17:28:43', null, '0');
INSERT INTO `gok_student` VALUES ('77a1b676c91d4c568283aef697d8ef35', '31', '2016.12.29', '', '350681199709296518', '', '2015', '', '2-418', '15892037148', '113683546', ' ', '-web', '1997/08/29', '', '', '', '', 'SE,EEWEB', '', '', '1', '2019-03-28 17:28:43', '1', '2019-03-28 17:28:43', null, '0');
INSERT INTO `gok_student` VALUES ('78204b0c2cee4c44936ea482bb07b7f7', '12', '2016.03.12', '', '35222819961012401X', '', '2015', '', '', '13067210560', '1021629214', '', '-web', '1996/09/01', '', '', '', '', 'SE', '', '', '1', '2019-03-28 17:28:43', '1', '2019-03-28 17:28:43', null, '0');
INSERT INTO `gok_student` VALUES ('78ee72d4501445b785258bb76cf09485', '125', '2018.09.09', '', '352202199711106618', '', '2016', '', '3-403', '13290802683', '247511785', '', '-web', '1997/10/10)', '', '', '', '', ' SE', '', '', '1', '2019-03-28 17:28:43', '1', '2019-03-28 17:28:43', null, '0');
INSERT INTO `gok_student` VALUES ('790c466f5ed04d08903c5dfe6ad13869', '193', '2019.03.27', '', '350102199909221534', '', '2018', '', '14-118', '18960785930', '1193492939', '', '-', '1999/09/22', '', '', '', '', '', '', '', '1', '2019-03-28 17:28:44', '1', '2019-03-28 17:28:44', null, '0');
INSERT INTO `gok_student` VALUES ('795e2127ab3f4042942e8d57b1227283', '92', '2018.06.22', '', '350122199408192814', '', '2014', '', '', '19959202732', '459858438', '', '-web', '1994/08/19(', '', '', '', '', 'SEEE', 'WEB1804', '', '1', '2019-03-28 17:28:43', '1', '2019-03-28 17:28:43', null, '0');
INSERT INTO `gok_student` VALUES ('7a1e8b76784d4b6889894a761e74dc66', '64', '2017.12.27', '', '350521199909275250', '', '2017', '', '3-623', '18750756940', '1512646183', '', '-web', '1999/08/18', '', '', '', '', 'SE ', '', '', '1', '2019-03-28 17:28:43', '1', '2019-03-28 17:28:43', null, '0');
INSERT INTO `gok_student` VALUES ('7c5dc2f386634f34ad69275cd1971ded', '185', '2019.03.03', '', '352201199402220015', '', '2015', '', '', '15659031231', '360232178', '', '-', '1994/02/22', '', '', '', 'NA', '', '1905', '', '1', '2019-03-28 17:28:44', '1', '2019-03-28 17:28:44', null, '0');
INSERT INTO `gok_student` VALUES ('7cbbc69b796f492988de3af65e3f34eb', '188', '2019.03.03', '', '350321200008041523', '', '2018', '', '8-415', '18150635769', '2606197822', '', '-', '2000/07/05(', '', '', '', '', '', '1905', '', '1', '2019-03-28 17:28:44', '1', '2019-03-28 17:28:44', null, '0');
INSERT INTO `gok_student` VALUES ('8275ce678df84362940fd40a46248a08', '37', '2017.05.16', '', '350524199807295516\n', '', '2016', '', '3-404', '18359190563', '942612436', '', '-', '1998/07/29', '', '', '', 'NA', '', 'IE1801', '', '1', '2019-03-28 17:28:43', '1', '2019-03-28 17:28:43', null, '0');
INSERT INTO `gok_student` VALUES ('829b062f3ed248d084987dd738ec7be9', '168', '2018.12.26', '', '350521199909228016', '', '2018', '', '2-212', '17750755296', '929415792', '', '-', '1999/08/13', '', '', '', '', '', '1905', '', '1', '2019-03-28 17:28:44', '1', '2019-03-28 17:28:44', null, '0');
INSERT INTO `gok_student` VALUES ('834f0028ec484b39b4ef38dd941235eb', '172', '2018.12.27', '', '441224199908192918', '', '2018', '', '14-103', '13047046903', '1067694927', '', '-', '1999/08/19 (', '', '', '', '', '', '1905', '', '1', '2019-03-28 17:28:44', '1', '2019-03-28 17:28:44', null, '0');
INSERT INTO `gok_student` VALUES ('83895fe8e8524550b12433034a293507', '51', '2017.08.05', '', '340803199811222881', '', '2016', ' ', '11-415', '18120805807', '853670830', '', '-', '1998/11/22', '', '', '', '', '', '', '', '1', '2019-03-28 17:28:43', '1', '2019-03-28 17:28:43', null, '0');
INSERT INTO `gok_student` VALUES ('84d1af5b59874167b574f62711fd030b', '32', '2017.02.18', '', '620502199707061656', '-', '2015', '', '9-315', '18919914106', '13893281617', ' ', '-', '1997/07/06', '', '', '', 'NA', ',', '', '', '1', '2019-03-28 17:28:43', '1', '2019-03-28 17:28:43', null, '0');
INSERT INTO `gok_student` VALUES ('8567626e8fef4b378ce0d3a1da13e079', '162', '2018.12.24', '', '350582200004020016', '', '2018', '', '5-209', '15559555172', '804633080', '', '-web', '2000/04/02', '', '', '', '', '', 'SE1903', '', '1', '2019-03-28 17:28:44', '1', '2019-03-28 17:28:44', null, '0');
INSERT INTO `gok_student` VALUES ('85c1018142b24cda885cc16d3082ecc3', '74', '2018.04.22', '', '330381199803074014', '', '2016', '', '5-212', '13967768035', '978105766', '', '-', '1998/03/07', '', '', '', 'NA', '', 'IE1801', '', '1', '2019-03-28 17:28:43', '1', '2019-03-28 17:28:43', null, '0');
INSERT INTO `gok_student` VALUES ('8740c94d8018466e965084f18a940559', '55', '2017.11.17', '', '350121199902093719  ', '', '2017', ' ', '3-550', ' 18558701720\n', '975106328', '', '-', '1999/02/09', '', '', '', '', '', '1903', '', '1', '2019-03-28 17:28:43', '1', '2019-03-28 17:28:43', null, '0');
INSERT INTO `gok_student` VALUES ('87d6f8ff914f42ef8e6828b5a7894290', '146', '2018.11.19', '', '230206200009270014', '', '2018', '', 'a309', '15164637250', '541799723', '', '-', '2000/08/15', '', '', '', 'NA', '', '1905', '', '1', '2019-03-28 17:28:44', '1', '2019-03-28 17:28:44', null, '0');
INSERT INTO `gok_student` VALUES ('886d2e832fb9496a8c24d472c616a812', '176', '2018.12.28', '', '371428199910036015', '-', '2018', '', '14-108', '15998769846', '2673747024', '', '-+', '1999/08/24(', '', '', '', 'NA', '', '1905', '', '1', '2019-03-28 17:28:44', '1', '2019-03-28 17:28:44', null, '0');
INSERT INTO `gok_student` VALUES ('88b5371051064f57bf7e292c85892657', '127', '2018.09.26', ' ', '341002199604231073', '-', '2016', '', '9-228', '13733062437', '575088792', '', '-', '1996/04/23', '', '', '', 'NA', '', '1902', '', '1', '2019-03-28 17:28:43', '1', '2019-03-28 17:28:43', null, '0');
INSERT INTO `gok_student` VALUES ('89b9f2b2d9244672a48f7d8a47948d5a', '119', '2018.08.13', '', '350582199711180515', '', '2016', '', '6411', '18859939668', '1301621451', '', '-', '1997/10/20(', '', '', '', 'NA', '', '1902', '', '1', '2019-03-28 17:28:43', '1', '2019-03-28 17:28:43', null, '0');
INSERT INTO `gok_student` VALUES ('8a5cfcc885ba49b69d6dd21597184817', '155', '2018.11.29', '', '510902200009089522', '', '2018', '', 'B603', '18323806388', '874911313', '', '-', '1999/11/09', '', '', '', '', '', '1905', '', '1', '2019-03-28 17:28:44', '1', '2019-03-28 17:28:44', null, '0');
INSERT INTO `gok_student` VALUES ('8e43d7921a3d4fa08abd405b01417ee3', '189', '2019.03.03', '', '35010219990204191X', '', '2017', '', '3-651', '13506992204', '1596997850', '', '-', '1999/02/04', '', '', '', '', '', '1902', '', '1', '2019-03-28 17:28:44', '1', '2019-03-28 17:28:44', null, '0');
INSERT INTO `gok_student` VALUES ('8e62893b71794c4d80f351250e8675bf', '90', '2018.06.19', '', '350681199707016527', '', '2016', '', '11-414', '15060597649', '1365399858', '', '-web', '1997/07/01', '', '', '', '', 'SEEE', '', '', '1', '2019-03-28 17:28:43', '1', '2019-03-28 17:28:43', null, '0');
INSERT INTO `gok_student` VALUES ('9288753fb98144a5a16269f6af321fdd', '142', '2018.11.17', '', '352229199604241013', '', '2016', '', '3-303', '13859676947', '1023775112', '', '-web', '1996/04/24', '', '', '', '', '', 'SE1812', '', '1', '2019-03-28 17:28:44', '1', '2019-03-28 17:28:44', null, '0');
INSERT INTO `gok_student` VALUES ('9470fdb63c69423ea5c1fe72dcd08b71', '184', '2019.02.28', '', '350122199504014612', '', '', '', '', '13174627427', '592980703', '', '-web', '1995/04/01', '', '', '', '', '', 'SE1903', '', '1', '2019-03-28 17:28:44', '1', '2019-03-28 17:28:44', null, '0');
INSERT INTO `gok_student` VALUES ('96460f81d4b04699be226a30602cd15c', '89', '2018.06.19', '', '350581199808030517', '', '2016', '', '2-306', '13110507795', '641897234', '', '-web', '1998/08/03(', '', '', '', '', 'SEEE', '', '', '1', '2019-03-28 17:28:43', '1', '2019-03-28 17:28:43', null, '0');
INSERT INTO `gok_student` VALUES ('9d9e6bfca02342e6b7a3b8c3f1e2194e', '10', '2016.03.02', '', '33072419961218715X', '', '2015', '', '3-608', '13600961453', '736786452', ' ', '-', '1996/12/18', '', '', '', 'NA..', '', '', '', '1', '2019-03-28 17:28:43', '1', '2019-03-28 17:28:43', null, '0');
INSERT INTO `gok_student` VALUES ('9da946c4491b4ede9271789aeff99b43', '71', '2018.04.22', '', '350181199702041582', '', '2015', '', '7-403', '15750833523', '459174276', '', '-', '1997/02/04', '', '', '', 'NA', '', '', '', '1', '2019-03-28 17:28:43', '1', '2019-03-28 17:28:43', null, '0');
INSERT INTO `gok_student` VALUES ('9eb0e752d2e4458dbba341ea75a9291e', '18', '2016.08.01', '', '522702199605260020\n', '', '2015', '', '35#208', '13107681850', '912626944', '', '-', '1996/12/13', '', '', '', 'NA', '', '', '', '1', '2019-03-28 17:28:43', '1', '2019-03-28 17:28:43', null, '0');
INSERT INTO `gok_student` VALUES ('9fde2b98a4444eb49833d88c7c5f488a', '152', '2018.11.24', ' ', '610124199801200928', '', '2018', '', 'B 601', '18150630653', '3139414758', '', '-', '1999/01/20', '', '', '', '', '', '1905', '', '1', '2019-03-28 17:28:44', '1', '2019-03-28 17:28:44', null, '0');
INSERT INTO `gok_student` VALUES ('a02bb59259d8462298d6526bc5b896f6', '85', '2018.06.19', '', '350521199801294548', '', '2016', '', '33#403', '13636978226', '1657671584', '', '-', '1998/01/29(', '', '', '', 'NA', '', '1902', '', '1', '2019-03-28 17:28:43', '1', '2019-03-28 17:28:43', null, '0');
INSERT INTO `gok_student` VALUES ('a13a36484bfa4b75a2c9d1b211ea1838', '124', '2018.09.02', '', '441202199808190511', '', '2017', '', '2-213', '13642255320', '332823070', '', '-', '1998/08/19', '', '', '', 'NA', '', '', '', '1', '2019-03-28 17:28:43', '1', '2019-03-28 17:28:43', null, '0');
INSERT INTO `gok_student` VALUES ('a344041d86ad456ab90f688a77464b60', '190', '2019.03.03', '', '410103200003310213', '', '2018', '', '14-109', '18939259268', '499194873', '', '-', '2000/03/31', '', '', '', '', '', '1905', '', '1', '2019-03-28 17:28:44', '1', '2019-03-28 17:28:44', null, '0');
INSERT INTO `gok_student` VALUES ('a35f33bea0eb42c5a50e4b2d53a50cc3', '191', '2019.03.04', '', '360702199612141327', '', '2015', '', '8-614', '13656025135', '3223933858', '', '-', '1996/12/14', '', '', '', '', '', '1905', '', '1', '2019-03-28 17:28:44', '1', '2019-03-28 17:28:44', null, '0');
INSERT INTO `gok_student` VALUES ('a3d633da917e4cc6951642cd1c72d522', '138', '2018.11.10', '', '330681199708243306', '', '2016', '', '9-501', '18359182805', '739377827', '', '-', '1997/08/24', '', '', '', 'NA', '', '1903', '', '1', '2019-03-28 17:28:44', '1', '2019-03-28 17:28:44', null, '0');
INSERT INTO `gok_student` VALUES ('a6ae51839d11438ab8b43ab82761cbbb', '175', '2018.12.28', '', '350502199904280019', '', '2018', '', '2-319', '18396220420', '1953086481', '', '-', '1999/04/28 ( ', '', '', '', '', '', '1905', '', '1', '2019-03-28 17:28:44', '1', '2019-03-28 17:28:44', null, '0');
INSERT INTO `gok_student` VALUES ('a799496de17448979dcdbc3e93f5ae0d', '161', '2018.12.24', '', '35062720000505151X', '', '2018', '', '5-213', '18250658372', '616274386', '', '-web', '2000/05/05', '', '', '', '', '', 'SE1903', '', '1', '2019-03-28 17:28:44', '1', '2019-03-28 17:28:44', null, '0');
INSERT INTO `gok_student` VALUES ('aad5aeb300764158a6a4a4e243606d21', '100', '2018.07.29', '', '350525199812281916', '', '2017', '', '5-312', '18750765401', '554632285', '', '-', '1998/11/10', '', '', '', 'NA', '', '1903', '', '1', '2019-03-28 17:28:43', '1', '2019-03-28 17:28:43', null, '0');
INSERT INTO `gok_student` VALUES ('abd786c97ff6427db5354bca75a69b30', '189', '2019.03.20', '', '35010420000905154X', '', '2018', '', '8-618', '15705941826', '1357856302', '', '-', '2000/08/01', '', '', '', 'NA', '', '1905', '', '1', '2019-03-28 17:28:44', '1', '2019-03-28 17:28:44', null, '0');
INSERT INTO `gok_student` VALUES ('ac521833adec4e4397c3728c7ddb9c31', '149', '2018.11.22', '', '35062719970729051X', '', '2017', '', 'A609', '18060589317', '1220675686', '', '-', '1997/07/29', '', '', '', 'NA', '', '1903', '', '1', '2019-03-28 17:28:44', '1', '2019-03-28 17:28:44', null, '0');
INSERT INTO `gok_student` VALUES ('acfe9e52a5ae45ffb270c9648c0958b7', '48', '2017.08.04', '', '350102199805026726\n', '', '2016', '', '33#408', '13290951006', '1023812287', '', '-', '1998/05/02( )', '', '', '', '', '', '1802', '', '1', '2019-03-28 17:28:43', '1', '2019-03-28 17:28:43', null, '0');
INSERT INTO `gok_student` VALUES ('afac6d9959c04610b0393f98e9671c1e', '98', '2018.07.26', '', '350121199812300809', '', '2017', '', '9-616', '13514080965', '1161487297', '', '-', '1998/11/30(', '', '', '', 'NA', '', '1902', '', '1', '2019-03-28 17:28:43', '1', '2019-03-28 17:28:43', null, '0');
INSERT INTO `gok_student` VALUES ('afe00c8d314e4263a7075217dbc32f86', '181', '2019.02.24', '', '350622200003112516', '', '2018', '', '-A406', '18050474560', '1240495414', '', '-', '2000/03/11', '', '', '', '', '', '1905', '', '1', '2019-03-28 17:28:44', '1', '2019-03-28 17:28:44', null, '0');
INSERT INTO `gok_student` VALUES ('b213e3ce44ff44ddbac2d99f5201564d', '82', '2018.05.25', '', '350111199609022919', '', '2015', '', 'B616', '13705064285', '768476903', '', '-', '1996/08/29(', '', '', '', '', '', 'IE1801', '', '1', '2019-03-28 17:28:43', '1', '2019-03-28 17:28:43', null, '0');
INSERT INTO `gok_student` VALUES ('b2c786b2eb4e405e8560640d636c8ede', '58', '2017.11.26', '', '35052119961212729X', '', '2015', '', '2-406', '13067209881', '269941963', ' ', '-web', '1996/12/12', '', '', '', '', 'SEEE', '', '', '1', '2019-03-28 17:28:43', '1', '2019-03-28 17:28:43', null, '0');
INSERT INTO `gok_student` VALUES ('b302d3cabbe64c698312eb7bb7bfe70f', '29', '2016.12.04', '', '350628199701180527\n', '', '2015', '', '4-603', '15260652603', '1305716300', '', '-', '1997/1/18', '', '', '', 'NA', '', '', '', '1', '2019-03-28 17:28:43', '1', '2019-03-28 17:28:43', null, '0');
INSERT INTO `gok_student` VALUES ('b3dba0e3848e4efaab625e0aa3139e90', '43', '2017.08.02', '', '350622199601082075', '', '2015', '', '2-405', '18590780590', '632540339', ' ', '-', '1996/10/11', '', '', '', '', '', '', '', '1', '2019-03-28 17:28:43', '1', '2019-03-28 17:28:43', null, '0');
INSERT INTO `gok_student` VALUES ('b4731a0b243c48e2aae020c8e1e78ac7', '78', '2018.04.27', '', '350104199911301560', '', '2017', '', '4-223', '18150812101', '1308591862', '', '-', '1999/11/30(', '', '', '', '', '', '1902', '', '1', '2019-03-28 17:28:43', '1', '2019-03-28 17:28:43', null, '0');
INSERT INTO `gok_student` VALUES ('b47d2562142e44278237b3db05890afd', '19', '2016.08.08', '', '350425199608160716', '', '2015', '', '2-309', '17746078131', '949331831', '', '-web', '1996/08/16', '', '', '', '', 'SE, EE ,WEB', '', '', '1', '2019-03-28 17:28:43', '1', '2019-03-28 17:28:43', null, '0');
INSERT INTO `gok_student` VALUES ('b567d8362b334532acb5add39733a770', '117', '2018.08.07', '', '350322200003010011', '', '2016', '', '6#412', '13290931618', '2859145994', '', '-', '1998/12/26(', '', '', '', 'NA', '', '1902', '', '1', '2019-03-28 17:28:43', '1', '2019-03-28 17:28:43', null, '0');
INSERT INTO `gok_student` VALUES ('b5b19a611dc845e5b866ade5e5bdfba5', '94', '2018.06.27', '', '350103199703121534', '', '2015', '', 'H2103', '15659173907', '1183130083', '', '-web', '1997/03/12', '', '', '', '', 'SE', 'SE1903', '', '1', '2019-03-28 17:28:43', '1', '2019-03-28 17:28:43', null, '0');
INSERT INTO `gok_student` VALUES ('b703207976b843cd8d86994a574dc741', '13', '2016.04.26', '', '610124199711143667', '', '2015', '', '7-410', '18750716180', '554482397', '', '-', '1997/11/14', '\n', '', '', 'NA', 'IE', 'IE1801', '', '1', '2019-03-28 17:28:43', '1', '2019-03-28 17:28:43', null, '0');
INSERT INTO `gok_student` VALUES ('b7691e65384845b4b769fdc141ea5911', '184', '2018.02.27', '', '350122199902272836', '-', '2017', '', '2-105', '15806026007', '1175500464', '', '-web', '1999/02/27', '', '', '', '', '', 'SE1903', '', '1', '2019-03-28 17:28:44', '1', '2019-03-28 17:28:44', null, '0');
INSERT INTO `gok_student` VALUES ('b92497a7b82e4a3181d7b7ea41d4165b', '182', '2019.02.24', '', '350182199911141658', '', '2018', '', '-A401', '13625037565', '823951518', '', '-', '1999/11/14', '', '', '', '', '', '1905', '', '1', '2019-03-28 17:28:44', '1', '2019-03-28 17:28:44', null, '0');
INSERT INTO `gok_student` VALUES ('bbf0bea6e1d04742b432ff4a4172f303', '54', '2017.09.17', '', '35042619960509502x', '', '2015', ' ', '8-612', '13459811898', '1065077502', '', '-web', '1996/03/14', '', '', '', '', 'SEEEWEB', 'WEB1804', '', '1', '2019-03-28 17:28:43', '1', '2019-03-28 17:28:43', null, '0');
INSERT INTO `gok_student` VALUES ('bcb0d5a14e3b457786ff1257a2859fac', '177', '2018.12.28', '', '352201200004140015', '', '2018', '', '2-214', '17338024750', '912354783', '', '-', '2000/04/14 ( ', '', '', '', '', '', '1905', '', '1', '2019-03-28 17:28:44', '1', '2019-03-28 17:28:44', null, '0');
INSERT INTO `gok_student` VALUES ('be4124144f794bee8f84e1ce4715933d', '25', '2016.09.15', '', '352201199608183619', '', '2015', ' ', ' 4-108', '18950350927', '542527542', ' ', '-web', '1996/08/16', '', '', '', '', 'SE,EEWEB', '', '', '1', '2019-03-28 17:28:43', '1', '2019-03-28 17:28:43', null, '0');
INSERT INTO `gok_student` VALUES ('c084aef21c2540a485d95545b4a569e6', '113', '2018.08.04', '', '330424199505150048', '', '', '', '', '18859123495', '835962294', '', '-', '1995/05/15(', '', '', '', 'NA', '', '', '9', '1', '2019-03-28 17:28:43', '1', '2019-03-28 17:28:43', null, '0');
INSERT INTO `gok_student` VALUES ('c0e20214987e404da532f04ff628f8ba', '102', '2018.07.30', '', '35062819970218401X', '', '2016', '', '3-403', '15375784668', '741912624', '', '-web', '1997/2/18(', '', '', '', '', 'SE', '', '', '1', '2019-03-28 17:28:43', '1', '2019-03-28 17:28:43', null, '0');
INSERT INTO `gok_student` VALUES ('c1261d4ca2704f42b202f3052de62e46', '192', '2019.03.14', '', '622224199810176025', '', '2017', '', '4-226', '18060567592', '1964435231', '', '-web', '1998/10/17', '', '', '', '', '', 'SE1903', '', '1', '2019-03-28 17:28:44', '1', '2019-03-28 17:28:44', null, '0');
INSERT INTO `gok_student` VALUES ('c12bc4f916834f9195aef4ee146c123d', '132', '2018.9.29', '', '350103199311132330', '', '', '', '', '15659377721', '371443902', '', '-web', '1993/11/13', '', '', '', '', '', 'SE1812', '', '1', '2019-03-28 17:28:43', '1', '2019-03-28 17:28:43', null, '0');
INSERT INTO `gok_student` VALUES ('c245de65823d4b0ab254f83979e66373', '103', '2018.07.31', '', '350500199903255011', '', '2017', '', '1-119', '18959797363', '958468079', '', '-', '1999/03/25', '', '', '', 'NA', '', '1902', '', '1', '2019-03-28 17:28:43', '1', '2019-03-28 17:28:43', null, '0');
INSERT INTO `gok_student` VALUES ('c3d2f89d574a48e1aae15129b7ddef11', '50', '2017.08.05', '', '350425199805180011', '', '2016', ' ', '2-313', '18350833989', '530548491', '', '-', '1998/05/18', '', '', '', '', '', '1802', '', '1', '2019-03-28 17:28:43', '1', '2019-03-28 17:28:43', null, '0');
INSERT INTO `gok_student` VALUES ('c7f8cd6b25264cc793e914c72a245c4a', '68', '2018.03.11', '', '350526199801200013', '', '2017', '', '309', '13960330789', '907420293', '', '-', '1998/1/20', '', '', '', '', '', '', '', '1', '2019-03-28 17:28:43', '1', '2019-03-28 17:28:43', null, '0');
INSERT INTO `gok_student` VALUES ('cc4b91bf9e964fb9bb2c25edff45c8a6', '179', '2018.12.30', '', '35058120003050516', '-', '2018', '', '14-102', '15259554397', '839890005', '', '-', '2000/03/05(', '', '', '', '', '', '1905', '', '1', '2019-03-28 17:28:44', '1', '2019-03-28 17:28:44', null, '0');
INSERT INTO `gok_student` VALUES ('cc54869caf9740d7a56d99fc8027ca25', '87', '2018.06.19', '', '420881199812245435', '', '2016', '', '6#413', '13225919383', '1426912188', '', '-', '1998/12/24(', '', '', '', '', '', '1902', '', '1', '2019-03-28 17:28:43', '1', '2019-03-28 17:28:43', null, '0');
INSERT INTO `gok_student` VALUES ('cc8b5cb9364647e397c04d796cfc53e7', '166', '2018.12.25', '', '522229200001093215', '', '2018', '', '2-319', '15960389694', '1076653852', '', '-', '2000/01/09', '', '', '', '', '', '1905', '', '1', '2019-03-28 17:28:44', '1', '2019-03-28 17:28:44', null, '0');
INSERT INTO `gok_student` VALUES ('cf97a6770a9c44b0bbb46056083f8d2b', '46', '2017.08.03', '', '350524199706043512', '', '2015', '', '2-418', '18750718852', '1055941306', ' ', '-web', '1997/04/29', '', '', '', '', 'SEEEWEB', '', '', '1', '2019-03-28 17:28:43', '1', '2019-03-28 17:28:43', null, '0');
INSERT INTO `gok_student` VALUES ('d2791facea414e5c9805aec22ba512ea', '7', '2015.12.26', '', '352225199604246038', '', '2015', '', '3-605', '18750392903', '935069786', '', '-', '1996/02/06', '', '', '', '', '', '', '', '1', '2019-03-28 17:28:43', '1', '2019-03-28 17:28:43', null, '0');
INSERT INTO `gok_student` VALUES ('d657ecd74a6248e394d5748326dfb700', '156', '2018.11.29', '', '350583199811074919', '', '2017', '', ' A610', '13235957101\n\n\n', '136132013', '', '-', '1998/11/07', '', '', '', 'NA', '', '1903', '1833', '1', '2019-03-28 17:28:44', '1', '2019-03-28 17:28:44', null, '0');
INSERT INTO `gok_student` VALUES ('d67957a2dbc44f76828158751156fe29', '39', '2017.07.27', '', '350322199704295122', '', '2015', ' ', '8-612', '18359042985', '893177130', '', '-web', '1997/04/29', '', '', '', '', 'SEEEWEB', '', '', '1', '2019-03-28 17:28:43', '1', '2019-03-28 17:28:43', null, '0');
INSERT INTO `gok_student` VALUES ('d7134ed521e947e4af8a2a028d0104a7', '9', '2015.12.29', '', '350502199607151026', '', '2015', '', '8-502', '13215007083', '634189611', '', '-', '1996/07/15', '', '', '', 'NA.', '', '', '', '1', '2019-03-28 17:28:43', '1', '2019-03-28 17:28:43', null, '0');
INSERT INTO `gok_student` VALUES ('d75fc9a9b11241ff87b83eb4c3d51318', '88', '2018.06.19', '', '350721199812032122', '', '2016', '', '33#404', '13110509590', '1617268602', '', '-', '1998/12/03(', '', '', '', ' NA', '', '1802', '', '1', '2019-03-28 17:28:43', '1', '2019-03-28 17:28:43', null, '0');
INSERT INTO `gok_student` VALUES ('d878e51b1a9f48928b9242ad08977fcd', '148', '2018.11.19', '', '350102200007151552', '', '2018', '', 'a09', '18606017832', '605724831', '', '-', '2000/07/15', '', '', '', 'NA', '', '1903', '', '1', '2019-03-28 17:28:44', '1', '2019-03-28 17:28:44', null, '0');
INSERT INTO `gok_student` VALUES ('da69b925ef7e4f6997a596c2e48d2075', '40', '2017.07.27', '', '350121199801090711', '', '2016', '', '3-401', '13515011251', '592532316', '', '-', '1998/01/09', '', '', '', '', '', '', '', '1', '2019-03-28 17:28:43', '1', '2019-03-28 17:28:43', null, '0');
INSERT INTO `gok_student` VALUES ('dc14cc0ab5b24109bc6988307807141d', '163', '2018.12.24', '', '350582200010015512', '', '2018', '', '5-205', '13505951539', '1412156151', '', '-web', '2000/10/01', '', '', '', '', '', 'SE1903', '', '1', '2019-03-28 17:28:44', '1', '2019-03-28 17:28:44', null, '0');
INSERT INTO `gok_student` VALUES ('dc428db41eb7427495e38ca34884136f', '45', '2017.08.02', '', '350181199708071635', '', '2015', '', '3-610', '18305996879', '297763735', '', '-', '1997/08/07', '', '', '', '', '', '', '', '1', '2019-03-28 17:28:43', '1', '2019-03-28 17:28:43', null, '0');
INSERT INTO `gok_student` VALUES ('de65ef4b336c42388aff5d0a3c1973f1', '24', '2016.09.10', '', '350623199603208416\n', '', '2015', '', '2-605', '15880551637\n', '441312086', ' ', '-', '1996/02/02', '', '', '', '', '', '', '', '1', '2019-03-28 17:28:43', '1', '2019-03-28 17:28:43', null, '0');
INSERT INTO `gok_student` VALUES ('debc5f851da1462d82c8d45229a5d3e2', '169', '2018.12.26', '', '352231199903030912', '', '2018', '', '2-319', '15060253643', '124928345', '', '-web', '1999/03/03', '', '', '', '', '', 'SE1903', '', '1', '2019-03-28 17:28:44', '1', '2019-03-28 17:28:44', null, '0');
INSERT INTO `gok_student` VALUES ('e1a7120c18e14735beb02e7efb42b66a', '20', '2016.08.10', '', '350322199602014879\n', '', '2015', '', '33#203', '13599871535', '794568132', ' ', '-web', '1996/02/01', '', '', '', '', 'SE, EE ,WEB', '', '', '1', '2019-03-28 17:28:43', '1', '2019-03-28 17:28:43', null, '0');
INSERT INTO `gok_student` VALUES ('e200d09edbdc4fb78b7f3b5582f87543', '93', '2018.06.23', '', '441427199611101317', '', '2017', '', '3-640', '13295941329', '675720059', '', '-web', '1996/11/10(', '', '', '', '', 'SE', 'SE1812', '', '1', '2019-03-28 17:28:43', '1', '2019-03-28 17:28:43', null, '0');
INSERT INTO `gok_student` VALUES ('e2770fa0935a431191c28ed6ff4c8604', '106', '2018.08.01', '', '350583199807176613', '', '2016', '', 'C1-110', '15906052900', '276993028', '', '-web', '1998/07/17(', '', '', '', '', 'SE', '', '', '1', '2019-03-28 17:28:43', '1', '2019-03-28 17:28:43', null, '0');
INSERT INTO `gok_student` VALUES ('e30762121b624372a99a1b1da0389a2a', '116', '2018.08.06', '', '350111199806071517', '', '2016', '', '6#411', '13110511328', '2596123568', '', '-web', '1998/06/07', '', '', '', '', 'SE', 'EE1812', '', '1', '2019-03-28 17:28:43', '1', '2019-03-28 17:28:43', null, '0');
INSERT INTO `gok_student` VALUES ('e3433042bf504de8a66ab5b7f9ab3ed8', '65', '2018.01.05', '', '350102199410254513', '', '2014', '', '', '13559448235', '619191054', '', '-', '1994/10/25', '', '', '', '', '', '', '', '1', '2019-03-28 17:28:43', '1', '2019-03-28 17:28:43', null, '0');
INSERT INTO `gok_student` VALUES ('e3aee25ba18e482cb2ab214bd018bcdd', '171', '2018.12.26', '', '350681199901296219', '', '2018', '', '2-308', '18805958978', '464039137', '', '-', '1999/01/29', '', '', '', '', '', '1905', '', '1', '2019-03-28 17:28:44', '1', '2019-03-28 17:28:44', null, '0');
INSERT INTO `gok_student` VALUES ('e551dae0b0f0485494d69597062573c5', '30', '2016.12.05', '', '35018119990119176X', '', '2015', '', '4-603', '15259168933', '942840954', '', '-', '1999/5/15', '', '', '', 'NA', '', '', '', '1', '2019-03-28 17:28:43', '1', '2019-03-28 17:28:43', null, '0');
INSERT INTO `gok_student` VALUES ('e68d2957374d4789952333bbe3d4764d', '41', '2017.08.01', '', '350628199701165538', '', '2016', ' ', '2-303', '13400986823', '1012288367', '', '-', '1997/01/16', '', '', '', 'NA', '', '1902', '', '1', '2019-03-28 17:28:43', '1', '2019-03-28 17:28:43', null, '0');
INSERT INTO `gok_student` VALUES ('e6e073353c884210a8f4671ed51dda1d', '75', '2018.04.22', '', '350824199804275874', '', '2016', '', '5-212', '13295910891', '326825842', '', '-', '1998/04/27', '', '', '', 'NA', '', 'IE1801', '', '1', '2019-03-28 17:28:43', '1', '2019-03-28 17:28:43', null, '0');
INSERT INTO `gok_student` VALUES ('e6f98c3e928545e0b07d717a114c0b29', '69', '2018.04.18', '', '350602199811203036', '', '2017', '', '3-551', '13055448727', '328882469', '', '-', '1998/11/20(', '', '', '', '', '', '1903', '', '1', '2019-03-28 17:28:43', '1', '2019-03-28 17:28:43', null, '0');
INSERT INTO `gok_student` VALUES ('e825714ef21742238ea105c332683ad1', '178', '2018.12.29', '', '350622199912170537', '', '2018', '', '2-217', '18859643805', '1246251162', '', '-', '1999/11/10(', '', '', '', '', '', '1905', '', '1', '2019-03-28 17:28:44', '1', '2019-03-28 17:28:44', null, '0');
INSERT INTO `gok_student` VALUES ('e9aeea7a9d12418b839d7963372e0ddc', '67', '2018.01.08', '', '511324199903022331', '', '2017', '', '3-718', '15960738811', '1106498343', ' ', '-web', '1999/03/03', '', '', '', '', 'SEEE', '', '', '1', '2019-03-28 17:28:43', '1', '2019-03-28 17:28:43', null, '0');
INSERT INTO `gok_student` VALUES ('edae6cb0836c4734b81fd85031425141', '105', '2018.08.01', '', '450803200001055824', '', '2017', '', '1-615', '15806036783', '2682080756', '', '-', '2000/01/05(', '', '', '', 'NA', '', '1902', '', '1', '2019-03-28 17:28:43', '1', '2019-03-28 17:28:43', null, '0');
INSERT INTO `gok_student` VALUES ('ee316e225e884503bf93876a7dc34d40', '6', '2015.12.23', '', '350322199704044817', '', '2015', '', '3-608', '13067210170', '971200520', ' ', '-', '1997/04/04', '', '', '', 'NA..', '', '', '', '1', '2019-03-28 17:28:43', '1', '2019-03-28 17:28:43', null, '0');
INSERT INTO `gok_student` VALUES ('ef01ca9d596d4b2fa0b9c9591e8c71f9', '115', '2018.08.05', '', '352203199811074218', '', '2017', '', 'c4 605', '13850397189', '1018630626', '', '-web', '1998/11/07', '', '', '', '', 'SE', '', '', '1', '2019-03-28 17:28:43', '1', '2019-03-28 17:28:43', null, '0');
INSERT INTO `gok_student` VALUES ('efacc0494e344199ae9313b575380603', '174', '2018.12.28', '', '352202200010136916', '', '2018', '', '2-307', '19905938103', '932681814', '', '-', '2000/10/13', '', '', '', '', '', '1905', '', '1', '2019-03-28 17:28:44', '1', '2019-03-28 17:28:44', null, '0');
INSERT INTO `gok_student` VALUES ('efc6c699e0604ca791d7367e865af6dc', '108', '2018.08.01', '', '350524199803118619', '', '2015', '', '', '13559403327', '1445593839', '', '-', '1998/03/11(', '', '', '', '', '', '', '', '1', '2019-03-28 17:28:43', '1', '2019-03-28 17:28:43', null, '0');
INSERT INTO `gok_student` VALUES ('efff80d24df94ef498f2924ad495818a', '26', '2016.10.09', '', '350205199608242029\n', '', '2015', '', '7-123', '13799276126', '1005283758', '', '-', '1996/08/24', '', '', '', 'NA,', '', '', '', '1', '2019-03-28 17:28:43', '1', '2019-03-28 17:28:43', null, '0');
INSERT INTO `gok_student` VALUES ('f074843b2d6b42bc968db971f81ae37c', '34', '2017.03.23', '', '331002199610264910', '', '2015', '', '5-510', '15381810608', '635175263', ' ', '-web', '1996/10/26', '', '', '', '', 'SE,EE', 'WEB1804', '', '1', '2019-03-28 17:28:43', '1', '2019-03-28 17:28:43', null, '0');
INSERT INTO `gok_student` VALUES ('f109aa1e8da947b289789750f97d8d23', '180', '2018.01.14', '', '620104199512290265', '-', '2015', '', '2-214', '15259141686', '799113655', '', '-', '1995/12/29()', '', '', '', '', '', '1905', '', '1', '2019-03-28 17:28:44', '1', '2019-03-28 17:28:44', null, '0');
INSERT INTO `gok_student` VALUES ('f1309dcb9e2b401a90a8a44500b74d71', '66', '2018.01.08', '', '352203199908240016', '', '2017', '', '3-718', '15259085731', '1823698676', ' ', '-web', '1999/08/24', '', '', '', '', 'SEEE', '', '', '1', '2019-03-28 17:28:43', '1', '2019-03-28 17:28:43', null, '0');
INSERT INTO `gok_student` VALUES ('f177ff604c9148f5b4c11734c52c9b95', '128', '2018.9.28', '', '342623199612157139', '', '2015', '', '\n\n\n2-411\n', '15259124420', '1292610906', '', '-web', '1996/12/15', '', '', '', '', 'SE', 'EE1812', '', '1', '2019-03-28 17:28:43', '1', '2019-03-28 17:28:43', null, '0');
INSERT INTO `gok_student` VALUES ('f29683bb543c4ec4bb05c0a8bb2885db', '111', '2018.08.02', '', '350525199605281016', '', '2015', '', '', '17759353326', '690607535', '', '-', '1996/05/28', '', '', '', '', '', '', '', '1', '2019-03-28 17:28:43', '1', '2019-03-28 17:28:43', null, '0');
INSERT INTO `gok_student` VALUES ('f2aaf2f8bb4841c8bfdec8da23d46de6', '190', '2019.03.20', '', '350526200007062026', '', '2018', '', '8-618', '13074997062', '2245131703', '', '-', '2000/07/06', '', '', '', 'NA', '', '1905', '', '1', '2019-03-28 17:28:44', '1', '2019-03-28 17:28:44', null, '0');
INSERT INTO `gok_student` VALUES ('f2c2d3d845f7455197218ae17219ff51', '135', '2018.10.08', '', '350582199712201015', '', '2016', '', '3-211', '17759003902', '744372557', '', '-web', '1997/12/20', '', '', '', '', 'SE', 'SE1812', '', '1', '2019-03-28 17:28:43', '1', '2019-03-28 17:28:43', null, '0');
INSERT INTO `gok_student` VALUES ('f2d612657de845368df4dd67b6abc425', '27', '2016.11.24', '', '350128199510172316\n', '', '2015', '', '5-517', '17720808021', '603938907', ' ', '-', '1995/10/17', '', '', '', '', 'IE', '', '', '1', '2019-03-28 17:28:43', '1', '2019-03-28 17:28:43', null, '0');
INSERT INTO `gok_student` VALUES ('f339874542ab4634802eac6241a1d67e', '147', '2018.11.19', '', '350603200001140017', '', '2018', '', 'A306', '13290873806', '1104706798', '', '-', '1999/12/07', '', '', '', '', '', '1905', '', '1', '2019-03-28 17:28:44', '1', '2019-03-28 17:28:44', null, '0');
INSERT INTO `gok_student` VALUES ('f378f937f7f24c5baac01dfec1209a49', '21', '2016.08.12', '', '352202199508050057\n', '', '2015', '', '5-510', '13635213782', '295048487', '', '-web', '1995/08/12', '', '', '', '', 'SE, EE ,WEB', '', '', '1', '2019-03-28 17:28:43', '1', '2019-03-28 17:28:43', null, '0');
INSERT INTO `gok_student` VALUES ('f42f677ce4464d55bcf8a2c5e0ebbb41', '79', '2018.05.12', '', '350782199602025517', '', '2014', '', '', '13107931180', '942202499', '', '-web', '1996/02/02', '', '', '', '', 'SEEE', 'WEB1804', '', '1', '2019-03-28 17:28:43', '1', '2019-03-28 17:28:43', null, '0');
INSERT INTO `gok_student` VALUES ('f4cbfc7ea32b4b7e9bc02fcadd6724ee', '76', '2018.04.24', '', '350425199909192033', '', '2017', '', '3-550', '18559266232', '974537887', '', '-', '1999/09/19', '', '', '', '', '', '1902', '', '1', '2019-03-28 17:28:43', '1', '2019-03-28 17:28:43', null, '0');
INSERT INTO `gok_student` VALUES ('f57e027786834b028bbe51ef82886587', '110', '2018.08.02', '', '350583199802272614', '', '2016', '', '31#205', '13275903071', '517646475', '', '-', '1998/02/27(', '', '', '', 'NA', '', '1902', '', '1', '2019-03-28 17:28:43', '1', '2019-03-28 17:28:43', null, '0');
INSERT INTO `gok_student` VALUES ('f5995d88c36142d082cd024ab03f177e', '191', '2019.03.23', '', '350182199605066530', '', '2015', '', '#6-504', '15659171798', '779841422', '', '-web', '1996/05/06', '', '', '', '', '', 'SE1903', '+', '1', '2019-03-28 17:28:44', '1', '2019-03-28 17:28:44', null, '0');
INSERT INTO `gok_student` VALUES ('f781a2bb912044148abb9a68ae9cd571', '183', '2019.02.24', '', '350305199902100617', '', '2017', '', '-A311', '15060678401', '2632658158', '', '-web', '1999/12/25', '', '', '', '', '', 'SE1903', '', '1', '2019-03-28 17:28:44', '1', '2019-03-28 17:28:44', null, '0');
INSERT INTO `gok_student` VALUES ('f8b47306ff8f4100982df8977ee10777', '139', '2018.11.10', '', '440111199810234229', '', '2016', '', '9-501', '13015776091', '1176473567', '', '-web', '1998/10/23', '', '', '', '', '', 'SE1812', '', '1', '2019-03-28 17:28:44', '1', '2019-03-28 17:28:44', null, '0');
INSERT INTO `gok_student` VALUES ('fbf764318d5242b18d2bb772b0d939e0', '167', '2018.12.25', '', '350802200003101513', '', '2018', '', '2-319', '13616917910', '305576196', '', '-web', '2000/03/10', '', '', '', '', '', 'SE1903', '', '1', '2019-03-28 17:28:44', '1', '2019-03-28 17:28:44', null, '0');
INSERT INTO `gok_student` VALUES ('fddb030c7d0e4886a89792e1c6edc006', '22', '2016.08.25', '', '350322199702191039\n', '', '2015', '', '30#512', '13295976085', '503569766', ' ', '-', '1997/02/08', '', '', '', 'NA', '', '', '', '1', '2019-03-28 17:28:43', '1', '2019-03-28 17:28:43', null, '0');

-- ----------------------------
-- Table structure for `gok_websites`
-- ----------------------------
DROP TABLE IF EXISTS `gok_websites`;
CREATE TABLE `gok_websites` (
  `id` varchar(64) COLLATE utf8_bin NOT NULL COMMENT '',
  `parent_id` varchar(64) COLLATE utf8_bin NOT NULL COMMENT '',
  `parent_ids` varchar(2000) COLLATE utf8_bin NOT NULL COMMENT '',
  `name` varchar(100) COLLATE utf8_bin NOT NULL COMMENT '',
  `sort` decimal(10,0) NOT NULL COMMENT '',
  `icon` varchar(64) COLLATE utf8_bin DEFAULT NULL COMMENT '',
  `title` varchar(64) COLLATE utf8_bin DEFAULT NULL COMMENT '',
  `indes` varchar(64) COLLATE utf8_bin DEFAULT NULL COMMENT '',
  `mark` varchar(255) COLLATE utf8_bin DEFAULT NULL COMMENT '',
  `tree_leaf` char(1) COLLATE utf8_bin DEFAULT NULL COMMENT '0:,1:',
  `url` varchar(255) COLLATE utf8_bin DEFAULT NULL COMMENT '',
  `image` varchar(255) COLLATE utf8_bin DEFAULT NULL COMMENT '',
  `tree_level` decimal(4,0) DEFAULT NULL COMMENT '(0:)',
  `create_by` varchar(64) COLLATE utf8_bin NOT NULL COMMENT '',
  `create_date` datetime NOT NULL COMMENT '',
  `update_by` varchar(64) COLLATE utf8_bin NOT NULL COMMENT '',
  `update_date` datetime NOT NULL COMMENT '',
  `remarks` varchar(255) COLLATE utf8_bin DEFAULT NULL COMMENT '',
  `del_flag` char(1) COLLATE utf8_bin NOT NULL DEFAULT '0' COMMENT '',
  PRIMARY KEY (`id`) USING BTREE
) ENGINE=InnoDB DEFAULT CHARSET=utf8 COLLATE=utf8_bin;

-- ----------------------------
-- Records of gok_websites
-- ----------------------------
INSERT INTO `gok_websites` VALUES ('ddffd0b123ba439b988832d02e55cafb', '0', '0,', '', '30', 'icon-social-facebook', '', 'maodian1', 'beizhu', '1', 'https://www.baidu.com', 'test/tupian.png', '0', '1', '2019-03-29 11:44:53', '1', '2019-03-29 11:44:53', '', '0');

-- ----------------------------
-- Table structure for `nenglibiaoqian`
-- ----------------------------
DROP TABLE IF EXISTS `nenglibiaoqian`;
CREATE TABLE `nenglibiaoqian` (
  `id` varchar(64) COLLATE utf8_bin NOT NULL COMMENT '',
  `bumen` varchar(255) COLLATE utf8_bin DEFAULT NULL COMMENT '',
  `xingming` varchar(255) COLLATE utf8_bin DEFAULT NULL COMMENT '',
  `dianhua` varchar(255) COLLATE utf8_bin DEFAULT NULL COMMENT '',
  `jinengbiaoqian1` varchar(255) COLLATE utf8_bin DEFAULT NULL COMMENT '1',
  `biaoqiandengji1` varchar(255) COLLATE utf8_bin DEFAULT NULL COMMENT '1',
  `biaoqianbeizhu1` varchar(255) COLLATE utf8_bin DEFAULT NULL COMMENT '1',
  `jinengbiaoqian2` varchar(255) COLLATE utf8_bin DEFAULT NULL COMMENT '2',
  `biaoqiandengji2` varchar(255) COLLATE utf8_bin DEFAULT NULL COMMENT '2',
  `biaoqianbeizhu2` varchar(255) COLLATE utf8_bin DEFAULT NULL COMMENT '2',
  `jinengbiaoqian3` varchar(255) COLLATE utf8_bin DEFAULT NULL COMMENT '3',
  `biaoqiandengji3` varchar(255) COLLATE utf8_bin DEFAULT NULL COMMENT '3',
  `biaoqianbeizhu3` varchar(255) COLLATE utf8_bin DEFAULT NULL COMMENT '3',
  `jinengbiaoqian4` varchar(255) COLLATE utf8_bin DEFAULT NULL COMMENT '4',
  `biaoqiandengji4` varchar(255) COLLATE utf8_bin DEFAULT NULL COMMENT '4',
  `biaoqianbeizhu4` varchar(255) COLLATE utf8_bin DEFAULT NULL COMMENT '4',
  `create_by` varchar(64) COLLATE utf8_bin DEFAULT NULL COMMENT '',
  `create_date` datetime DEFAULT NULL COMMENT '',
  `update_by` varchar(64) COLLATE utf8_bin DEFAULT NULL COMMENT '',
  `update_date` datetime DEFAULT NULL COMMENT '',
  `remarks` varchar(255) COLLATE utf8_bin DEFAULT NULL COMMENT '',
  `del_flag` char(1) COLLATE utf8_bin NOT NULL DEFAULT '0' COMMENT '01',
  PRIMARY KEY (`id`) USING BTREE
) ENGINE=InnoDB DEFAULT CHARSET=utf8 COLLATE=utf8_bin;

-- ----------------------------
-- Records of nenglibiaoqian
-- ----------------------------
INSERT INTO `nenglibiaoqian` VALUES ('b6c86096098e4d2196a484cb7c1057d4', 'aa8fd2b2a11f43c48795b330c392d303', '', '', '', '', '', '', '', '', '', '', '', '', '', '', '1', '2019-04-10 11:52:14', '1', '2019-04-10 11:52:14', '', '0');
INSERT INTO `nenglibiaoqian` VALUES ('fa99ffdfa1984f768958f83939600dd7', '', '', '', '', '', '', '', '', '', '', '', '', '', '', '', '1', '2019-04-10 12:00:15', '1', '2019-04-10 12:00:15', '', '0');

-- ----------------------------
-- Table structure for `oa_leave`
-- ----------------------------
DROP TABLE IF EXISTS `oa_leave`;
CREATE TABLE `oa_leave` (
  `id` varchar(64) NOT NULL COMMENT '',
  `process_instance_id` varchar(64) DEFAULT NULL COMMENT '',
  `start_time` datetime DEFAULT NULL COMMENT '',
  `end_time` datetime DEFAULT NULL COMMENT '',
  `leave_type` varchar(20) DEFAULT NULL COMMENT '',
  `reason` varchar(255) DEFAULT NULL COMMENT '',
  `apply_time` datetime DEFAULT NULL COMMENT '',
  `reality_start_time` datetime DEFAULT NULL COMMENT '',
  `reality_end_time` datetime DEFAULT NULL COMMENT '',
  `create_by` varchar(64) NOT NULL COMMENT '',
  `create_date` datetime NOT NULL COMMENT '',
  `update_by` varchar(64) NOT NULL COMMENT '',
  `update_date` datetime NOT NULL COMMENT '',
  `remarks` varchar(255) DEFAULT NULL COMMENT '',
  `del_flag` char(1) NOT NULL DEFAULT '0' COMMENT '',
  PRIMARY KEY (`id`),
  KEY `oa_leave_create_by` (`create_by`),
  KEY `oa_leave_process_instance_id` (`process_instance_id`),
  KEY `oa_leave_del_flag` (`del_flag`)
) ENGINE=InnoDB DEFAULT CHARSET=utf8 COMMENT='';

-- ----------------------------
-- Records of oa_leave
-- ----------------------------

-- ----------------------------
-- Table structure for `oa_notify`
-- ----------------------------
DROP TABLE IF EXISTS `oa_notify`;
CREATE TABLE `oa_notify` (
  `id` varchar(64) NOT NULL COMMENT '',
  `type` char(1) DEFAULT NULL COMMENT '',
  `title` varchar(200) DEFAULT NULL COMMENT '',
  `content` varchar(2000) DEFAULT NULL COMMENT '',
  `files` varchar(2000) DEFAULT NULL COMMENT '',
  `status` char(1) DEFAULT NULL COMMENT '',
  `create_by` varchar(64) NOT NULL COMMENT '',
  `create_date` datetime NOT NULL COMMENT '',
  `update_by` varchar(64) NOT NULL COMMENT '',
  `update_date` datetime NOT NULL COMMENT '',
  `remarks` varchar(255) DEFAULT NULL COMMENT '',
  `del_flag` char(1) NOT NULL DEFAULT '0' COMMENT '',
  PRIMARY KEY (`id`),
  KEY `oa_notify_del_flag` (`del_flag`)
) ENGINE=InnoDB DEFAULT CHARSET=utf8 COMMENT='';

-- ----------------------------
-- Records of oa_notify
-- ----------------------------

-- ----------------------------
-- Table structure for `oa_notify_record`
-- ----------------------------
DROP TABLE IF EXISTS `oa_notify_record`;
CREATE TABLE `oa_notify_record` (
  `id` varchar(64) NOT NULL COMMENT '',
  `oa_notify_id` varchar(64) DEFAULT NULL COMMENT 'ID',
  `user_id` varchar(64) DEFAULT NULL COMMENT '',
  `read_flag` char(1) DEFAULT '0' COMMENT '',
  `read_date` date DEFAULT NULL COMMENT '',
  PRIMARY KEY (`id`),
  KEY `oa_notify_record_notify_id` (`oa_notify_id`),
  KEY `oa_notify_record_user_id` (`user_id`),
  KEY `oa_notify_record_read_flag` (`read_flag`)
) ENGINE=InnoDB DEFAULT CHARSET=utf8 COMMENT='';

-- ----------------------------
-- Records of oa_notify_record
-- ----------------------------

-- ----------------------------
-- Table structure for `oa_test_audit`
-- ----------------------------
DROP TABLE IF EXISTS `oa_test_audit`;
CREATE TABLE `oa_test_audit` (
  `id` varchar(64) NOT NULL COMMENT '',
  `PROC_INS_ID` varchar(64) DEFAULT NULL COMMENT 'ID',
  `USER_ID` varchar(64) DEFAULT NULL COMMENT '',
  `OFFICE_ID` varchar(64) DEFAULT NULL COMMENT '',
  `POST` varchar(255) DEFAULT NULL COMMENT '',
  `AGE` char(1) DEFAULT NULL COMMENT '',
  `EDU` varchar(255) DEFAULT NULL COMMENT '',
  `CONTENT` varchar(255) DEFAULT NULL COMMENT '',
  `OLDA` varchar(255) DEFAULT NULL COMMENT ' ',
  `OLDB` varchar(255) DEFAULT NULL COMMENT ' ',
  `OLDC` varchar(255) DEFAULT NULL COMMENT ' ',
  `NEWA` varchar(255) DEFAULT NULL COMMENT ' ',
  `NEWB` varchar(255) DEFAULT NULL COMMENT ' ',
  `NEWC` varchar(255) DEFAULT NULL COMMENT ' ',
  `ADD_NUM` varchar(255) DEFAULT NULL COMMENT '',
  `EXE_DATE` varchar(255) DEFAULT NULL COMMENT '',
  `HR_TEXT` varchar(255) DEFAULT NULL COMMENT '',
  `LEAD_TEXT` varchar(255) DEFAULT NULL COMMENT '',
  `MAIN_LEAD_TEXT` varchar(255) DEFAULT NULL COMMENT '',
  `create_by` varchar(64) NOT NULL COMMENT '',
  `create_date` datetime NOT NULL COMMENT '',
  `update_by` varchar(64) NOT NULL COMMENT '',
  `update_date` datetime NOT NULL COMMENT '',
  `remarks` varchar(255) DEFAULT NULL COMMENT '',
  `del_flag` char(1) NOT NULL DEFAULT '0' COMMENT '',
  PRIMARY KEY (`id`),
  KEY `OA_TEST_AUDIT_del_flag` (`del_flag`)
) ENGINE=InnoDB DEFAULT CHARSET=utf8 COMMENT='';

-- ----------------------------
-- Records of oa_test_audit
-- ----------------------------

-- ----------------------------
-- Table structure for `qrtz_blob_triggers`
-- ----------------------------
DROP TABLE IF EXISTS `qrtz_blob_triggers`;
CREATE TABLE `qrtz_blob_triggers` (
  `SCHED_NAME` varchar(120) NOT NULL,
  `TRIGGER_NAME` varchar(200) NOT NULL,
  `TRIGGER_GROUP` varchar(200) NOT NULL,
  `BLOB_DATA` blob,
  PRIMARY KEY (`SCHED_NAME`,`TRIGGER_NAME`,`TRIGGER_GROUP`) USING BTREE,
  CONSTRAINT `QRTZ_BLOB_TRIGGERS_ibfk_1` FOREIGN KEY (`SCHED_NAME`, `TRIGGER_NAME`, `TRIGGER_GROUP`) REFERENCES `qrtz_triggers` (`sched_name`, `trigger_name`, `trigger_group`)
) ENGINE=InnoDB DEFAULT CHARSET=utf8;

-- ----------------------------
-- Records of qrtz_blob_triggers
-- ----------------------------

-- ----------------------------
-- Table structure for `qrtz_calendars`
-- ----------------------------
DROP TABLE IF EXISTS `qrtz_calendars`;
CREATE TABLE `qrtz_calendars` (
  `SCHED_NAME` varchar(120) NOT NULL,
  `CALENDAR_NAME` varchar(200) NOT NULL,
  `CALENDAR` blob NOT NULL,
  PRIMARY KEY (`SCHED_NAME`,`CALENDAR_NAME`) USING BTREE
) ENGINE=InnoDB DEFAULT CHARSET=utf8;

-- ----------------------------
-- Records of qrtz_calendars
-- ----------------------------

-- ----------------------------
-- Table structure for `qrtz_cron_triggers`
-- ----------------------------
DROP TABLE IF EXISTS `qrtz_cron_triggers`;
CREATE TABLE `qrtz_cron_triggers` (
  `SCHED_NAME` varchar(120) NOT NULL,
  `TRIGGER_NAME` varchar(200) NOT NULL,
  `TRIGGER_GROUP` varchar(200) NOT NULL,
  `CRON_EXPRESSION` varchar(200) NOT NULL,
  `TIME_ZONE_ID` varchar(80) DEFAULT NULL,
  PRIMARY KEY (`SCHED_NAME`,`TRIGGER_NAME`,`TRIGGER_GROUP`) USING BTREE,
  CONSTRAINT `QRTZ_CRON_TRIGGERS_ibfk_1` FOREIGN KEY (`SCHED_NAME`, `TRIGGER_NAME`, `TRIGGER_GROUP`) REFERENCES `qrtz_triggers` (`sched_name`, `trigger_name`, `trigger_group`)
) ENGINE=InnoDB DEFAULT CHARSET=utf8;

-- ----------------------------
-- Records of qrtz_cron_triggers
-- ----------------------------
INSERT INTO `qrtz_cron_triggers` VALUES ('quartzScheduler', 'com.jsite.common.quartz.job.HelloJob', '1', '0/30 * * * * ?', 'Asia/Shanghai');
INSERT INTO `qrtz_cron_triggers` VALUES ('quartzScheduler', 'com.jsite.common.quartz.job.NewJob', '2', '0/55 * * * * ?', 'Asia/Shanghai');
INSERT INTO `qrtz_cron_triggers` VALUES ('quartzScheduler', 'com.jsite.common.quartz.job.TestJob', '3', '0/40 * * * * ?', 'Asia/Shanghai');

-- ----------------------------
-- Table structure for `qrtz_fired_triggers`
-- ----------------------------
DROP TABLE IF EXISTS `qrtz_fired_triggers`;
CREATE TABLE `qrtz_fired_triggers` (
  `SCHED_NAME` varchar(120) NOT NULL,
  `ENTRY_ID` varchar(95) NOT NULL,
  `TRIGGER_NAME` varchar(200) NOT NULL,
  `TRIGGER_GROUP` varchar(200) NOT NULL,
  `INSTANCE_NAME` varchar(200) NOT NULL,
  `FIRED_TIME` bigint(13) NOT NULL,
  `SCHED_TIME` bigint(13) NOT NULL,
  `PRIORITY` int(11) NOT NULL,
  `STATE` varchar(16) NOT NULL,
  `JOB_NAME` varchar(200) DEFAULT NULL,
  `JOB_GROUP` varchar(200) DEFAULT NULL,
  `IS_NONCONCURRENT` varchar(1) DEFAULT NULL,
  `REQUESTS_RECOVERY` varchar(1) DEFAULT NULL,
  PRIMARY KEY (`SCHED_NAME`,`ENTRY_ID`) USING BTREE
) ENGINE=InnoDB DEFAULT CHARSET=utf8;

-- ----------------------------
-- Records of qrtz_fired_triggers
-- ----------------------------

-- ----------------------------
-- Table structure for `qrtz_job_details`
-- ----------------------------
DROP TABLE IF EXISTS `qrtz_job_details`;
CREATE TABLE `qrtz_job_details` (
  `SCHED_NAME` varchar(120) NOT NULL,
  `JOB_NAME` varchar(200) NOT NULL,
  `JOB_GROUP` varchar(200) NOT NULL,
  `DESCRIPTION` varchar(250) DEFAULT NULL,
  `JOB_CLASS_NAME` varchar(250) NOT NULL,
  `IS_DURABLE` varchar(1) NOT NULL,
  `IS_NONCONCURRENT` varchar(1) NOT NULL,
  `IS_UPDATE_DATA` varchar(1) NOT NULL,
  `REQUESTS_RECOVERY` varchar(1) NOT NULL,
  `JOB_DATA` blob,
  PRIMARY KEY (`SCHED_NAME`,`JOB_NAME`,`JOB_GROUP`) USING BTREE
) ENGINE=InnoDB DEFAULT CHARSET=utf8;

-- ----------------------------
-- Records of qrtz_job_details
-- ----------------------------
INSERT INTO `qrtz_job_details` VALUES ('quartzScheduler', 'com.jsite.common.quartz.job.HelloJob', '1', null, 'com.jsite.common.quartz.job.HelloJob', '0', '0', '0', '0', 0xACED0005737200156F72672E71756172747A2E4A6F62446174614D61709FB083E8BFA9B0CB020000787200266F72672E71756172747A2E7574696C732E537472696E674B65794469727479466C61674D61708208E8C3FBC55D280200015A0013616C6C6F77735472616E7369656E74446174617872001D6F72672E71756172747A2E7574696C732E4469727479466C61674D617013E62EAD28760ACE0200025A000564697274794C00036D617074000F4C6A6176612F7574696C2F4D61703B787000737200116A6176612E7574696C2E486173684D61700507DAC1C31660D103000246000A6C6F6164466163746F724900097468726573686F6C6478703F40000000000010770800000010000000007800);
INSERT INTO `qrtz_job_details` VALUES ('quartzScheduler', 'com.jsite.common.quartz.job.NewJob', '2', null, 'com.jsite.common.quartz.job.NewJob', '0', '0', '0', '0', 0xACED0005737200156F72672E71756172747A2E4A6F62446174614D61709FB083E8BFA9B0CB020000787200266F72672E71756172747A2E7574696C732E537472696E674B65794469727479466C61674D61708208E8C3FBC55D280200015A0013616C6C6F77735472616E7369656E74446174617872001D6F72672E71756172747A2E7574696C732E4469727479466C61674D617013E62EAD28760ACE0200025A000564697274794C00036D617074000F4C6A6176612F7574696C2F4D61703B787000737200116A6176612E7574696C2E486173684D61700507DAC1C31660D103000246000A6C6F6164466163746F724900097468726573686F6C6478703F40000000000010770800000010000000007800);
INSERT INTO `qrtz_job_details` VALUES ('quartzScheduler', 'com.jsite.common.quartz.job.TestJob', '3', null, 'com.jsite.common.quartz.job.TestJob', '0', '0', '0', '0', 0xACED0005737200156F72672E71756172747A2E4A6F62446174614D61709FB083E8BFA9B0CB020000787200266F72672E71756172747A2E7574696C732E537472696E674B65794469727479466C61674D61708208E8C3FBC55D280200015A0013616C6C6F77735472616E7369656E74446174617872001D6F72672E71756172747A2E7574696C732E4469727479466C61674D617013E62EAD28760ACE0200025A000564697274794C00036D617074000F4C6A6176612F7574696C2F4D61703B787000737200116A6176612E7574696C2E486173684D61700507DAC1C31660D103000246000A6C6F6164466163746F724900097468726573686F6C6478703F40000000000010770800000010000000007800);

-- ----------------------------
-- Table structure for `qrtz_locks`
-- ----------------------------
DROP TABLE IF EXISTS `qrtz_locks`;
CREATE TABLE `qrtz_locks` (
  `SCHED_NAME` varchar(120) NOT NULL,
  `LOCK_NAME` varchar(40) NOT NULL,
  PRIMARY KEY (`SCHED_NAME`,`LOCK_NAME`) USING BTREE
) ENGINE=InnoDB DEFAULT CHARSET=utf8;

-- ----------------------------
-- Records of qrtz_locks
-- ----------------------------
INSERT INTO `qrtz_locks` VALUES ('quartzScheduler', 'TRIGGER_ACCESS');

-- ----------------------------
-- Table structure for `qrtz_paused_trigger_grps`
-- ----------------------------
DROP TABLE IF EXISTS `qrtz_paused_trigger_grps`;
CREATE TABLE `qrtz_paused_trigger_grps` (
  `SCHED_NAME` varchar(120) NOT NULL,
  `TRIGGER_GROUP` varchar(200) NOT NULL,
  PRIMARY KEY (`SCHED_NAME`,`TRIGGER_GROUP`) USING BTREE
) ENGINE=InnoDB DEFAULT CHARSET=utf8;

-- ----------------------------
-- Records of qrtz_paused_trigger_grps
-- ----------------------------

-- ----------------------------
-- Table structure for `qrtz_scheduler_state`
-- ----------------------------
DROP TABLE IF EXISTS `qrtz_scheduler_state`;
CREATE TABLE `qrtz_scheduler_state` (
  `SCHED_NAME` varchar(120) NOT NULL,
  `INSTANCE_NAME` varchar(200) NOT NULL,
  `LAST_CHECKIN_TIME` bigint(13) NOT NULL,
  `CHECKIN_INTERVAL` bigint(13) NOT NULL,
  PRIMARY KEY (`SCHED_NAME`,`INSTANCE_NAME`) USING BTREE
) ENGINE=InnoDB DEFAULT CHARSET=utf8;

-- ----------------------------
-- Records of qrtz_scheduler_state
-- ----------------------------

-- ----------------------------
-- Table structure for `qrtz_simple_triggers`
-- ----------------------------
DROP TABLE IF EXISTS `qrtz_simple_triggers`;
CREATE TABLE `qrtz_simple_triggers` (
  `SCHED_NAME` varchar(120) NOT NULL,
  `TRIGGER_NAME` varchar(200) NOT NULL,
  `TRIGGER_GROUP` varchar(200) NOT NULL,
  `REPEAT_COUNT` bigint(7) NOT NULL,
  `REPEAT_INTERVAL` bigint(12) NOT NULL,
  `TIMES_TRIGGERED` bigint(10) NOT NULL,
  PRIMARY KEY (`SCHED_NAME`,`TRIGGER_NAME`,`TRIGGER_GROUP`) USING BTREE,
  CONSTRAINT `QRTZ_SIMPLE_TRIGGERS_ibfk_1` FOREIGN KEY (`SCHED_NAME`, `TRIGGER_NAME`, `TRIGGER_GROUP`) REFERENCES `qrtz_triggers` (`sched_name`, `trigger_name`, `trigger_group`)
) ENGINE=InnoDB DEFAULT CHARSET=utf8;

-- ----------------------------
-- Records of qrtz_simple_triggers
-- ----------------------------

-- ----------------------------
-- Table structure for `qrtz_simprop_triggers`
-- ----------------------------
DROP TABLE IF EXISTS `qrtz_simprop_triggers`;
CREATE TABLE `qrtz_simprop_triggers` (
  `SCHED_NAME` varchar(120) NOT NULL,
  `TRIGGER_NAME` varchar(200) NOT NULL,
  `TRIGGER_GROUP` varchar(200) NOT NULL,
  `STR_PROP_1` varchar(512) DEFAULT NULL,
  `STR_PROP_2` varchar(512) DEFAULT NULL,
  `STR_PROP_3` varchar(512) DEFAULT NULL,
  `INT_PROP_1` int(11) DEFAULT NULL,
  `INT_PROP_2` int(11) DEFAULT NULL,
  `LONG_PROP_1` bigint(20) DEFAULT NULL,
  `LONG_PROP_2` bigint(20) DEFAULT NULL,
  `DEC_PROP_1` decimal(13,4) DEFAULT NULL,
  `DEC_PROP_2` decimal(13,4) DEFAULT NULL,
  `BOOL_PROP_1` varchar(1) DEFAULT NULL,
  `BOOL_PROP_2` varchar(1) DEFAULT NULL,
  PRIMARY KEY (`SCHED_NAME`,`TRIGGER_NAME`,`TRIGGER_GROUP`) USING BTREE,
  CONSTRAINT `QRTZ_SIMPROP_TRIGGERS_ibfk_1` FOREIGN KEY (`SCHED_NAME`, `TRIGGER_NAME`, `TRIGGER_GROUP`) REFERENCES `qrtz_triggers` (`sched_name`, `trigger_name`, `trigger_group`)
) ENGINE=InnoDB DEFAULT CHARSET=utf8;

-- ----------------------------
-- Records of qrtz_simprop_triggers
-- ----------------------------

-- ----------------------------
-- Table structure for `qrtz_triggers`
-- ----------------------------
DROP TABLE IF EXISTS `qrtz_triggers`;
CREATE TABLE `qrtz_triggers` (
  `SCHED_NAME` varchar(120) NOT NULL,
  `TRIGGER_NAME` varchar(200) NOT NULL,
  `TRIGGER_GROUP` varchar(200) NOT NULL,
  `JOB_NAME` varchar(200) NOT NULL,
  `JOB_GROUP` varchar(200) NOT NULL,
  `DESCRIPTION` varchar(250) DEFAULT NULL,
  `NEXT_FIRE_TIME` bigint(13) DEFAULT NULL,
  `PREV_FIRE_TIME` bigint(13) DEFAULT NULL,
  `PRIORITY` int(11) DEFAULT NULL,
  `TRIGGER_STATE` varchar(16) NOT NULL,
  `TRIGGER_TYPE` varchar(8) NOT NULL,
  `START_TIME` bigint(13) NOT NULL,
  `END_TIME` bigint(13) DEFAULT NULL,
  `CALENDAR_NAME` varchar(200) DEFAULT NULL,
  `MISFIRE_INSTR` smallint(2) DEFAULT NULL,
  `JOB_DATA` blob,
  PRIMARY KEY (`SCHED_NAME`,`TRIGGER_NAME`,`TRIGGER_GROUP`) USING BTREE,
  KEY `SCHED_NAME` (`SCHED_NAME`,`JOB_NAME`,`JOB_GROUP`) USING BTREE,
  CONSTRAINT `QRTZ_TRIGGERS_ibfk_1` FOREIGN KEY (`SCHED_NAME`, `JOB_NAME`, `JOB_GROUP`) REFERENCES `qrtz_job_details` (`SCHED_NAME`, `JOB_NAME`, `JOB_GROUP`)
) ENGINE=InnoDB DEFAULT CHARSET=utf8;

-- ----------------------------
-- Records of qrtz_triggers
-- ----------------------------
INSERT INTO `qrtz_triggers` VALUES ('quartzScheduler', 'com.jsite.common.quartz.job.HelloJob', '1', 'com.jsite.common.quartz.job.HelloJob', '1', null, '1547209260000', '1547209230000', '5', 'PAUSED', 'CRON', '1547207629000', '0', null, '0', '');
INSERT INTO `qrtz_triggers` VALUES ('quartzScheduler', 'com.jsite.common.quartz.job.NewJob', '2', 'com.jsite.common.quartz.job.NewJob', '2', null, '1547207815000', '1547207793711', '5', 'PAUSED', 'CRON', '1547092828000', '0', null, '0', '');
INSERT INTO `qrtz_triggers` VALUES ('quartzScheduler', 'com.jsite.common.quartz.job.TestJob', '3', 'com.jsite.common.quartz.job.TestJob', '3', null, '1547197680000', '1547197660000', '5', 'PAUSED', 'CRON', '1547092566000', '0', null, '0', '');

-- ----------------------------
-- Table structure for `student`
-- ----------------------------
DROP TABLE IF EXISTS `student`;
CREATE TABLE `student` (
  `id` varchar(64) NOT NULL COMMENT '',
  `user_id` varchar(64) DEFAULT NULL COMMENT '',
  `office_id` varchar(64) DEFAULT NULL COMMENT '',
  `area_id` varchar(64) DEFAULT NULL COMMENT '',
  `name` varchar(100) DEFAULT NULL COMMENT '',
  `sex` char(1) DEFAULT NULL COMMENT '',
  `in_date` date DEFAULT NULL COMMENT '',
  `create_by` varchar(64) NOT NULL COMMENT '',
  `create_date` datetime NOT NULL COMMENT '',
  `update_by` varchar(64) NOT NULL COMMENT '',
  `update_date` datetime NOT NULL COMMENT '',
  `remarks` varchar(255) DEFAULT NULL COMMENT '',
  `del_flag` char(1) NOT NULL DEFAULT '0' COMMENT '',
  PRIMARY KEY (`id`),
  KEY `test_data_del_flag` (`del_flag`)
) ENGINE=InnoDB DEFAULT CHARSET=utf8 COMMENT='';

-- ----------------------------
-- Records of student
-- ----------------------------

-- ----------------------------
-- Table structure for `sx_daily_job`
-- ----------------------------
DROP TABLE IF EXISTS `sx_daily_job`;
CREATE TABLE `sx_daily_job` (
  `id` varchar(64) COLLATE utf8_bin NOT NULL COMMENT '',
  `parent_id` varchar(64) COLLATE utf8_bin NOT NULL COMMENT '',
  `parent_ids` varchar(2000) COLLATE utf8_bin NOT NULL COMMENT '',
  `name` varchar(100) COLLATE utf8_bin NOT NULL COMMENT '',
  `sort` decimal(10,0) NOT NULL COMMENT '',
  `tree_leaf` char(1) CHARACTER SET utf8 NOT NULL COMMENT '0:,1:',
  `tree_level` decimal(4,0) NOT NULL COMMENT '(0:)',
  `href` varchar(2000) COLLATE utf8_bin DEFAULT NULL COMMENT '',
  `target` varchar(20) COLLATE utf8_bin DEFAULT NULL COMMENT '',
  `icon` varchar(100) COLLATE utf8_bin DEFAULT NULL COMMENT '',
  `is_show` char(1) COLLATE utf8_bin NOT NULL COMMENT '',
  `permission` varchar(200) COLLATE utf8_bin DEFAULT NULL COMMENT '',
  `create_by` varchar(64) COLLATE utf8_bin NOT NULL COMMENT '',
  `create_date` datetime NOT NULL COMMENT '',
  `update_by` varchar(64) COLLATE utf8_bin NOT NULL COMMENT '',
  `update_date` datetime NOT NULL COMMENT '',
  `remarks` varchar(255) COLLATE utf8_bin DEFAULT NULL COMMENT '',
  `del_flag` char(1) COLLATE utf8_bin NOT NULL DEFAULT '0' COMMENT '',
  PRIMARY KEY (`id`) USING BTREE,
  KEY `sys_menu_parent_id` (`parent_id`) USING BTREE,
  KEY `sys_menu_del_flag` (`del_flag`) USING BTREE
) ENGINE=InnoDB DEFAULT CHARSET=utf8 COLLATE=utf8_bin COMMENT='';

-- ----------------------------
-- Records of sx_daily_job
-- ----------------------------
INSERT INTO `sx_daily_job` VALUES ('06c652918155471a8c30180880c92c18', 'a93ccd98f3c04680b396664ee5d61d87', '0,a93ccd98f3c04680b396664ee5d61d87,', '', '5', '1', '1', '', '30', '', '0', '', '1', '2019-09-10 09:12:03', '1', '2019-09-10 09:12:03', 'Java\n1\n2\n3echarts', '0');
INSERT INTO `sx_daily_job` VALUES ('074af024730447e9968c48ce92a9ad02', '4f232872828d47e88235363a3134aa7e', '0,4f232872828d47e88235363a3134aa7e,', 'Linux', '60', '1', '1', '&lt;a href=\'https://wangchujiang.com/linux-command/\'&gt;Linux&lt;/a&gt;', '', '', '1', '', '1', '2019-09-13 18:32:16', '1', '2019-09-16 10:21:16', '', '0');
INSERT INTO `sx_daily_job` VALUES ('0bea75a3fef640e596bb2ba6e121a0a5', 'b1d27e3be0db4bceb891914d8a8b8335', '0,ac81678e108648c69c50dc45271fa810,b1d27e3be0db4bceb891914d8a8b8335,', '', '30', '1', '2', '&lt;a  href=\'https://stackoverflow.com/\'&gt;&lt;/ a&gt;', '10', '', '1', '', '1', '2019-09-09 15:11:06', '1', '2019-09-09 15:11:06', 'stackoverflow ', '0');
INSERT INTO `sx_daily_job` VALUES ('0f230a2466d349eca17da17984f45ceb', 'a6bde2c4946347c48e9e8b5b312bd981', '0,a93ccd98f3c04680b396664ee5d61d87,a6bde2c4946347c48e9e8b5b312bd981,', '', '50', '1', '2', '&lt;a target=\'blank\' href=\'https://mp.weixin.qq.com/s/_TUj4Nf4APMPEY1TpURRtw\'&gt;&lt;/ a&gt;', '10', '', '1', '', '1', '2019-09-09 14:20:42', '1', '2019-09-09 14:20:42', 'docker', '0');
INSERT INTO `sx_daily_job` VALUES ('132a4d95d05b4f8fac7c9e1988350604', '0', '0,', '', '40', '0', '0', '', '50', '', '0', '', '1', '2019-09-04 14:04:41', '1', '2019-09-10 11:21:17', '', '0');
INSERT INTO `sx_daily_job` VALUES ('13a4a3ce08b7410dbf693a2c43420b5d', 'e9eaed03af0345d4b50b1f56de9cff66', '0,4aed5990895847ccbb297202d4eb545f,e9eaed03af0345d4b50b1f56de9cff66,', '', '30', '1', '2', '', '30', '', '1', '', '1', '2019-09-04 14:28:08', '1', '2019-09-08 14:00:42', '1&lt;br&gt;\n2&lt;br&gt;\n3jeesite', '0');
INSERT INTO `sx_daily_job` VALUES ('14216db0b605438c8a2814c88fcbbddc', '132a4d95d05b4f8fac7c9e1988350604', '0,132a4d95d05b4f8fac7c9e1988350604,', '', '5', '1', '1', '', '50', '', '0', '', '1', '2019-09-10 09:26:50', '1', '2019-09-10 09:26:50', '1Linux\n2VUE.JS', '0');
INSERT INTO `sx_daily_job` VALUES ('144bf291814f44f986a0e2ce6fe9308c', '4f232872828d47e88235363a3134aa7e', '0,4f232872828d47e88235363a3134aa7e,', 'SourceTree', '80', '1', '1', '&lt;a href=&quot;https://cloud.tencent.com/developer/article/1369196&quot;&gt;SourceTree&lt;a/&gt;', '', '', '1', '', '1', '2019-09-16 14:33:26', '1', '2019-09-16 14:33:26', '', '0');
INSERT INTO `sx_daily_job` VALUES ('16691819be2e42cca9c32f0c2a7db6c9', '333f28d0b8d5420ca1b94c833572bc75', '0,132a4d95d05b4f8fac7c9e1988350604,333f28d0b8d5420ca1b94c833572bc75,', '', '30', '1', '2', '&lt;a  href=\'https://leetcode-cn.com/problems/add-two-numbers/\'&gt;&lt;/ a&gt;', '30', '', '1', '', '1', '2019-09-09 15:33:41', '1', '2019-09-09 15:33:41', '', '0');
INSERT INTO `sx_daily_job` VALUES ('16f96aa939e947fbac016c10533b50a6', '4f232872828d47e88235363a3134aa7e', '0,4f232872828d47e88235363a3134aa7e,', '', '50', '1', '1', '&lt;a href=&quot;https://www.wjx.cn/jq/45574015.aspx&quot;&gt;&lt;/a&gt;', '', '', '1', '', '1', '2019-09-11 18:23:46', '1', '2019-09-11 18:23:46', '', '0');
INSERT INTO `sx_daily_job` VALUES ('1aae5bed9a994fe8a080934123c9785a', '4f232872828d47e88235363a3134aa7e', '0,4f232872828d47e88235363a3134aa7e,', 'github', '30', '1', '1', '&lt;a href=&quot;https://github.com/&quot;&gt;&lt;a/&gt;', '', '', '1', '', '1', '2019-09-11 14:13:25', '1', '2019-09-11 14:13:25', '', '0');
INSERT INTO `sx_daily_job` VALUES ('1d99331089f14457be9c58a55eb96705', 'e9eaed03af0345d4b50b1f56de9cff66', '0,4aed5990895847ccbb297202d4eb545f,e9eaed03af0345d4b50b1f56de9cff66,', '', '90', '1', '2', '', '10', '', '1', '', '1', '2019-09-04 14:49:02', '1', '2019-09-09 12:33:43', '9\n1\n2\n3\n4\n5\n6\n7\n8\n9', '0');
INSERT INTO `sx_daily_job` VALUES ('1fb6bb30403b4744a9df1e2cd6e5e74d', '4aed5990895847ccbb297202d4eb545f', '0,4aed5990895847ccbb297202d4eb545f,', '', '60', '1', '1', '', '20', '', '0', '', '1', '2019-09-09 12:25:18', '1', '2019-09-09 12:25:18', '1\n', '0');
INSERT INTO `sx_daily_job` VALUES ('200950fe103742f2bd6805a76d1e7824', '5500ecf4c87a42a5913a701cc05bbea5', '0,4aed5990895847ccbb297202d4eb545f,5500ecf4c87a42a5913a701cc05bbea5,', '', '60', '1', '2', '&lt;a target=\'blank\' href=\'https://mp.weixin.qq.com/s/8rkxHFmRxpF-tNMbxAtuGA\'&gt;&lt;/ a&gt;', '10', '', '1', '', '1', '2019-09-09 13:53:20', '1', '2019-09-09 13:53:20', '', '0');
INSERT INTO `sx_daily_job` VALUES ('20598d160e4c423587df65835b0459b1', 'e9eaed03af0345d4b50b1f56de9cff66', '0,4aed5990895847ccbb297202d4eb545f,e9eaed03af0345d4b50b1f56de9cff66,', '', '50', '1', '2', '', '20', '', '0', '', '1', '2019-09-04 14:31:01', '1', '2019-09-08 13:09:46', '1&lt;br&gt;\n2', '0');
INSERT INTO `sx_daily_job` VALUES ('236b2ab4245b40e0b26190af7f6ba941', 'b7c25406e7a04021a78bc2b8baa4f9dc', '0,4aed5990895847ccbb297202d4eb545f,b7c25406e7a04021a78bc2b8baa4f9dc,', '', '60', '1', '2', '&lt;a target=\'blank\' href=\'https://mp.weixin.qq.com/s/3lpm5mgAVghAqYnumG3BeQ\'&gt;&lt;/ a&gt;', '10', '', '1', '', '1', '2019-09-09 13:50:22', '1', '2019-09-09 14:07:15', '', '0');
INSERT INTO `sx_daily_job` VALUES ('24849068382744d4b5194b775c05acd4', 'b5b9f0b931734f3899014630e4c01940', '0,132a4d95d05b4f8fac7c9e1988350604,b5b9f0b931734f3899014630e4c01940,', 'MySQL', '60', '1', '2', '', '30', '', '1', '', '1', '2019-09-13 19:08:49', '1', '2019-09-13 19:08:49', '', '0');
INSERT INTO `sx_daily_job` VALUES ('26be4bf535d74e4fbda93c8f5e66b3e8', 'aa1fb5e06b6443e4954ecacf6b0d23f4', '0,4aed5990895847ccbb297202d4eb545f,aa1fb5e06b6443e4954ecacf6b0d23f4,', '', '20', '1', '2', '&lt;a href=\'https://pan.baidu.com/s/19FUf8dk9RBf6cC7_w1i2Og\'&gt;&lt;/a&gt;', '15', 'icon-graduation', '0', '', '1', '2019-09-08 15:14:50', '1', '2019-09-09 12:50:29', '1&lt;br&gt;\nhttps://pan.baidu.com/s/19FUf8dk9RBf6cC7_w1i2Og &lt;br&gt;\ncz4d &lt;br&gt;\nApp', '0');
INSERT INTO `sx_daily_job` VALUES ('28713223157f460fb8e6ccdd6b754eee', 'a93ccd98f3c04680b396664ee5d61d87', '0,a93ccd98f3c04680b396664ee5d61d87,', '', '80', '0', '1', '', '', '', '1', '', '1', '2019-09-09 14:28:05', '1', '2019-09-09 14:28:05', '', '0');
INSERT INTO `sx_daily_job` VALUES ('2d14e44ca5a541d48ae82e0e2e76302f', 'a6bde2c4946347c48e9e8b5b312bd981', '0,a93ccd98f3c04680b396664ee5d61d87,a6bde2c4946347c48e9e8b5b312bd981,', 'GitHub', '30', '1', '2', '', '30', '', '1', '', '1', '2019-09-09 12:45:49', '1', '2019-09-09 12:45:49', '', '0');
INSERT INTO `sx_daily_job` VALUES ('333f28d0b8d5420ca1b94c833572bc75', '132a4d95d05b4f8fac7c9e1988350604', '0,132a4d95d05b4f8fac7c9e1988350604,', '', '50', '0', '1', '', '', '', '1', '', '1', '2019-09-09 14:40:50', '1', '2019-09-09 14:40:50', '', '0');
INSERT INTO `sx_daily_job` VALUES ('39b165cd6652466890d9cd3f44d8786b', 'ac81678e108648c69c50dc45271fa810', '0,ac81678e108648c69c50dc45271fa810,', '', '5', '1', '1', '&lt;a target=\'blank\' href=\'https://chanxinguidao.github.io/spring-cloud.html\'&gt;&lt;/a&gt;', '30', '', '0', '', '1', '2019-09-10 11:21:07', '1', '2019-09-10 11:21:07', '', '0');
INSERT INTO `sx_daily_job` VALUES ('3e9a96adba49458eaa15679cce9e6710', 'e9eaed03af0345d4b50b1f56de9cff66', '0,4aed5990895847ccbb297202d4eb545f,e9eaed03af0345d4b50b1f56de9cff66,', '', '100', '1', '2', '&lt;a href=\'https://leetcode-cn.com/\'&gt;&lt;/a&gt;', '30', '', '1', '', '1', '2019-09-04 15:23:27', '1', '2019-09-08 16:23:55', '1&lt;br&gt;\n2&lt;br&gt;\n3', '0');
INSERT INTO `sx_daily_job` VALUES ('47794e7454d04a3e842735f990c16982', 'adcc302811594657bef7264e78bffa05', '0,132a4d95d05b4f8fac7c9e1988350604,adcc302811594657bef7264e78bffa05,', 'centos7', '50', '1', '2', '', '20', '', '0', '', '1', '2019-09-13 19:00:54', '1', '2019-09-13 19:02:32', '', '0');
INSERT INTO `sx_daily_job` VALUES ('481537389a26431493d7e19ab793b324', 'ac81678e108648c69c50dc45271fa810', '0,ac81678e108648c69c50dc45271fa810,', '', '40', '0', '1', '', '', '', '1', '', '1', '2019-09-09 14:39:53', '1', '2019-09-09 14:39:53', '', '0');
INSERT INTO `sx_daily_job` VALUES ('4aed5990895847ccbb297202d4eb545f', '0', '0,', '', '10', '0', '0', '', '', '', '0', '', '1', '2019-09-04 09:29:37', '1', '2019-09-10 11:19:54', '', '0');
INSERT INTO `sx_daily_job` VALUES ('4e707ec1c82a463985e6a18e3edb46c7', 'dfab882e53ff4f30a24fda37f5b1744e', '0,132a4d95d05b4f8fac7c9e1988350604,dfab882e53ff4f30a24fda37f5b1744e,', '', '30', '1', '2', '&lt;a title=\'\' href=\'https://mp.weixin.qq.com/s/HzRH9ZJYmidzW5jrMvEi4w\'&gt;&lt;/ a&gt;', '10', '', '1', '', '1', '2019-09-09 15:29:30', '1', '2019-09-09 15:29:30', 'hashMap', '0');
INSERT INTO `sx_daily_job` VALUES ('4f232872828d47e88235363a3134aa7e', '0', '0,', '', '60', '0', '0', '', '', '', '1', '', '1', '2019-09-10 14:38:02', '1', '2019-09-10 14:38:02', '', '0');
INSERT INTO `sx_daily_job` VALUES ('4fcfa79e8b464b5d83927a2dcad0b7b5', 'aa1fb5e06b6443e4954ecacf6b0d23f4', '0,4aed5990895847ccbb297202d4eb545f,aa1fb5e06b6443e4954ecacf6b0d23f4,', 'processon', '10', '1', '2', '&lt;a href=\'https://www.processon.com/i/577c75bfe4b0d4077ce\'&gt;&lt;/a&gt;', '10', '', '0', '', '1', '2019-09-04 15:33:50', '1', '2019-09-08 15:09:03', '1processon', '0');
INSERT INTO `sx_daily_job` VALUES ('540869bdd78b43ee95146406741fe9b6', 'b5b9f0b931734f3899014630e4c01940', '0,132a4d95d05b4f8fac7c9e1988350604,b5b9f0b931734f3899014630e4c01940,', '', '70', '1', '2', '', '30', '', '1', '', '1', '2019-09-13 19:09:03', '1', '2019-09-13 19:09:03', '', '0');
INSERT INTO `sx_daily_job` VALUES ('54a9422dddde447f94d466ef88e1e444', '8ddb4a74646f4e6db4efa60ac76e7233', '0,4aed5990895847ccbb297202d4eb545f,8ddb4a74646f4e6db4efa60ac76e7233,', '', '50', '1', '2', '&lt;a href=\'https://pan.baidu.com/s/1IMu70DYLvr6QtzsFrhGt3g\'&gt;&lt;/a&gt;', '30', '', '0', '', '1', '2019-09-08 16:06:51', '1', '2019-09-08 16:07:09', '1&lt;br&gt;\nhttps://pan.baidu.com/s/1IMu70DYLvr6QtzsFrhGt3g &lt;br&gt;\n259l &lt;br&gt;\nApp', '0');
INSERT INTO `sx_daily_job` VALUES ('5500ecf4c87a42a5913a701cc05bbea5', '4aed5990895847ccbb297202d4eb545f', '0,4aed5990895847ccbb297202d4eb545f,', '', '40', '0', '1', '', '', '', '0', '', '1', '2019-09-08 16:11:42', '1', '2019-09-08 16:11:42', '1', '0');
INSERT INTO `sx_daily_job` VALUES ('55dae98ec2de4c10a99fc646213a58d1', 'adcc302811594657bef7264e78bffa05', '0,132a4d95d05b4f8fac7c9e1988350604,adcc302811594657bef7264e78bffa05,', 'vm', '40', '1', '2', '', '20', '', '0', '', '1', '2019-09-13 18:58:51', '1', '2019-09-13 18:58:51', '', '0');
INSERT INTO `sx_daily_job` VALUES ('57bae4e8822c41e2bb15c82d156bcc2f', 'a6bde2c4946347c48e9e8b5b312bd981', '0,a93ccd98f3c04680b396664ee5d61d87,a6bde2c4946347c48e9e8b5b312bd981,', '', '40', '1', '2', '', '30', '', '1', '', '1', '2019-09-09 12:46:17', '1', '2019-09-09 12:46:17', '', '0');
INSERT INTO `sx_daily_job` VALUES ('58b8c3e7f33d43cdb151a716c996a7cb', 'b7c25406e7a04021a78bc2b8baa4f9dc', '0,4aed5990895847ccbb297202d4eb545f,b7c25406e7a04021a78bc2b8baa4f9dc,', '', '30', '1', '2', '', '10', '', '1', '', '1', '2019-09-08 16:22:20', '1', '2019-09-08 16:22:20', '1IT&lt;br&gt;\n201_', '0');
INSERT INTO `sx_daily_job` VALUES ('60acffd6ffd641c4abb2229ca67ff272', '132a4d95d05b4f8fac7c9e1988350604', '0,132a4d95d05b4f8fac7c9e1988350604,', '', '30', '0', '1', '', '', '', '1', '', '1', '2019-09-09 14:40:38', '1', '2019-09-09 14:40:38', '', '0');
INSERT INTO `sx_daily_job` VALUES ('652c876045b04d938ad75e974a9ec9c7', '5500ecf4c87a42a5913a701cc05bbea5', '0,4aed5990895847ccbb297202d4eb545f,5500ecf4c87a42a5913a701cc05bbea5,', 'Java', '30', '1', '2', '&lt;a href=\'https://www.processon.com/view/5c89f14ae4b0f88919ad93e1#map\'&gt;&lt;/a&gt;', '20', '', '1', '', '1', '2019-09-08 16:13:18', '1', '2019-09-08 16:13:18', '1Java&lt;br&gt;\n2', '0');
INSERT INTO `sx_daily_job` VALUES ('6579b3aee693460885bad3fec26181f1', '5500ecf4c87a42a5913a701cc05bbea5', '0,4aed5990895847ccbb297202d4eb545f,5500ecf4c87a42a5913a701cc05bbea5,', '', '40', '1', '2', '', '20', '', '0', '', '1', '2019-09-08 16:15:32', '1', '2019-09-08 16:15:32', '1', '0');
INSERT INTO `sx_daily_job` VALUES ('67036b41891f4bdeb43ae2c9254278c9', 'a93ccd98f3c04680b396664ee5d61d87', '0,a93ccd98f3c04680b396664ee5d61d87,', '', '30', '0', '1', '', '', '', '0', '', '1', '2019-09-08 16:40:00', '1', '2019-09-08 16:40:00', '1', '0');
INSERT INTO `sx_daily_job` VALUES ('6ae431c35c514cde914e44385e45db8e', 'ac81678e108648c69c50dc45271fa810', '0,ac81678e108648c69c50dc45271fa810,', '', '4', '1', '1', '', '50', '', '0', '', '1', '2019-09-10 09:21:58', '1', '2019-09-10 11:24:23', '1\n', '0');
INSERT INTO `sx_daily_job` VALUES ('6cf4f760087c41c4b9935608360f1897', 'a93ccd98f3c04680b396664ee5d61d87', '0,a93ccd98f3c04680b396664ee5d61d87,', '', '6', '1', '1', '&lt;a target=\'blank\' href=\'https://chanxinguidao.github.io/springboot/2019/05/01/Spring-Boot%E6%95%99%E7%A8%8B%E7%AC%AC0%E7%AF%87-%E5%85%A5%E9%97%A8%E9%9B%86%E9%94%A6.html\'&gt;SpringBoot&lt;/a&gt;', '50', '', '0', '', '1', '2019-09-10 11:17:24', '1', '2019-09-10 11:17:24', 'springboot', '0');
INSERT INTO `sx_daily_job` VALUES ('6f73194e0ec94be28fc485414c43a9f2', 'aa1fb5e06b6443e4954ecacf6b0d23f4', '0,4aed5990895847ccbb297202d4eb545f,aa1fb5e06b6443e4954ecacf6b0d23f4,', '', '80', '1', '2', '&lt;a target=\'blank\' href=\'https://mp.weixin.qq.com/s/fo6zrgxaoMld35pieJWcsg\'&gt;&lt;/a&gt;', '10', '', '0', '', '1', '2019-09-09 13:00:26', '1', '2019-09-09 13:43:38', '', '0');
INSERT INTO `sx_daily_job` VALUES ('7312c91c6e3547619f88fe27070ec016', 'ac81678e108648c69c50dc45271fa810', '0,ac81678e108648c69c50dc45271fa810,', '', '50', '0', '1', '', '', '', '1', '', '1', '2019-09-09 14:40:03', '1', '2019-09-09 14:40:03', '', '0');
INSERT INTO `sx_daily_job` VALUES ('738dac4257e54dd797ffb3ef7cbe2e86', 'a93ccd98f3c04680b396664ee5d61d87', '0,a93ccd98f3c04680b396664ee5d61d87,', '', '60', '0', '1', '', '', '', '1', '', '1', '2019-09-09 14:26:50', '1', '2019-09-09 14:26:50', '', '0');
INSERT INTO `sx_daily_job` VALUES ('75b6c5f9571449f3ace5938704ad9bd3', 'ac81678e108648c69c50dc45271fa810', '0,ac81678e108648c69c50dc45271fa810,', '', '20', '0', '1', '', '', '', '1', '', '1', '2019-09-09 14:39:28', '1', '2019-09-09 14:39:28', '', '0');
INSERT INTO `sx_daily_job` VALUES ('770df912d3ee499d956884629533e931', 'aa1fb5e06b6443e4954ecacf6b0d23f4', '0,4aed5990895847ccbb297202d4eb545f,aa1fb5e06b6443e4954ecacf6b0d23f4,', '', '60', '1', '2', '', '5', '', '0', '', '1', '2019-09-04 15:35:01', '1', '2019-09-08 15:20:12', '1&lt;br&gt;\n2', '0');
INSERT INTO `sx_daily_job` VALUES ('780e93daa68d4ed49409d7b17e89e7be', 'a93ccd98f3c04680b396664ee5d61d87', '0,a93ccd98f3c04680b396664ee5d61d87,', '', '70', '0', '1', '', '', '', '1', '', '1', '2019-09-09 14:27:52', '1', '2019-09-09 14:27:52', '', '0');
INSERT INTO `sx_daily_job` VALUES ('7ca661bc12b24c44b5ba094ae688da75', 'e9eaed03af0345d4b50b1f56de9cff66', '0,4aed5990895847ccbb297202d4eb545f,e9eaed03af0345d4b50b1f56de9cff66,', '', '20', '1', '2', '', '10', '', '1', '', '1', '2019-09-04 14:26:16', '1', '2019-09-08 11:47:58', '1&lt;br&gt;\n2&lt;br&gt;\n3', '0');
INSERT INTO `sx_daily_job` VALUES ('82312c9380fb4b6fba9df10084d29583', '481537389a26431493d7e19ab793b324', '0,ac81678e108648c69c50dc45271fa810,481537389a26431493d7e19ab793b324,', '', '30', '1', '2', '&lt;a  href=\'https://www.nowcoder.com/\'&gt;&lt;/ a&gt;', '10', '', '1', '', '1', '2019-09-09 15:12:38', '1', '2019-09-09 15:12:38', ' ', '0');
INSERT INTO `sx_daily_job` VALUES ('82f827f41df9477b979238135cdf85d4', '5500ecf4c87a42a5913a701cc05bbea5', '0,4aed5990895847ccbb297202d4eb545f,5500ecf4c87a42a5913a701cc05bbea5,', 'ER', '70', '1', '2', '&lt;a  href=\'https://www.cnblogs.com/zpfbuaa/p/5256187.html/\'&gt;&lt;/ a&gt;', '30', '', '1', '', '1', '2019-09-16 08:56:24', '1', '2019-09-16 08:56:24', 'ER', '0');
INSERT INTO `sx_daily_job` VALUES ('864e3dd0884045a7887e00b33fcc7d2c', '8ddb4a74646f4e6db4efa60ac76e7233', '0,4aed5990895847ccbb297202d4eb545f,8ddb4a74646f4e6db4efa60ac76e7233,', '', '70', '1', '2', '', '35', '', '0', '', '1', '2019-09-08 16:17:55', '1', '2019-09-08 16:17:55', '1', '0');
INSERT INTO `sx_daily_job` VALUES ('8684e1b2059945b9926de99d54e689fe', 'adcc302811594657bef7264e78bffa05', '0,132a4d95d05b4f8fac7c9e1988350604,adcc302811594657bef7264e78bffa05,', '', '30', '1', '2', '&lt;a  href=\'https://www.w3school.com.cn/\'&gt;&lt;/ a&gt;', '10', '', '1', '', '1', '2019-09-09 15:14:54', '1', '2019-09-09 15:14:54', 'w3school ', '0');
INSERT INTO `sx_daily_job` VALUES ('8d7acce6fd6a4639a22b648f6828c2fb', 'b8af62f1c4584b4b87b46e708cb4b7b2', '0,b8af62f1c4584b4b87b46e708cb4b7b2,', 'Java', '30', '1', '1', '&lt;a href=\'https://ks.wjx.top/jq/45459462.aspx\'&gt;Java&lt;/a&gt;', '10', '', '1', '', '1', '2019-09-09 13:32:33', '1', '2019-09-09 13:32:33', '', '0');
INSERT INTO `sx_daily_job` VALUES ('8ddb4a74646f4e6db4efa60ac76e7233', '4aed5990895847ccbb297202d4eb545f', '0,4aed5990895847ccbb297202d4eb545f,', '', '30', '0', '1', '', '', '', '0', '', '1', '2019-09-08 15:27:27', '1', '2019-09-08 15:27:27', '1', '0');
INSERT INTO `sx_daily_job` VALUES ('906cd9077ab946a1bb9d14484f341416', '5500ecf4c87a42a5913a701cc05bbea5', '0,4aed5990895847ccbb297202d4eb545f,5500ecf4c87a42a5913a701cc05bbea5,', '', '50', '1', '2', '', '30', '', '0', '', '1', '2019-09-08 16:19:44', '1', '2019-09-08 16:19:44', '1powerdesigner', '0');
INSERT INTO `sx_daily_job` VALUES ('952bc3af5d7249fe8cc79dc5ebadeb1f', '8ddb4a74646f4e6db4efa60ac76e7233', '0,4aed5990895847ccbb297202d4eb545f,8ddb4a74646f4e6db4efa60ac76e7233,', '', '80', '1', '2', '&lt;a target=\'blank\' href=\'https://mp.weixin.qq.com/s/38RF3REJX8rF6Ejt1V-yXQ\'&gt;&lt;/a&gt;', '10', '', '1', '', '1', '2019-09-09 13:45:00', '1', '2019-09-09 13:46:29', '', '0');
INSERT INTO `sx_daily_job` VALUES ('a30f32df4b68444db1b07e2242cbc805', '7312c91c6e3547619f88fe27070ec016', '0,ac81678e108648c69c50dc45271fa810,7312c91c6e3547619f88fe27070ec016,', '', '30', '1', '2', '&lt;a  href=\'https://www.shiyanlou.com/\'&gt;&lt;/ a&gt;', '10', '', '1', '', '1', '2019-09-09 15:14:02', '1', '2019-09-09 15:14:02', '', '0');
INSERT INTO `sx_daily_job` VALUES ('a4212d0ea5084549bdd9d52dd79a9d72', 'aa1fb5e06b6443e4954ecacf6b0d23f4', '0,4aed5990895847ccbb297202d4eb545f,aa1fb5e06b6443e4954ecacf6b0d23f4,', '', '70', '1', '2', '', '30', '', '0', '', '1', '2019-09-08 15:21:14', '1', '2019-09-08 15:21:14', '1', '0');
INSERT INTO `sx_daily_job` VALUES ('a58ad079f4f34243a02de6fad61a6c20', '780e93daa68d4ed49409d7b17e89e7be', '0,a93ccd98f3c04680b396664ee5d61d87,780e93daa68d4ed49409d7b17e89e7be,', '', '30', '1', '2', '&lt;a target=\'blank\' href=\'https://mp.weixin.qq.com/s/Bw5ZEkVqPErO573bTByMUA\'&gt;&lt;/ a&gt;', '10', '', '1', '', '1', '2019-09-09 14:31:58', '1', '2019-09-09 14:31:58', '', '0');
INSERT INTO `sx_daily_job` VALUES ('a6bde2c4946347c48e9e8b5b312bd981', 'a93ccd98f3c04680b396664ee5d61d87', '0,a93ccd98f3c04680b396664ee5d61d87,', '', '40', '0', '1', '', '20', '', '0', '', '1', '2019-09-09 11:32:06', '1', '2019-09-09 11:32:06', '1GitHub', '0');
INSERT INTO `sx_daily_job` VALUES ('a93ccd98f3c04680b396664ee5d61d87', '0', '0,', '', '20', '0', '0', '', '', '', '0', '', '1', '2019-09-04 09:57:57', '1', '2019-09-10 11:16:30', '', '0');
INSERT INTO `sx_daily_job` VALUES ('aa1fb5e06b6443e4954ecacf6b0d23f4', '4aed5990895847ccbb297202d4eb545f', '0,4aed5990895847ccbb297202d4eb545f,', '', '20', '0', '1', '', '', '', '1', '', '1', '2019-09-04 14:33:13', '1', '2019-09-04 14:33:13', '', '0');
INSERT INTO `sx_daily_job` VALUES ('aa600c279ec645a1a95bd4f642083691', '4aed5990895847ccbb297202d4eb545f', '0,4aed5990895847ccbb297202d4eb545f,', '', '4', '1', '1', '', '50', '', '0', '', '1', '2019-09-10 09:15:58', '1', '2019-09-10 11:19:21', '1', '0');
INSERT INTO `sx_daily_job` VALUES ('ab841bf3261848b595a220aaf290098e', 'b7c25406e7a04021a78bc2b8baa4f9dc', '0,4aed5990895847ccbb297202d4eb545f,b7c25406e7a04021a78bc2b8baa4f9dc,', 'markdown', '40', '1', '2', '', '10', '', '1', '', '1', '2019-09-08 16:59:48', '1', '2019-09-08 16:59:48', '1typoramd ', '0');
INSERT INTO `sx_daily_job` VALUES ('ac81678e108648c69c50dc45271fa810', '0', '0,', '', '30', '0', '0', '', '50', '', '0', '', '1', '2019-09-04 09:58:25', '1', '2019-09-10 11:20:41', '', '0');
INSERT INTO `sx_daily_job` VALUES ('adc0bd05204142ecb875fff2eb80f8df', '4f232872828d47e88235363a3134aa7e', '0,4f232872828d47e88235363a3134aa7e,', 'spring', '70', '1', '1', '&lt;a  href=\'https://www.processon.com/view/link/5d7ee4f1e4b0c5c942c21ce7#map\'&gt;&lt;/ a&gt;', '', '', '1', '', '1', '2019-09-16 09:28:25', '1', '2019-09-16 09:28:25', 'spring', '0');
INSERT INTO `sx_daily_job` VALUES ('adcc302811594657bef7264e78bffa05', '132a4d95d05b4f8fac7c9e1988350604', '0,132a4d95d05b4f8fac7c9e1988350604,', '', '10', '0', '1', '', '', '', '1', '', '1', '2019-09-09 14:40:24', '1', '2019-09-09 14:40:24', '', '0');
INSERT INTO `sx_daily_job` VALUES ('b1d27e3be0db4bceb891914d8a8b8335', 'ac81678e108648c69c50dc45271fa810', '0,ac81678e108648c69c50dc45271fa810,', '', '30', '0', '1', '', '', '', '1', '', '1', '2019-09-09 14:39:40', '1', '2019-09-09 14:39:40', '', '0');
INSERT INTO `sx_daily_job` VALUES ('b5b9f0b931734f3899014630e4c01940', '132a4d95d05b4f8fac7c9e1988350604', '0,132a4d95d05b4f8fac7c9e1988350604,', '', '20', '0', '1', '', '', '', '1', '', '1', '2019-09-09 14:40:32', '1', '2019-09-09 14:40:32', '', '0');
INSERT INTO `sx_daily_job` VALUES ('b684c98c8ee04ade9642f6d91d06070b', '75b6c5f9571449f3ace5938704ad9bd3', '0,ac81678e108648c69c50dc45271fa810,75b6c5f9571449f3ace5938704ad9bd3,', '', '30', '1', '2', '&lt;a target=\'blank\' href=\'https://mp.weixin.qq.com/s/fo3yZfUHP2Hf53fd8mAPAQ\'&gt;&lt;/ a&gt;', '', '', '1', '', '1', '2019-09-09 14:50:08', '1', '2019-09-09 14:55:08', 'MM', '0');
INSERT INTO `sx_daily_job` VALUES ('b718f59ae44047b9a4ed45b36351201d', 'e9eaed03af0345d4b50b1f56de9cff66', '0,4aed5990895847ccbb297202d4eb545f,e9eaed03af0345d4b50b1f56de9cff66,', '', '70', '1', '2', '', '30', '', '1', '', '1', '2019-09-04 15:09:36', '1', '2019-09-08 12:58:14', '1Java.pdf', '0');
INSERT INTO `sx_daily_job` VALUES ('b7c25406e7a04021a78bc2b8baa4f9dc', '4aed5990895847ccbb297202d4eb545f', '0,4aed5990895847ccbb297202d4eb545f,', '', '50', '0', '1', '', '', '', '0', '', '1', '2019-09-08 16:13:58', '1', '2019-09-08 16:13:58', '1', '0');
INSERT INTO `sx_daily_job` VALUES ('b84430c847d7435daad42351b04cd5d3', 'e9eaed03af0345d4b50b1f56de9cff66', '0,4aed5990895847ccbb297202d4eb545f,e9eaed03af0345d4b50b1f56de9cff66,', '', '80', '1', '2', '&lt;a href=\'https://pan.baidu.com/s/1OU8VNoRxdMer32tdoukLYA\'&gt;&lt;/a&gt;', '10', '', '1', '', '1', '2019-09-04 15:08:18', '1', '2019-09-08 14:52:27', '1Java&lt;br&gt;\nhttps://pan.baidu.com/s/1OU8VNoRxdMer32tdoukLYA &lt;br&gt;\n6ob8 &lt;br&gt;\nApp', '0');
INSERT INTO `sx_daily_job` VALUES ('b8af62f1c4584b4b87b46e708cb4b7b2', '0', '0,', '', '50', '0', '0', '', '', '', '1', '', '1', '2019-09-09 13:31:58', '1', '2019-09-09 13:31:58', '', '0');
INSERT INTO `sx_daily_job` VALUES ('bf73a32bb693446fa0e73fc6ef52c202', 'a93ccd98f3c04680b396664ee5d61d87', '0,a93ccd98f3c04680b396664ee5d61d87,', '', '4', '1', '1', '', '20', '', '0', '', '1', '2019-09-10 09:18:30', '1', '2019-09-10 11:19:03', '1', '0');
INSERT INTO `sx_daily_job` VALUES ('d12f483d95af45fbae32db60c6996c9a', 'b5b9f0b931734f3899014630e4c01940', '0,132a4d95d05b4f8fac7c9e1988350604,b5b9f0b931734f3899014630e4c01940,', '', '30', '1', '2', '&lt;a  href=\'https://www.runoob.com/\'&gt;&lt;/ a&gt;', '10', '', '1', '', '1', '2019-09-09 15:15:41', '1', '2019-09-09 15:15:41', '', '0');
INSERT INTO `sx_daily_job` VALUES ('d3b210df2a584d559accc225014ae18e', 'f207cffd82fd45deaef0fa758c0c6d90', '0,ac81678e108648c69c50dc45271fa810,f207cffd82fd45deaef0fa758c0c6d90,', '', '30', '1', '2', '&lt;a href=\'https://www.oschina.net\'&gt;&lt;/ a&gt;', '10', '', '1', '', '1', '2019-09-09 14:42:29', '1', '2019-09-09 14:42:29', ' ', '0');
INSERT INTO `sx_daily_job` VALUES ('d4033fbcc7ee4b2cb68eb829c41e93a9', '4aed5990895847ccbb297202d4eb545f', '0,4aed5990895847ccbb297202d4eb545f,', '', '8', '1', '1', '', '50', '', '1', '', '1', '2019-09-13 19:15:38', '1', '2019-09-13 19:15:38', '\n', '0');
INSERT INTO `sx_daily_job` VALUES ('d75f62ad19eb43e6a708301caa3c5ff1', '67036b41891f4bdeb43ae2c9254278c9', '0,a93ccd98f3c04680b396664ee5d61d87,67036b41891f4bdeb43ae2c9254278c9,', '', '30', '1', '2', '&lt;a target=\'blank\' href=\'https://mp.weixin.qq.com/s/FRVOYlgZCO524KwzQRohLA\'&gt;&lt;/ a&gt;', '10', '', '0', '', '1', '2019-09-09 14:08:54', '1', '2019-09-09 14:08:54', '', '0');
INSERT INTO `sx_daily_job` VALUES ('d96cb644ee85478394bb4e2a287e4fba', '738dac4257e54dd797ffb3ef7cbe2e86', '0,a93ccd98f3c04680b396664ee5d61d87,738dac4257e54dd797ffb3ef7cbe2e86,', '', '50', '1', '2', '&lt;a target=\'blank\' href=\'https://mp.weixin.qq.com/s/3gN8rsOoJcO3vfcINF-y9w\'&gt;&lt;/ a&gt;', '10', '', '1', '', '1', '2019-09-09 14:26:20', '1', '2019-09-09 14:27:34', '', '0');
INSERT INTO `sx_daily_job` VALUES ('dbcf0d8715194ef1821ba07306f4269d', 'b5b9f0b931734f3899014630e4c01940', '0,132a4d95d05b4f8fac7c9e1988350604,b5b9f0b931734f3899014630e4c01940,', 'jdk', '50', '1', '2', '', '30', '', '1', '', '1', '2019-09-13 19:08:36', '1', '2019-09-13 19:08:36', '', '0');
INSERT INTO `sx_daily_job` VALUES ('deb8491245d44d999c2eea346876dd1e', '4f232872828d47e88235363a3134aa7e', '0,4f232872828d47e88235363a3134aa7e,', 'ideatomcat', '30', '1', '1', '&lt;a href=&quot;https://jingyan.baidu.com/article/ff411625da4c3d12e582377f.html&quot;&gt;&lt;a/&gt;', '', '', '1', '', '1', '2019-09-10 14:39:00', '1', '2019-09-10 14:39:00', '', '0');
INSERT INTO `sx_daily_job` VALUES ('df018778beb640ffa380a75f46af824c', 'aa1fb5e06b6443e4954ecacf6b0d23f4', '0,4aed5990895847ccbb297202d4eb545f,aa1fb5e06b6443e4954ecacf6b0d23f4,', 'GitHub', '40', '1', '2', '&lt;a  href=\'https://github.com/\'&gt;&lt;/ a&gt;', '20', '', '0', '', '1', '2019-09-08 13:58:17', '1', '2019-09-09 14:46:49', '1GitHub\n2', '0');
INSERT INTO `sx_daily_job` VALUES ('dfab882e53ff4f30a24fda37f5b1744e', '132a4d95d05b4f8fac7c9e1988350604', '0,132a4d95d05b4f8fac7c9e1988350604,', '', '40', '0', '1', '', '', '', '1', '', '1', '2019-09-09 14:40:44', '1', '2019-09-09 14:40:44', '', '0');
INSERT INTO `sx_daily_job` VALUES ('dfb96574b330493899a9f585dfe4129d', '4f232872828d47e88235363a3134aa7e', '0,4f232872828d47e88235363a3134aa7e,', 'ProcessOn', '40', '1', '1', '&lt;a href=&quot;https://www.processon.com/&quot;&gt;&lt;a/&gt;', '', '', '1', '', '1', '2019-09-11 14:16:30', '1', '2019-09-11 14:16:53', '', '0');
INSERT INTO `sx_daily_job` VALUES ('dfdb425cbc954b618c0f307098f1302f', 'aa1fb5e06b6443e4954ecacf6b0d23f4', '0,4aed5990895847ccbb297202d4eb545f,aa1fb5e06b6443e4954ecacf6b0d23f4,', 'jeesite', '50', '1', '2', '', '10', '', '0', '', '1', '2019-09-08 15:05:13', '1', '2019-09-08 15:05:13', '1', '0');
INSERT INTO `sx_daily_job` VALUES ('e3aef5849f6a438ea43ab3e4dea0962a', 'e9eaed03af0345d4b50b1f56de9cff66', '0,4aed5990895847ccbb297202d4eb545f,e9eaed03af0345d4b50b1f56de9cff66,', '', '110', '1', '2', '&lt;a href=\'https://www.cnblogs.com/n216/archive/2011/05/16/2047327.html\'&gt;&lt;/a&gt;', '10', '', '1', '', '1', '2019-09-09 13:01:31', '1', '2019-09-09 13:38:30', '', '0');
INSERT INTO `sx_daily_job` VALUES ('e777d79c85954a5fb114b84e08fb6188', '8ddb4a74646f4e6db4efa60ac76e7233', '0,4aed5990895847ccbb297202d4eb545f,8ddb4a74646f4e6db4efa60ac76e7233,', '', '40', '1', '2', '', '20', '', '0', '', '1', '2019-09-08 15:43:05', '1', '2019-09-08 15:53:17', '1  &lt;br&gt;\n2   ;&lt;br&gt;\n3', '0');
INSERT INTO `sx_daily_job` VALUES ('e9eaed03af0345d4b50b1f56de9cff66', '4aed5990895847ccbb297202d4eb545f', '0,4aed5990895847ccbb297202d4eb545f,', '', '10', '0', '1', '', '', 'icon-notebook', '1', '', '1', '2019-09-04 14:05:48', '1', '2019-09-10 11:25:47', '1', '0');
INSERT INTO `sx_daily_job` VALUES ('eea7f79f2a93479eb5d2b0d6f41a9d22', '8ddb4a74646f4e6db4efa60ac76e7233', '0,4aed5990895847ccbb297202d4eb545f,8ddb4a74646f4e6db4efa60ac76e7233,', '', '30', '1', '2', '', '10', '', '0', '', '1', '2019-09-08 15:38:32', '1', '2019-09-08 15:39:37', '1 ', '0');
INSERT INTO `sx_daily_job` VALUES ('f01f27890b684e8e824d14acfa8acb32', 'b5b9f0b931734f3899014630e4c01940', '0,132a4d95d05b4f8fac7c9e1988350604,b5b9f0b931734f3899014630e4c01940,', 'tomcat', '40', '1', '2', '', '30', '', '1', '', '1', '2019-09-13 19:03:18', '1', '2019-09-13 19:03:18', '', '0');
INSERT INTO `sx_daily_job` VALUES ('f207cffd82fd45deaef0fa758c0c6d90', 'ac81678e108648c69c50dc45271fa810', '0,ac81678e108648c69c50dc45271fa810,', '', '10', '0', '1', '', '', '', '1', '', '1', '2019-09-09 14:39:03', '1', '2019-09-09 14:39:03', '', '0');
INSERT INTO `sx_daily_job` VALUES ('f272f9974a1447709a6e1782e43a4a90', 'aa1fb5e06b6443e4954ecacf6b0d23f4', '0,4aed5990895847ccbb297202d4eb545f,aa1fb5e06b6443e4954ecacf6b0d23f4,', 'MBTI', '30', '1', '2', '&lt;a href=\'http://www.apesk.com/mbti/dati.asp?\'&gt;mbti&lt;/a&gt;', '10', '', '1', '', '1', '2019-09-08 11:51:24', '1', '2019-09-09 13:28:24', '1MBTI&lt;br&gt;', '0');
INSERT INTO `sx_daily_job` VALUES ('f4629245b60545eea2e8515d778ce82d', '0', '0,', '', '70', '1', '0', '', '', '', '1', '', '1', '2019-09-16 17:21:29', '1', '2019-09-16 17:21:29', '', '0');
INSERT INTO `sx_daily_job` VALUES ('f642002e0675445687f4337f09fc12bb', '4aed5990895847ccbb297202d4eb545f', '0,4aed5990895847ccbb297202d4eb545f,', '', '1', '1', '1', '', '50', '', '0', '', '1', '2019-09-10 11:20:16', '1', '2019-09-13 21:59:58', '\n1\n2\njeesite\njeesiteSSM', '0');
INSERT INTO `sx_daily_job` VALUES ('f77e000b82364219b1f9263ab49dc024', 'adcc302811594657bef7264e78bffa05', '0,132a4d95d05b4f8fac7c9e1988350604,adcc302811594657bef7264e78bffa05,', 'Linux', '60', '1', '2', '', '30', '', '1', '', '1', '2019-09-13 19:02:56', '1', '2019-09-13 19:02:56', '', '0');
INSERT INTO `sx_daily_job` VALUES ('f89c068025874ceb89238e5ed8880ec7', '28713223157f460fb8e6ccdd6b754eee', '0,a93ccd98f3c04680b396664ee5d61d87,28713223157f460fb8e6ccdd6b754eee,', '', '30', '1', '2', '&lt;a  href=\'https://www.javazhiyin.com/41814.html\'&gt;&lt;/ a&gt;', '20', '', '1', '', '1', '2019-09-09 14:37:35', '1', '2019-09-09 14:37:35', '', '0');
INSERT INTO `sx_daily_job` VALUES ('f9ffea7becf8413eb23619286e40cba2', 'e9eaed03af0345d4b50b1f56de9cff66', '0,4aed5990895847ccbb297202d4eb545f,e9eaed03af0345d4b50b1f56de9cff66,', '', '40', '1', '2', '', '20', '', '0', '', '1', '2019-09-04 14:29:50', '1', '2019-09-09 12:50:45', '1idea&lt;br&gt;\n2git &amp; sourcetree', '0');
INSERT INTO `sx_daily_job` VALUES ('fb6ec4eae03e4e1380dde73bdddb3042', '60acffd6ffd641c4abb2229ca67ff272', '0,132a4d95d05b4f8fac7c9e1988350604,60acffd6ffd641c4abb2229ca67ff272,', '', '30', '1', '2', '&lt;a  href=\'https://www.csdn.net/\'&gt;&lt;/ a&gt;', '10', '', '1', '', '1', '2019-09-09 15:21:14', '1', '2019-09-09 15:21:14', 'CSDN', '0');
INSERT INTO `sx_daily_job` VALUES ('fba9769bafa540198467fb0b803c8b94', 'e9eaed03af0345d4b50b1f56de9cff66', '0,4aed5990895847ccbb297202d4eb545f,e9eaed03af0345d4b50b1f56de9cff66,', '', '10', '1', '2', '', '10', 'icon-screen-tablet', '1', '', '1', '2019-09-04 14:06:32', '1', '2019-09-08 15:54:32', '', '0');
INSERT INTO `sx_daily_job` VALUES ('fecf7161a12746d490e150d9f8ccdbe4', '8ddb4a74646f4e6db4efa60ac76e7233', '0,4aed5990895847ccbb297202d4eb545f,8ddb4a74646f4e6db4efa60ac76e7233,', '', '60', '1', '2', '', '10', '', '1', '', '1', '2019-09-08 16:09:07', '1', '2019-09-08 16:09:07', '1 everything ', '0');
INSERT INTO `sx_daily_job` VALUES ('ffbc8b32453f4ff3be980f79430da94e', 'e9eaed03af0345d4b50b1f56de9cff66', '0,4aed5990895847ccbb297202d4eb545f,e9eaed03af0345d4b50b1f56de9cff66,', '', '60', '1', '2', '&lt;a href=\'https://pan.baidu.com/s/1WSHUWeR67LS0616vgDJRxg\'&gt;&lt;/a&gt;', '30', '', '0', '', '1', '2019-09-04 14:32:06', '1', '2019-09-08 13:10:30', '1&lt;br&gt;\nhttps://pan.baidu.com/s/1WSHUWeR67LS0616vgDJRxg &lt;br&gt;\nqs7x &lt;br&gt;\nApp&lt;br&gt;', '0');

-- ----------------------------
-- Table structure for `sx_daily_job_copy1`
-- ----------------------------
DROP TABLE IF EXISTS `sx_daily_job_copy1`;
CREATE TABLE `sx_daily_job_copy1` (
  `id` varchar(64) COLLATE utf8_bin NOT NULL COMMENT '',
  `parent_id` varchar(64) COLLATE utf8_bin NOT NULL COMMENT '',
  `parent_ids` varchar(2000) COLLATE utf8_bin NOT NULL COMMENT '',
  `name` varchar(100) COLLATE utf8_bin NOT NULL COMMENT '',
  `sort` decimal(10,0) NOT NULL COMMENT '',
  `tree_leaf` char(1) CHARACTER SET utf8 NOT NULL COMMENT '0:,1:',
  `tree_level` decimal(4,0) NOT NULL COMMENT '(0:)',
  `href` varchar(2000) COLLATE utf8_bin DEFAULT NULL COMMENT '',
  `target` varchar(20) COLLATE utf8_bin DEFAULT NULL COMMENT '',
  `icon` varchar(100) COLLATE utf8_bin DEFAULT NULL COMMENT '',
  `is_show` char(1) COLLATE utf8_bin NOT NULL COMMENT '',
  `permission` varchar(200) COLLATE utf8_bin DEFAULT NULL COMMENT '',
  `create_by` varchar(64) COLLATE utf8_bin NOT NULL COMMENT '',
  `create_date` datetime NOT NULL COMMENT '',
  `update_by` varchar(64) COLLATE utf8_bin NOT NULL COMMENT '',
  `update_date` datetime NOT NULL COMMENT '',
  `remarks` varchar(255) COLLATE utf8_bin DEFAULT NULL COMMENT '',
  `del_flag` char(1) COLLATE utf8_bin NOT NULL DEFAULT '0' COMMENT '',
  PRIMARY KEY (`id`) USING BTREE,
  KEY `sys_menu_parent_id` (`parent_id`) USING BTREE,
  KEY `sys_menu_del_flag` (`del_flag`) USING BTREE
) ENGINE=InnoDB DEFAULT CHARSET=utf8 COLLATE=utf8_bin COMMENT='';

-- ----------------------------
-- Records of sx_daily_job_copy1
-- ----------------------------
INSERT INTO `sx_daily_job_copy1` VALUES ('06c652918155471a8c30180880c92c18', 'a93ccd98f3c04680b396664ee5d61d87', '0,a93ccd98f3c04680b396664ee5d61d87,', '', '5', '1', '1', '', '30', '', '0', '', '1', '2019-09-10 09:12:03', '1', '2019-09-10 09:12:03', 'Java\n1\n2\n3echarts', '0');
INSERT INTO `sx_daily_job_copy1` VALUES ('074af024730447e9968c48ce92a9ad02', '4f232872828d47e88235363a3134aa7e', '0,4f232872828d47e88235363a3134aa7e,', 'Linux', '60', '1', '1', '&lt;a href=\'https://wangchujiang.com/linux-command/\'&gt;Linux&lt;/a&gt;', '', '', '1', '', '1', '2019-09-13 18:32:16', '1', '2019-09-16 10:21:16', '', '0');
INSERT INTO `sx_daily_job_copy1` VALUES ('0bea75a3fef640e596bb2ba6e121a0a5', 'b1d27e3be0db4bceb891914d8a8b8335', '0,ac81678e108648c69c50dc45271fa810,b1d27e3be0db4bceb891914d8a8b8335,', '', '30', '1', '2', '&lt;a  href=\'https://stackoverflow.com/\'&gt;&lt;/ a&gt;', '10', '', '1', '', '1', '2019-09-09 15:11:06', '1', '2019-09-09 15:11:06', 'stackoverflow ', '0');
INSERT INTO `sx_daily_job_copy1` VALUES ('0f230a2466d349eca17da17984f45ceb', 'a6bde2c4946347c48e9e8b5b312bd981', '0,a93ccd98f3c04680b396664ee5d61d87,a6bde2c4946347c48e9e8b5b312bd981,', '', '50', '1', '2', '&lt;a target=\'blank\' href=\'https://mp.weixin.qq.com/s/_TUj4Nf4APMPEY1TpURRtw\'&gt;&lt;/ a&gt;', '10', '', '1', '', '1', '2019-09-09 14:20:42', '1', '2019-09-09 14:20:42', 'docker', '0');
INSERT INTO `sx_daily_job_copy1` VALUES ('132a4d95d05b4f8fac7c9e1988350604', '0', '0,', '', '40', '0', '0', '', '50', '', '0', '', '1', '2019-09-04 14:04:41', '1', '2019-09-10 11:21:17', '', '0');
INSERT INTO `sx_daily_job_copy1` VALUES ('13a4a3ce08b7410dbf693a2c43420b5d', 'e9eaed03af0345d4b50b1f56de9cff66', '0,4aed5990895847ccbb297202d4eb545f,e9eaed03af0345d4b50b1f56de9cff66,', '', '30', '1', '2', '', '30', '', '1', '', '1', '2019-09-04 14:28:08', '1', '2019-09-08 14:00:42', '1&lt;br&gt;\n2&lt;br&gt;\n3jeesite', '0');
INSERT INTO `sx_daily_job_copy1` VALUES ('14216db0b605438c8a2814c88fcbbddc', '132a4d95d05b4f8fac7c9e1988350604', '0,132a4d95d05b4f8fac7c9e1988350604,', '', '5', '1', '1', '', '50', '', '0', '', '1', '2019-09-10 09:26:50', '1', '2019-09-10 09:26:50', '1Linux\n2VUE.JS', '0');
INSERT INTO `sx_daily_job_copy1` VALUES ('16691819be2e42cca9c32f0c2a7db6c9', '333f28d0b8d5420ca1b94c833572bc75', '0,132a4d95d05b4f8fac7c9e1988350604,333f28d0b8d5420ca1b94c833572bc75,', '', '30', '1', '2', '&lt;a  href=\'https://leetcode-cn.com/problems/add-two-numbers/\'&gt;&lt;/ a&gt;', '30', '', '1', '', '1', '2019-09-09 15:33:41', '1', '2019-09-09 15:33:41', '', '0');
INSERT INTO `sx_daily_job_copy1` VALUES ('16f96aa939e947fbac016c10533b50a6', '4f232872828d47e88235363a3134aa7e', '0,4f232872828d47e88235363a3134aa7e,', '', '50', '1', '1', '&lt;a href=&quot;https://www.wjx.cn/jq/45574015.aspx&quot;&gt;&lt;/a&gt;', '', '', '1', '', '1', '2019-09-11 18:23:46', '1', '2019-09-11 18:23:46', '', '0');
INSERT INTO `sx_daily_job_copy1` VALUES ('1aae5bed9a994fe8a080934123c9785a', '4f232872828d47e88235363a3134aa7e', '0,4f232872828d47e88235363a3134aa7e,', 'github', '30', '1', '1', '&lt;a href=&quot;https://github.com/&quot;&gt;&lt;a/&gt;', '', '', '1', '', '1', '2019-09-11 14:13:25', '1', '2019-09-11 14:13:25', '', '0');
INSERT INTO `sx_daily_job_copy1` VALUES ('1d99331089f14457be9c58a55eb96705', 'e9eaed03af0345d4b50b1f56de9cff66', '0,4aed5990895847ccbb297202d4eb545f,e9eaed03af0345d4b50b1f56de9cff66,', '', '90', '1', '2', '', '10', '', '1', '', '1', '2019-09-04 14:49:02', '1', '2019-09-09 12:33:43', '9\n1\n2\n3\n4\n5\n6\n7\n8\n9', '0');
INSERT INTO `sx_daily_job_copy1` VALUES ('1fb6bb30403b4744a9df1e2cd6e5e74d', '4aed5990895847ccbb297202d4eb545f', '0,4aed5990895847ccbb297202d4eb545f,', '', '60', '1', '1', '', '20', '', '0', '', '1', '2019-09-09 12:25:18', '1', '2019-09-09 12:25:18', '1\n', '0');
INSERT INTO `sx_daily_job_copy1` VALUES ('200950fe103742f2bd6805a76d1e7824', '5500ecf4c87a42a5913a701cc05bbea5', '0,4aed5990895847ccbb297202d4eb545f,5500ecf4c87a42a5913a701cc05bbea5,', '', '60', '1', '2', '&lt;a target=\'blank\' href=\'https://mp.weixin.qq.com/s/8rkxHFmRxpF-tNMbxAtuGA\'&gt;&lt;/ a&gt;', '10', '', '1', '', '1', '2019-09-09 13:53:20', '1', '2019-09-09 13:53:20', '', '0');
INSERT INTO `sx_daily_job_copy1` VALUES ('20598d160e4c423587df65835b0459b1', 'e9eaed03af0345d4b50b1f56de9cff66', '0,4aed5990895847ccbb297202d4eb545f,e9eaed03af0345d4b50b1f56de9cff66,', '', '50', '1', '2', '', '20', '', '0', '', '1', '2019-09-04 14:31:01', '1', '2019-09-08 13:09:46', '1&lt;br&gt;\n2', '0');
INSERT INTO `sx_daily_job_copy1` VALUES ('236b2ab4245b40e0b26190af7f6ba941', 'b7c25406e7a04021a78bc2b8baa4f9dc', '0,4aed5990895847ccbb297202d4eb545f,b7c25406e7a04021a78bc2b8baa4f9dc,', '', '60', '1', '2', '&lt;a target=\'blank\' href=\'https://mp.weixin.qq.com/s/3lpm5mgAVghAqYnumG3BeQ\'&gt;&lt;/ a&gt;', '10', '', '1', '', '1', '2019-09-09 13:50:22', '1', '2019-09-09 14:07:15', '', '0');
INSERT INTO `sx_daily_job_copy1` VALUES ('24849068382744d4b5194b775c05acd4', 'b5b9f0b931734f3899014630e4c01940', '0,132a4d95d05b4f8fac7c9e1988350604,b5b9f0b931734f3899014630e4c01940,', 'MySQL', '60', '1', '2', '', '30', '', '1', '', '1', '2019-09-13 19:08:49', '1', '2019-09-13 19:08:49', '', '0');
INSERT INTO `sx_daily_job_copy1` VALUES ('26be4bf535d74e4fbda93c8f5e66b3e8', 'aa1fb5e06b6443e4954ecacf6b0d23f4', '0,4aed5990895847ccbb297202d4eb545f,aa1fb5e06b6443e4954ecacf6b0d23f4,', '', '20', '1', '2', '&lt;a href=\'https://pan.baidu.com/s/19FUf8dk9RBf6cC7_w1i2Og\'&gt;&lt;/a&gt;', '15', 'icon-graduation', '0', '', '1', '2019-09-08 15:14:50', '1', '2019-09-09 12:50:29', '1&lt;br&gt;\nhttps://pan.baidu.com/s/19FUf8dk9RBf6cC7_w1i2Og &lt;br&gt;\ncz4d &lt;br&gt;\nApp', '0');
INSERT INTO `sx_daily_job_copy1` VALUES ('28713223157f460fb8e6ccdd6b754eee', 'a93ccd98f3c04680b396664ee5d61d87', '0,a93ccd98f3c04680b396664ee5d61d87,', '', '80', '0', '1', '', '', '', '1', '', '1', '2019-09-09 14:28:05', '1', '2019-09-09 14:28:05', '', '0');
INSERT INTO `sx_daily_job_copy1` VALUES ('2d14e44ca5a541d48ae82e0e2e76302f', 'a6bde2c4946347c48e9e8b5b312bd981', '0,a93ccd98f3c04680b396664ee5d61d87,a6bde2c4946347c48e9e8b5b312bd981,', 'GitHub', '30', '1', '2', '', '30', '', '1', '', '1', '2019-09-09 12:45:49', '1', '2019-09-09 12:45:49', '', '0');
INSERT INTO `sx_daily_job_copy1` VALUES ('333f28d0b8d5420ca1b94c833572bc75', '132a4d95d05b4f8fac7c9e1988350604', '0,132a4d95d05b4f8fac7c9e1988350604,', '', '50', '0', '1', '', '', '', '1', '', '1', '2019-09-09 14:40:50', '1', '2019-09-09 14:40:50', '', '0');
INSERT INTO `sx_daily_job_copy1` VALUES ('39b165cd6652466890d9cd3f44d8786b', 'ac81678e108648c69c50dc45271fa810', '0,ac81678e108648c69c50dc45271fa810,', '', '5', '1', '1', '&lt;a target=\'blank\' href=\'https://chanxinguidao.github.io/spring-cloud.html\'&gt;&lt;/a&gt;', '30', '', '0', '', '1', '2019-09-10 11:21:07', '1', '2019-09-10 11:21:07', '', '0');
INSERT INTO `sx_daily_job_copy1` VALUES ('3e9a96adba49458eaa15679cce9e6710', 'e9eaed03af0345d4b50b1f56de9cff66', '0,4aed5990895847ccbb297202d4eb545f,e9eaed03af0345d4b50b1f56de9cff66,', '', '100', '1', '2', '&lt;a href=\'https://leetcode-cn.com/\'&gt;&lt;/a&gt;', '30', '', '1', '', '1', '2019-09-04 15:23:27', '1', '2019-09-08 16:23:55', '1&lt;br&gt;\n2&lt;br&gt;\n3', '0');
INSERT INTO `sx_daily_job_copy1` VALUES ('47794e7454d04a3e842735f990c16982', 'adcc302811594657bef7264e78bffa05', '0,132a4d95d05b4f8fac7c9e1988350604,adcc302811594657bef7264e78bffa05,', 'centos7', '50', '1', '2', '', '20', '', '0', '', '1', '2019-09-13 19:00:54', '1', '2019-09-13 19:02:32', '', '0');
INSERT INTO `sx_daily_job_copy1` VALUES ('481537389a26431493d7e19ab793b324', 'ac81678e108648c69c50dc45271fa810', '0,ac81678e108648c69c50dc45271fa810,', '', '40', '0', '1', '', '', '', '1', '', '1', '2019-09-09 14:39:53', '1', '2019-09-09 14:39:53', '', '0');
INSERT INTO `sx_daily_job_copy1` VALUES ('4aed5990895847ccbb297202d4eb545f', '0', '0,', '', '10', '0', '0', '', '', '', '0', '', '1', '2019-09-04 09:29:37', '1', '2019-09-10 11:19:54', '', '0');
INSERT INTO `sx_daily_job_copy1` VALUES ('4e707ec1c82a463985e6a18e3edb46c7', 'dfab882e53ff4f30a24fda37f5b1744e', '0,132a4d95d05b4f8fac7c9e1988350604,dfab882e53ff4f30a24fda37f5b1744e,', '', '30', '1', '2', '&lt;a title=\'\' href=\'https://mp.weixin.qq.com/s/HzRH9ZJYmidzW5jrMvEi4w\'&gt;&lt;/ a&gt;', '10', '', '1', '', '1', '2019-09-09 15:29:30', '1', '2019-09-09 15:29:30', 'hashMap', '0');
INSERT INTO `sx_daily_job_copy1` VALUES ('4f232872828d47e88235363a3134aa7e', '0', '0,', '', '60', '0', '0', '', '', '', '1', '', '1', '2019-09-10 14:38:02', '1', '2019-09-10 14:38:02', '', '0');
INSERT INTO `sx_daily_job_copy1` VALUES ('4fcfa79e8b464b5d83927a2dcad0b7b5', 'aa1fb5e06b6443e4954ecacf6b0d23f4', '0,4aed5990895847ccbb297202d4eb545f,aa1fb5e06b6443e4954ecacf6b0d23f4,', 'processon', '10', '1', '2', '&lt;a href=\'https://www.processon.com/i/577c75bfe4b0d4077ce\'&gt;&lt;/a&gt;', '10', '', '0', '', '1', '2019-09-04 15:33:50', '1', '2019-09-08 15:09:03', '1processon', '0');
INSERT INTO `sx_daily_job_copy1` VALUES ('540869bdd78b43ee95146406741fe9b6', 'b5b9f0b931734f3899014630e4c01940', '0,132a4d95d05b4f8fac7c9e1988350604,b5b9f0b931734f3899014630e4c01940,', '', '70', '1', '2', '', '30', '', '1', '', '1', '2019-09-13 19:09:03', '1', '2019-09-13 19:09:03', '', '0');
INSERT INTO `sx_daily_job_copy1` VALUES ('54a9422dddde447f94d466ef88e1e444', '8ddb4a74646f4e6db4efa60ac76e7233', '0,4aed5990895847ccbb297202d4eb545f,8ddb4a74646f4e6db4efa60ac76e7233,', '', '50', '1', '2', '&lt;a href=\'https://pan.baidu.com/s/1IMu70DYLvr6QtzsFrhGt3g\'&gt;&lt;/a&gt;', '30', '', '0', '', '1', '2019-09-08 16:06:51', '1', '2019-09-08 16:07:09', '1&lt;br&gt;\nhttps://pan.baidu.com/s/1IMu70DYLvr6QtzsFrhGt3g &lt;br&gt;\n259l &lt;br&gt;\nApp', '0');
INSERT INTO `sx_daily_job_copy1` VALUES ('5500ecf4c87a42a5913a701cc05bbea5', '4aed5990895847ccbb297202d4eb545f', '0,4aed5990895847ccbb297202d4eb545f,', '', '40', '0', '1', '', '', '', '0', '', '1', '2019-09-08 16:11:42', '1', '2019-09-08 16:11:42', '1', '0');
INSERT INTO `sx_daily_job_copy1` VALUES ('55dae98ec2de4c10a99fc646213a58d1', 'adcc302811594657bef7264e78bffa05', '0,132a4d95d05b4f8fac7c9e1988350604,adcc302811594657bef7264e78bffa05,', 'vm', '40', '1', '2', '', '20', '', '0', '', '1', '2019-09-13 18:58:51', '1', '2019-09-13 18:58:51', '', '0');
INSERT INTO `sx_daily_job_copy1` VALUES ('57bae4e8822c41e2bb15c82d156bcc2f', 'a6bde2c4946347c48e9e8b5b312bd981', '0,a93ccd98f3c04680b396664ee5d61d87,a6bde2c4946347c48e9e8b5b312bd981,', '', '40', '1', '2', '', '30', '', '1', '', '1', '2019-09-09 12:46:17', '1', '2019-09-09 12:46:17', '', '0');
INSERT INTO `sx_daily_job_copy1` VALUES ('58b8c3e7f33d43cdb151a716c996a7cb', 'b7c25406e7a04021a78bc2b8baa4f9dc', '0,4aed5990895847ccbb297202d4eb545f,b7c25406e7a04021a78bc2b8baa4f9dc,', '', '30', '1', '2', '', '10', '', '1', '', '1', '2019-09-08 16:22:20', '1', '2019-09-08 16:22:20', '1IT&lt;br&gt;\n201_', '0');
INSERT INTO `sx_daily_job_copy1` VALUES ('60acffd6ffd641c4abb2229ca67ff272', '132a4d95d05b4f8fac7c9e1988350604', '0,132a4d95d05b4f8fac7c9e1988350604,', '', '30', '0', '1', '', '', '', '1', '', '1', '2019-09-09 14:40:38', '1', '2019-09-09 14:40:38', '', '0');
INSERT INTO `sx_daily_job_copy1` VALUES ('652c876045b04d938ad75e974a9ec9c7', '5500ecf4c87a42a5913a701cc05bbea5', '0,4aed5990895847ccbb297202d4eb545f,5500ecf4c87a42a5913a701cc05bbea5,', 'Java', '30', '1', '2', '&lt;a href=\'https://www.processon.com/view/5c89f14ae4b0f88919ad93e1#map\'&gt;&lt;/a&gt;', '20', '', '1', '', '1', '2019-09-08 16:13:18', '1', '2019-09-08 16:13:18', '1Java&lt;br&gt;\n2', '0');
INSERT INTO `sx_daily_job_copy1` VALUES ('6579b3aee693460885bad3fec26181f1', '5500ecf4c87a42a5913a701cc05bbea5', '0,4aed5990895847ccbb297202d4eb545f,5500ecf4c87a42a5913a701cc05bbea5,', '', '40', '1', '2', '', '20', '', '0', '', '1', '2019-09-08 16:15:32', '1', '2019-09-08 16:15:32', '1', '0');
INSERT INTO `sx_daily_job_copy1` VALUES ('67036b41891f4bdeb43ae2c9254278c9', 'a93ccd98f3c04680b396664ee5d61d87', '0,a93ccd98f3c04680b396664ee5d61d87,', '', '30', '0', '1', '', '', '', '0', '', '1', '2019-09-08 16:40:00', '1', '2019-09-08 16:40:00', '1', '0');
INSERT INTO `sx_daily_job_copy1` VALUES ('6ae431c35c514cde914e44385e45db8e', 'ac81678e108648c69c50dc45271fa810', '0,ac81678e108648c69c50dc45271fa810,', '', '4', '1', '1', '', '50', '', '0', '', '1', '2019-09-10 09:21:58', '1', '2019-09-10 11:24:23', '1\n', '0');
INSERT INTO `sx_daily_job_copy1` VALUES ('6cf4f760087c41c4b9935608360f1897', 'a93ccd98f3c04680b396664ee5d61d87', '0,a93ccd98f3c04680b396664ee5d61d87,', '', '6', '1', '1', '&lt;a target=\'blank\' href=\'https://chanxinguidao.github.io/springboot/2019/05/01/Spring-Boot%E6%95%99%E7%A8%8B%E7%AC%AC0%E7%AF%87-%E5%85%A5%E9%97%A8%E9%9B%86%E9%94%A6.html\'&gt;SpringBoot&lt;/a&gt;', '50', '', '0', '', '1', '2019-09-10 11:17:24', '1', '2019-09-10 11:17:24', 'springboot', '0');
INSERT INTO `sx_daily_job_copy1` VALUES ('6f73194e0ec94be28fc485414c43a9f2', 'aa1fb5e06b6443e4954ecacf6b0d23f4', '0,4aed5990895847ccbb297202d4eb545f,aa1fb5e06b6443e4954ecacf6b0d23f4,', '', '80', '1', '2', '&lt;a target=\'blank\' href=\'https://mp.weixin.qq.com/s/fo6zrgxaoMld35pieJWcsg\'&gt;&lt;/a&gt;', '10', '', '0', '', '1', '2019-09-09 13:00:26', '1', '2019-09-09 13:43:38', '', '0');
INSERT INTO `sx_daily_job_copy1` VALUES ('7312c91c6e3547619f88fe27070ec016', 'ac81678e108648c69c50dc45271fa810', '0,ac81678e108648c69c50dc45271fa810,', '', '50', '0', '1', '', '', '', '1', '', '1', '2019-09-09 14:40:03', '1', '2019-09-09 14:40:03', '', '0');
INSERT INTO `sx_daily_job_copy1` VALUES ('738dac4257e54dd797ffb3ef7cbe2e86', 'a93ccd98f3c04680b396664ee5d61d87', '0,a93ccd98f3c04680b396664ee5d61d87,', '', '60', '0', '1', '', '', '', '1', '', '1', '2019-09-09 14:26:50', '1', '2019-09-09 14:26:50', '', '0');
INSERT INTO `sx_daily_job_copy1` VALUES ('75b6c5f9571449f3ace5938704ad9bd3', 'ac81678e108648c69c50dc45271fa810', '0,ac81678e108648c69c50dc45271fa810,', '', '20', '0', '1', '', '', '', '1', '', '1', '2019-09-09 14:39:28', '1', '2019-09-09 14:39:28', '', '0');
INSERT INTO `sx_daily_job_copy1` VALUES ('770df912d3ee499d956884629533e931', 'aa1fb5e06b6443e4954ecacf6b0d23f4', '0,4aed5990895847ccbb297202d4eb545f,aa1fb5e06b6443e4954ecacf6b0d23f4,', '', '60', '1', '2', '', '5', '', '0', '', '1', '2019-09-04 15:35:01', '1', '2019-09-08 15:20:12', '1&lt;br&gt;\n2', '0');
INSERT INTO `sx_daily_job_copy1` VALUES ('780e93daa68d4ed49409d7b17e89e7be', 'a93ccd98f3c04680b396664ee5d61d87', '0,a93ccd98f3c04680b396664ee5d61d87,', '', '70', '0', '1', '', '', '', '1', '', '1', '2019-09-09 14:27:52', '1', '2019-09-09 14:27:52', '', '0');
INSERT INTO `sx_daily_job_copy1` VALUES ('7ca661bc12b24c44b5ba094ae688da75', 'e9eaed03af0345d4b50b1f56de9cff66', '0,4aed5990895847ccbb297202d4eb545f,e9eaed03af0345d4b50b1f56de9cff66,', '', '20', '1', '2', '', '10', '', '1', '', '1', '2019-09-04 14:26:16', '1', '2019-09-08 11:47:58', '1&lt;br&gt;\n2&lt;br&gt;\n3', '0');
INSERT INTO `sx_daily_job_copy1` VALUES ('82312c9380fb4b6fba9df10084d29583', '481537389a26431493d7e19ab793b324', '0,ac81678e108648c69c50dc45271fa810,481537389a26431493d7e19ab793b324,', '', '30', '1', '2', '&lt;a  href=\'https://www.nowcoder.com/\'&gt;&lt;/ a&gt;', '10', '', '1', '', '1', '2019-09-09 15:12:38', '1', '2019-09-09 15:12:38', ' ', '0');
INSERT INTO `sx_daily_job_copy1` VALUES ('82f827f41df9477b979238135cdf85d4', '5500ecf4c87a42a5913a701cc05bbea5', '0,4aed5990895847ccbb297202d4eb545f,5500ecf4c87a42a5913a701cc05bbea5,', 'ER', '70', '1', '2', '&lt;a  href=\'https://www.cnblogs.com/zpfbuaa/p/5256187.html/\'&gt;&lt;/ a&gt;', '30', '', '1', '', '1', '2019-09-16 08:56:24', '1', '2019-09-16 08:56:24', 'ER', '0');
INSERT INTO `sx_daily_job_copy1` VALUES ('864e3dd0884045a7887e00b33fcc7d2c', '8ddb4a74646f4e6db4efa60ac76e7233', '0,4aed5990895847ccbb297202d4eb545f,8ddb4a74646f4e6db4efa60ac76e7233,', '', '70', '1', '2', '', '35', '', '0', '', '1', '2019-09-08 16:17:55', '1', '2019-09-08 16:17:55', '1', '0');
INSERT INTO `sx_daily_job_copy1` VALUES ('8684e1b2059945b9926de99d54e689fe', 'adcc302811594657bef7264e78bffa05', '0,132a4d95d05b4f8fac7c9e1988350604,adcc302811594657bef7264e78bffa05,', '', '30', '1', '2', '&lt;a  href=\'https://www.w3school.com.cn/\'&gt;&lt;/ a&gt;', '10', '', '1', '', '1', '2019-09-09 15:14:54', '1', '2019-09-09 15:14:54', 'w3school ', '0');
INSERT INTO `sx_daily_job_copy1` VALUES ('8d7acce6fd6a4639a22b648f6828c2fb', 'b8af62f1c4584b4b87b46e708cb4b7b2', '0,b8af62f1c4584b4b87b46e708cb4b7b2,', 'Java', '30', '1', '1', '&lt;a href=\'https://ks.wjx.top/jq/45459462.aspx\'&gt;Java&lt;/a&gt;', '10', '', '1', '', '1', '2019-09-09 13:32:33', '1', '2019-09-09 13:32:33', '', '0');
INSERT INTO `sx_daily_job_copy1` VALUES ('8ddb4a74646f4e6db4efa60ac76e7233', '4aed5990895847ccbb297202d4eb545f', '0,4aed5990895847ccbb297202d4eb545f,', '', '30', '0', '1', '', '', '', '0', '', '1', '2019-09-08 15:27:27', '1', '2019-09-08 15:27:27', '1', '0');
INSERT INTO `sx_daily_job_copy1` VALUES ('906cd9077ab946a1bb9d14484f341416', '5500ecf4c87a42a5913a701cc05bbea5', '0,4aed5990895847ccbb297202d4eb545f,5500ecf4c87a42a5913a701cc05bbea5,', '', '50', '1', '2', '', '30', '', '0', '', '1', '2019-09-08 16:19:44', '1', '2019-09-08 16:19:44', '1powerdesigner', '0');
INSERT INTO `sx_daily_job_copy1` VALUES ('952bc3af5d7249fe8cc79dc5ebadeb1f', '8ddb4a74646f4e6db4efa60ac76e7233', '0,4aed5990895847ccbb297202d4eb545f,8ddb4a74646f4e6db4efa60ac76e7233,', '', '80', '1', '2', '&lt;a target=\'blank\' href=\'https://mp.weixin.qq.com/s/38RF3REJX8rF6Ejt1V-yXQ\'&gt;&lt;/a&gt;', '10', '', '1', '', '1', '2019-09-09 13:45:00', '1', '2019-09-09 13:46:29', '', '0');
INSERT INTO `sx_daily_job_copy1` VALUES ('a30f32df4b68444db1b07e2242cbc805', '7312c91c6e3547619f88fe27070ec016', '0,ac81678e108648c69c50dc45271fa810,7312c91c6e3547619f88fe27070ec016,', '', '30', '1', '2', '&lt;a  href=\'https://www.shiyanlou.com/\'&gt;&lt;/ a&gt;', '10', '', '1', '', '1', '2019-09-09 15:14:02', '1', '2019-09-09 15:14:02', '', '0');
INSERT INTO `sx_daily_job_copy1` VALUES ('a4212d0ea5084549bdd9d52dd79a9d72', 'aa1fb5e06b6443e4954ecacf6b0d23f4', '0,4aed5990895847ccbb297202d4eb545f,aa1fb5e06b6443e4954ecacf6b0d23f4,', '', '70', '1', '2', '', '30', '', '0', '', '1', '2019-09-08 15:21:14', '1', '2019-09-08 15:21:14', '1', '0');
INSERT INTO `sx_daily_job_copy1` VALUES ('a58ad079f4f34243a02de6fad61a6c20', '780e93daa68d4ed49409d7b17e89e7be', '0,a93ccd98f3c04680b396664ee5d61d87,780e93daa68d4ed49409d7b17e89e7be,', '', '30', '1', '2', '&lt;a target=\'blank\' href=\'https://mp.weixin.qq.com/s/Bw5ZEkVqPErO573bTByMUA\'&gt;&lt;/ a&gt;', '10', '', '1', '', '1', '2019-09-09 14:31:58', '1', '2019-09-09 14:31:58', '', '0');
INSERT INTO `sx_daily_job_copy1` VALUES ('a6bde2c4946347c48e9e8b5b312bd981', 'a93ccd98f3c04680b396664ee5d61d87', '0,a93ccd98f3c04680b396664ee5d61d87,', '', '40', '0', '1', '', '20', '', '0', '', '1', '2019-09-09 11:32:06', '1', '2019-09-09 11:32:06', '1GitHub', '0');
INSERT INTO `sx_daily_job_copy1` VALUES ('a93ccd98f3c04680b396664ee5d61d87', '0', '0,', '', '20', '0', '0', '', '', '', '0', '', '1', '2019-09-04 09:57:57', '1', '2019-09-10 11:16:30', '', '0');
INSERT INTO `sx_daily_job_copy1` VALUES ('aa1fb5e06b6443e4954ecacf6b0d23f4', '4aed5990895847ccbb297202d4eb545f', '0,4aed5990895847ccbb297202d4eb545f,', '', '20', '0', '1', '', '', '', '1', '', '1', '2019-09-04 14:33:13', '1', '2019-09-04 14:33:13', '', '0');
INSERT INTO `sx_daily_job_copy1` VALUES ('aa600c279ec645a1a95bd4f642083691', '4aed5990895847ccbb297202d4eb545f', '0,4aed5990895847ccbb297202d4eb545f,', '', '4', '1', '1', '', '50', '', '0', '', '1', '2019-09-10 09:15:58', '1', '2019-09-10 11:19:21', '1', '0');
INSERT INTO `sx_daily_job_copy1` VALUES ('ab841bf3261848b595a220aaf290098e', 'b7c25406e7a04021a78bc2b8baa4f9dc', '0,4aed5990895847ccbb297202d4eb545f,b7c25406e7a04021a78bc2b8baa4f9dc,', 'markdown', '40', '1', '2', '', '10', '', '1', '', '1', '2019-09-08 16:59:48', '1', '2019-09-08 16:59:48', '1typoramd ', '0');
INSERT INTO `sx_daily_job_copy1` VALUES ('ac81678e108648c69c50dc45271fa810', '0', '0,', '', '30', '0', '0', '', '50', '', '0', '', '1', '2019-09-04 09:58:25', '1', '2019-09-10 11:20:41', '', '0');
INSERT INTO `sx_daily_job_copy1` VALUES ('adc0bd05204142ecb875fff2eb80f8df', '4f232872828d47e88235363a3134aa7e', '0,4f232872828d47e88235363a3134aa7e,', 'spring', '70', '1', '1', '&lt;a  href=\'https://www.processon.com/view/link/5d7ee4f1e4b0c5c942c21ce7#map\'&gt;&lt;/ a&gt;', '', '', '1', '', '1', '2019-09-16 09:28:25', '1', '2019-09-16 09:28:25', 'spring', '0');
INSERT INTO `sx_daily_job_copy1` VALUES ('adcc302811594657bef7264e78bffa05', '132a4d95d05b4f8fac7c9e1988350604', '0,132a4d95d05b4f8fac7c9e1988350604,', '', '10', '0', '1', '', '', '', '1', '', '1', '2019-09-09 14:40:24', '1', '2019-09-09 14:40:24', '', '0');
INSERT INTO `sx_daily_job_copy1` VALUES ('b1d27e3be0db4bceb891914d8a8b8335', 'ac81678e108648c69c50dc45271fa810', '0,ac81678e108648c69c50dc45271fa810,', '', '30', '0', '1', '', '', '', '1', '', '1', '2019-09-09 14:39:40', '1', '2019-09-09 14:39:40', '', '0');
INSERT INTO `sx_daily_job_copy1` VALUES ('b5b9f0b931734f3899014630e4c01940', '132a4d95d05b4f8fac7c9e1988350604', '0,132a4d95d05b4f8fac7c9e1988350604,', '', '20', '0', '1', '', '', '', '1', '', '1', '2019-09-09 14:40:32', '1', '2019-09-09 14:40:32', '', '0');
INSERT INTO `sx_daily_job_copy1` VALUES ('b684c98c8ee04ade9642f6d91d06070b', '75b6c5f9571449f3ace5938704ad9bd3', '0,ac81678e108648c69c50dc45271fa810,75b6c5f9571449f3ace5938704ad9bd3,', '', '30', '1', '2', '&lt;a target=\'blank\' href=\'https://mp.weixin.qq.com/s/fo3yZfUHP2Hf53fd8mAPAQ\'&gt;&lt;/ a&gt;', '', '', '1', '', '1', '2019-09-09 14:50:08', '1', '2019-09-09 14:55:08', 'MM', '0');
INSERT INTO `sx_daily_job_copy1` VALUES ('b718f59ae44047b9a4ed45b36351201d', 'e9eaed03af0345d4b50b1f56de9cff66', '0,4aed5990895847ccbb297202d4eb545f,e9eaed03af0345d4b50b1f56de9cff66,', '', '70', '1', '2', '', '30', '', '1', '', '1', '2019-09-04 15:09:36', '1', '2019-09-08 12:58:14', '1Java.pdf', '0');
INSERT INTO `sx_daily_job_copy1` VALUES ('b7c25406e7a04021a78bc2b8baa4f9dc', '4aed5990895847ccbb297202d4eb545f', '0,4aed5990895847ccbb297202d4eb545f,', '', '50', '0', '1', '', '', '', '0', '', '1', '2019-09-08 16:13:58', '1', '2019-09-08 16:13:58', '1', '0');
INSERT INTO `sx_daily_job_copy1` VALUES ('b84430c847d7435daad42351b04cd5d3', 'e9eaed03af0345d4b50b1f56de9cff66', '0,4aed5990895847ccbb297202d4eb545f,e9eaed03af0345d4b50b1f56de9cff66,', '', '80', '1', '2', '&lt;a href=\'https://pan.baidu.com/s/1OU8VNoRxdMer32tdoukLYA\'&gt;&lt;/a&gt;', '10', '', '1', '', '1', '2019-09-04 15:08:18', '1', '2019-09-08 14:52:27', '1Java&lt;br&gt;\nhttps://pan.baidu.com/s/1OU8VNoRxdMer32tdoukLYA &lt;br&gt;\n6ob8 &lt;br&gt;\nApp', '0');
INSERT INTO `sx_daily_job_copy1` VALUES ('b8af62f1c4584b4b87b46e708cb4b7b2', '0', '0,', '', '50', '0', '0', '', '', '', '1', '', '1', '2019-09-09 13:31:58', '1', '2019-09-09 13:31:58', '', '0');
INSERT INTO `sx_daily_job_copy1` VALUES ('bf73a32bb693446fa0e73fc6ef52c202', 'a93ccd98f3c04680b396664ee5d61d87', '0,a93ccd98f3c04680b396664ee5d61d87,', '', '4', '1', '1', '', '20', '', '0', '', '1', '2019-09-10 09:18:30', '1', '2019-09-10 11:19:03', '1', '0');
INSERT INTO `sx_daily_job_copy1` VALUES ('d12f483d95af45fbae32db60c6996c9a', 'b5b9f0b931734f3899014630e4c01940', '0,132a4d95d05b4f8fac7c9e1988350604,b5b9f0b931734f3899014630e4c01940,', '', '30', '1', '2', '&lt;a  href=\'https://www.runoob.com/\'&gt;&lt;/ a&gt;', '10', '', '1', '', '1', '2019-09-09 15:15:41', '1', '2019-09-09 15:15:41', '', '0');
INSERT INTO `sx_daily_job_copy1` VALUES ('d3b210df2a584d559accc225014ae18e', 'f207cffd82fd45deaef0fa758c0c6d90', '0,ac81678e108648c69c50dc45271fa810,f207cffd82fd45deaef0fa758c0c6d90,', '', '30', '1', '2', '&lt;a href=\'https://www.oschina.net\'&gt;&lt;/ a&gt;', '10', '', '1', '', '1', '2019-09-09 14:42:29', '1', '2019-09-09 14:42:29', ' ', '0');
INSERT INTO `sx_daily_job_copy1` VALUES ('d4033fbcc7ee4b2cb68eb829c41e93a9', '4aed5990895847ccbb297202d4eb545f', '0,4aed5990895847ccbb297202d4eb545f,', '', '8', '1', '1', '', '50', '', '1', '', '1', '2019-09-13 19:15:38', '1', '2019-09-13 19:15:38', '\n', '0');
INSERT INTO `sx_daily_job_copy1` VALUES ('d75f62ad19eb43e6a708301caa3c5ff1', '67036b41891f4bdeb43ae2c9254278c9', '0,a93ccd98f3c04680b396664ee5d61d87,67036b41891f4bdeb43ae2c9254278c9,', '', '30', '1', '2', '&lt;a target=\'blank\' href=\'https://mp.weixin.qq.com/s/FRVOYlgZCO524KwzQRohLA\'&gt;&lt;/ a&gt;', '10', '', '0', '', '1', '2019-09-09 14:08:54', '1', '2019-09-09 14:08:54', '', '0');
INSERT INTO `sx_daily_job_copy1` VALUES ('d96cb644ee85478394bb4e2a287e4fba', '738dac4257e54dd797ffb3ef7cbe2e86', '0,a93ccd98f3c04680b396664ee5d61d87,738dac4257e54dd797ffb3ef7cbe2e86,', '', '50', '1', '2', '&lt;a target=\'blank\' href=\'https://mp.weixin.qq.com/s/3gN8rsOoJcO3vfcINF-y9w\'&gt;&lt;/ a&gt;', '10', '', '1', '', '1', '2019-09-09 14:26:20', '1', '2019-09-09 14:27:34', '', '0');
INSERT INTO `sx_daily_job_copy1` VALUES ('dbcf0d8715194ef1821ba07306f4269d', 'b5b9f0b931734f3899014630e4c01940', '0,132a4d95d05b4f8fac7c9e1988350604,b5b9f0b931734f3899014630e4c01940,', 'jdk', '50', '1', '2', '', '30', '', '1', '', '1', '2019-09-13 19:08:36', '1', '2019-09-13 19:08:36', '', '0');
INSERT INTO `sx_daily_job_copy1` VALUES ('deb8491245d44d999c2eea346876dd1e', '4f232872828d47e88235363a3134aa7e', '0,4f232872828d47e88235363a3134aa7e,', 'ideatomcat', '30', '1', '1', '&lt;a href=&quot;https://jingyan.baidu.com/article/ff411625da4c3d12e582377f.html&quot;&gt;&lt;a/&gt;', '', '', '1', '', '1', '2019-09-10 14:39:00', '1', '2019-09-10 14:39:00', '', '0');
INSERT INTO `sx_daily_job_copy1` VALUES ('df018778beb640ffa380a75f46af824c', 'aa1fb5e06b6443e4954ecacf6b0d23f4', '0,4aed5990895847ccbb297202d4eb545f,aa1fb5e06b6443e4954ecacf6b0d23f4,', 'GitHub', '40', '1', '2', '&lt;a  href=\'https://github.com/\'&gt;&lt;/ a&gt;', '20', '', '0', '', '1', '2019-09-08 13:58:17', '1', '2019-09-09 14:46:49', '1GitHub\n2', '0');
INSERT INTO `sx_daily_job_copy1` VALUES ('dfab882e53ff4f30a24fda37f5b1744e', '132a4d95d05b4f8fac7c9e1988350604', '0,132a4d95d05b4f8fac7c9e1988350604,', '', '40', '0', '1', '', '', '', '1', '', '1', '2019-09-09 14:40:44', '1', '2019-09-09 14:40:44', '', '0');
INSERT INTO `sx_daily_job_copy1` VALUES ('dfb96574b330493899a9f585dfe4129d', '4f232872828d47e88235363a3134aa7e', '0,4f232872828d47e88235363a3134aa7e,', 'ProcessOn', '40', '1', '1', '&lt;a href=&quot;https://www.processon.com/&quot;&gt;&lt;a/&gt;', '', '', '1', '', '1', '2019-09-11 14:16:30', '1', '2019-09-11 14:16:53', '', '0');
INSERT INTO `sx_daily_job_copy1` VALUES ('dfdb425cbc954b618c0f307098f1302f', 'aa1fb5e06b6443e4954ecacf6b0d23f4', '0,4aed5990895847ccbb297202d4eb545f,aa1fb5e06b6443e4954ecacf6b0d23f4,', 'jeesite', '50', '1', '2', '', '10', '', '0', '', '1', '2019-09-08 15:05:13', '1', '2019-09-08 15:05:13', '1', '0');
INSERT INTO `sx_daily_job_copy1` VALUES ('e3aef5849f6a438ea43ab3e4dea0962a', 'e9eaed03af0345d4b50b1f56de9cff66', '0,4aed5990895847ccbb297202d4eb545f,e9eaed03af0345d4b50b1f56de9cff66,', '', '110', '1', '2', '&lt;a href=\'https://www.cnblogs.com/n216/archive/2011/05/16/2047327.html\'&gt;&lt;/a&gt;', '10', '', '1', '', '1', '2019-09-09 13:01:31', '1', '2019-09-09 13:38:30', '', '0');
INSERT INTO `sx_daily_job_copy1` VALUES ('e777d79c85954a5fb114b84e08fb6188', '8ddb4a74646f4e6db4efa60ac76e7233', '0,4aed5990895847ccbb297202d4eb545f,8ddb4a74646f4e6db4efa60ac76e7233,', '', '40', '1', '2', '', '20', '', '0', '', '1', '2019-09-08 15:43:05', '1', '2019-09-08 15:53:17', '1  &lt;br&gt;\n2   ;&lt;br&gt;\n3', '0');
INSERT INTO `sx_daily_job_copy1` VALUES ('e9eaed03af0345d4b50b1f56de9cff66', '4aed5990895847ccbb297202d4eb545f', '0,4aed5990895847ccbb297202d4eb545f,', '', '10', '0', '1', '', '', 'icon-notebook', '1', '', '1', '2019-09-04 14:05:48', '1', '2019-09-10 11:25:47', '1', '0');
INSERT INTO `sx_daily_job_copy1` VALUES ('eea7f79f2a93479eb5d2b0d6f41a9d22', '8ddb4a74646f4e6db4efa60ac76e7233', '0,4aed5990895847ccbb297202d4eb545f,8ddb4a74646f4e6db4efa60ac76e7233,', '', '30', '1', '2', '', '10', '', '0', '', '1', '2019-09-08 15:38:32', '1', '2019-09-08 15:39:37', '1 ', '0');
INSERT INTO `sx_daily_job_copy1` VALUES ('f01f27890b684e8e824d14acfa8acb32', 'b5b9f0b931734f3899014630e4c01940', '0,132a4d95d05b4f8fac7c9e1988350604,b5b9f0b931734f3899014630e4c01940,', 'tomcat', '40', '1', '2', '', '30', '', '1', '', '1', '2019-09-13 19:03:18', '1', '2019-09-13 19:03:18', '', '0');
INSERT INTO `sx_daily_job_copy1` VALUES ('f207cffd82fd45deaef0fa758c0c6d90', 'ac81678e108648c69c50dc45271fa810', '0,ac81678e108648c69c50dc45271fa810,', '', '10', '0', '1', '', '', '', '1', '', '1', '2019-09-09 14:39:03', '1', '2019-09-09 14:39:03', '', '0');
INSERT INTO `sx_daily_job_copy1` VALUES ('f272f9974a1447709a6e1782e43a4a90', 'aa1fb5e06b6443e4954ecacf6b0d23f4', '0,4aed5990895847ccbb297202d4eb545f,aa1fb5e06b6443e4954ecacf6b0d23f4,', 'MBTI', '30', '1', '2', '&lt;a href=\'http://www.apesk.com/mbti/dati.asp?\'&gt;mbti&lt;/a&gt;', '10', '', '1', '', '1', '2019-09-08 11:51:24', '1', '2019-09-09 13:28:24', '1MBTI&lt;br&gt;', '0');
INSERT INTO `sx_daily_job_copy1` VALUES ('f642002e0675445687f4337f09fc12bb', '4aed5990895847ccbb297202d4eb545f', '0,4aed5990895847ccbb297202d4eb545f,', '', '1', '1', '1', '', '50', '', '0', '', '1', '2019-09-10 11:20:16', '1', '2019-09-13 21:59:58', '\n1\n2\njeesite\njeesiteSSM', '0');
INSERT INTO `sx_daily_job_copy1` VALUES ('f77e000b82364219b1f9263ab49dc024', 'adcc302811594657bef7264e78bffa05', '0,132a4d95d05b4f8fac7c9e1988350604,adcc302811594657bef7264e78bffa05,', 'Linux', '60', '1', '2', '', '30', '', '1', '', '1', '2019-09-13 19:02:56', '1', '2019-09-13 19:02:56', '', '0');
INSERT INTO `sx_daily_job_copy1` VALUES ('f89c068025874ceb89238e5ed8880ec7', '28713223157f460fb8e6ccdd6b754eee', '0,a93ccd98f3c04680b396664ee5d61d87,28713223157f460fb8e6ccdd6b754eee,', '', '30', '1', '2', '&lt;a  href=\'https://www.javazhiyin.com/41814.html\'&gt;&lt;/ a&gt;', '20', '', '1', '', '1', '2019-09-09 14:37:35', '1', '2019-09-09 14:37:35', '', '0');
INSERT INTO `sx_daily_job_copy1` VALUES ('f9ffea7becf8413eb23619286e40cba2', 'e9eaed03af0345d4b50b1f56de9cff66', '0,4aed5990895847ccbb297202d4eb545f,e9eaed03af0345d4b50b1f56de9cff66,', '', '40', '1', '2', '', '20', '', '0', '', '1', '2019-09-04 14:29:50', '1', '2019-09-09 12:50:45', '1idea&lt;br&gt;\n2git &amp; sourcetree', '0');
INSERT INTO `sx_daily_job_copy1` VALUES ('fb6ec4eae03e4e1380dde73bdddb3042', '60acffd6ffd641c4abb2229ca67ff272', '0,132a4d95d05b4f8fac7c9e1988350604,60acffd6ffd641c4abb2229ca67ff272,', '', '30', '1', '2', '&lt;a  href=\'https://www.csdn.net/\'&gt;&lt;/ a&gt;', '10', '', '1', '', '1', '2019-09-09 15:21:14', '1', '2019-09-09 15:21:14', 'CSDN', '0');
INSERT INTO `sx_daily_job_copy1` VALUES ('fba9769bafa540198467fb0b803c8b94', 'e9eaed03af0345d4b50b1f56de9cff66', '0,4aed5990895847ccbb297202d4eb545f,e9eaed03af0345d4b50b1f56de9cff66,', '', '10', '1', '2', '', '10', 'icon-screen-tablet', '1', '', '1', '2019-09-04 14:06:32', '1', '2019-09-08 15:54:32', '', '0');
INSERT INTO `sx_daily_job_copy1` VALUES ('fecf7161a12746d490e150d9f8ccdbe4', '8ddb4a74646f4e6db4efa60ac76e7233', '0,4aed5990895847ccbb297202d4eb545f,8ddb4a74646f4e6db4efa60ac76e7233,', '', '60', '1', '2', '', '10', '', '1', '', '1', '2019-09-08 16:09:07', '1', '2019-09-08 16:09:07', '1 everything ', '0');
INSERT INTO `sx_daily_job_copy1` VALUES ('ffbc8b32453f4ff3be980f79430da94e', 'e9eaed03af0345d4b50b1f56de9cff66', '0,4aed5990895847ccbb297202d4eb545f,e9eaed03af0345d4b50b1f56de9cff66,', '', '60', '1', '2', '&lt;a href=\'https://pan.baidu.com/s/1WSHUWeR67LS0616vgDJRxg\'&gt;&lt;/a&gt;', '30', '', '0', '', '1', '2019-09-04 14:32:06', '1', '2019-09-08 13:10:30', '1&lt;br&gt;\nhttps://pan.baidu.com/s/1WSHUWeR67LS0616vgDJRxg &lt;br&gt;\nqs7x &lt;br&gt;\nApp&lt;br&gt;', '0');

-- ----------------------------
-- Table structure for `sx_daily_proc`
-- ----------------------------
DROP TABLE IF EXISTS `sx_daily_proc`;
CREATE TABLE `sx_daily_proc` (
  `id` varchar(64) COLLATE utf8_bin NOT NULL COMMENT '',
  `parent_id` varchar(64) COLLATE utf8_bin NOT NULL COMMENT '',
  `parent_ids` varchar(2000) COLLATE utf8_bin NOT NULL COMMENT '',
  `name` varchar(100) COLLATE utf8_bin NOT NULL COMMENT '',
  `sort` decimal(10,0) NOT NULL COMMENT '',
  `tree_leaf` char(1) CHARACTER SET utf8 NOT NULL COMMENT '0:,1:',
  `tree_level` decimal(4,0) NOT NULL COMMENT '(0:)',
  `href` varchar(2000) COLLATE utf8_bin DEFAULT NULL COMMENT '',
  `target` varchar(20) COLLATE utf8_bin DEFAULT NULL COMMENT '',
  `icon` varchar(100) COLLATE utf8_bin DEFAULT NULL COMMENT '',
  `is_show` char(1) COLLATE utf8_bin NOT NULL COMMENT '',
  `permission` varchar(200) COLLATE utf8_bin DEFAULT NULL COMMENT '',
  `create_by` varchar(64) COLLATE utf8_bin NOT NULL COMMENT '',
  `create_date` datetime NOT NULL COMMENT '',
  `update_by` varchar(64) COLLATE utf8_bin NOT NULL COMMENT '',
  `update_date` datetime NOT NULL COMMENT '',
  `remarks` varchar(255) COLLATE utf8_bin DEFAULT NULL COMMENT '',
  `del_flag` char(1) COLLATE utf8_bin NOT NULL DEFAULT '0' COMMENT '',
  `role_name` varchar(255) COLLATE utf8_bin DEFAULT NULL COMMENT '',
  `job` varchar(255) COLLATE utf8_bin DEFAULT NULL COMMENT '',
  `ref_doc` varchar(255) COLLATE utf8_bin DEFAULT NULL COMMENT '',
  `join_time` varchar(255) COLLATE utf8_bin DEFAULT NULL COMMENT '',
  PRIMARY KEY (`id`) USING BTREE,
  KEY `sys_menu_parent_id` (`parent_id`) USING BTREE,
  KEY `sys_menu_del_flag` (`del_flag`) USING BTREE
) ENGINE=InnoDB DEFAULT CHARSET=utf8 COLLATE=utf8_bin COMMENT='';

-- ----------------------------
-- Records of sx_daily_proc
-- ----------------------------
INSERT INTO `sx_daily_proc` VALUES ('132a4d95d05b4f8fac7c9e1988350604', '0', '0,', '', '40', '0', '0', '', '', '', '1', '', '1', '2019-09-04 14:04:41', '1', '2019-09-15 21:57:19', '', '0', '', '1', '', '');
INSERT INTO `sx_daily_proc` VALUES ('13534b25cbda4195bfc18d04a6e173ff', 'a93ccd98f3c04680b396664ee5d61d87', '0,a93ccd98f3c04680b396664ee5d61d87,', '', '30', '1', '1', '', '', '', '1', '', '1', '2019-09-15 21:52:25', '1', '2019-09-15 21:54:55', '', '0', '', '1', '', '');
INSERT INTO `sx_daily_proc` VALUES ('13a4a3ce08b7410dbf693a2c43420b5d', 'e9eaed03af0345d4b50b1f56de9cff66', '0,4aed5990895847ccbb297202d4eb545f,e9eaed03af0345d4b50b1f56de9cff66,', '3', '30', '1', '2', '', '', '', '1', '', '1', '2019-09-04 14:28:08', '1', '2019-09-09 11:56:28', '1\n2', '0', '', '1.rar\n2IT\n3jeesite\n4', '', '');
INSERT INTO `sx_daily_proc` VALUES ('1d99331089f14457be9c58a55eb96705', 'e9eaed03af0345d4b50b1f56de9cff66', '0,4aed5990895847ccbb297202d4eb545f,e9eaed03af0345d4b50b1f56de9cff66,', '9', '90', '1', '2', '', '', '', '1', '', '1', '2019-09-04 14:49:02', '1', '2019-09-04 14:49:02', '', '1', null, null, null, null);
INSERT INTO `sx_daily_proc` VALUES ('1eb759b00e474fd2ba8c65522dcc360c', '4aed5990895847ccbb297202d4eb545f', '0,4aed5990895847ccbb297202d4eb545f,', '', '50', '1', '1', '', '', '', '1', '', '1', '2019-09-15 21:51:18', '1', '2019-09-15 21:51:36', '', '0', '', '', '', '');
INSERT INTO `sx_daily_proc` VALUES ('20598d160e4c423587df65835b0459b1', 'e9eaed03af0345d4b50b1f56de9cff66', '0,4aed5990895847ccbb297202d4eb545f,e9eaed03af0345d4b50b1f56de9cff66,', '5', '50', '1', '2', '', '', '', '1', '', '1', '2019-09-04 14:31:01', '1', '2019-09-04 14:31:01', '1\n2', '1', null, null, null, null);
INSERT INTO `sx_daily_proc` VALUES ('3b843285d39c46fcb03a945e822e02c5', '4aed5990895847ccbb297202d4eb545f', '0,4aed5990895847ccbb297202d4eb545f,', '', '30', '1', '1', '', '', '', '1', '', '1', '2019-09-15 21:50:08', '1', '2019-09-15 21:50:08', 'https://pan.baidu.com/s/1Qf0g4eDf0QqZNzH8llP65w \n4ute \nApp', '0', '', '', '', '');
INSERT INTO `sx_daily_proc` VALUES ('3e9a96adba49458eaa15679cce9e6710', 'e9eaed03af0345d4b50b1f56de9cff66', '0,4aed5990895847ccbb297202d4eb545f,e9eaed03af0345d4b50b1f56de9cff66,', '10', '100', '1', '2', '', '', '', '1', '', '1', '2019-09-04 15:23:27', '1', '2019-09-04 15:23:27', '1  ', '1', null, null, null, null);
INSERT INTO `sx_daily_proc` VALUES ('4aed5990895847ccbb297202d4eb545f', '0', '0,', '', '10', '0', '0', '', '', '', '1', '', '1', '2019-09-04 09:29:37', '1', '2019-09-16 09:56:55', '', '0', '', '1&lt;br&gt;\n2&lt;br&gt;', 'U', '');
INSERT INTO `sx_daily_proc` VALUES ('4caeadcd9d414ae898ba12cb3402d78e', '0', '0,', '', '1', '1', '0', '', '', '', '1', '', '1', '2019-09-16 08:54:11', '1', '2019-09-16 08:54:11', '', '0', '', '1\n2\n3\n4', '', '');
INSERT INTO `sx_daily_proc` VALUES ('4fcfa79e8b464b5d83927a2dcad0b7b5', 'aa1fb5e06b6443e4954ecacf6b0d23f4', '0,4aed5990895847ccbb297202d4eb545f,aa1fb5e06b6443e4954ecacf6b0d23f4,', '1', '10', '1', '2', '', '', '', '1', '', '1', '2019-09-04 15:33:50', '1', '2019-09-04 15:33:50', '', '0', null, null, null, null);
INSERT INTO `sx_daily_proc` VALUES ('6a436e937381409aa086fd2596b6f58f', '132a4d95d05b4f8fac7c9e1988350604', '0,132a4d95d05b4f8fac7c9e1988350604,', '', '30', '1', '1', '', '', '', '1', '', '1', '2019-09-15 21:57:19', '1', '2019-09-15 21:57:19', '', '0', '', '1', '', '');
INSERT INTO `sx_daily_proc` VALUES ('770df912d3ee499d956884629533e931', 'aa1fb5e06b6443e4954ecacf6b0d23f4', '0,4aed5990895847ccbb297202d4eb545f,aa1fb5e06b6443e4954ecacf6b0d23f4,', '2', '20', '1', '2', '', '', '', '1', '', '1', '2019-09-04 15:35:01', '1', '2019-09-04 15:35:01', '', '0', null, null, null, null);
INSERT INTO `sx_daily_proc` VALUES ('7ca661bc12b24c44b5ba094ae688da75', 'e9eaed03af0345d4b50b1f56de9cff66', '0,4aed5990895847ccbb297202d4eb545f,e9eaed03af0345d4b50b1f56de9cff66,', '2', '20', '1', '2', '', '', '', '1', '', '1', '2019-09-04 14:26:16', '1', '2019-09-09 11:49:58', '\n', '0', '', '1', '', '');
INSERT INTO `sx_daily_proc` VALUES ('7dfce8c8fb9c4fdbabd3e402548bdbda', 'aa1fb5e06b6443e4954ecacf6b0d23f4', '0,4aed5990895847ccbb297202d4eb545f,aa1fb5e06b6443e4954ecacf6b0d23f4,', '3', '30', '1', '2', '', '', '', '1', '', '1', '2019-09-15 21:48:37', '1', '2019-09-15 21:48:37', '', '0', '', 'MBTI', '01_.docx', '');
INSERT INTO `sx_daily_proc` VALUES ('a93ccd98f3c04680b396664ee5d61d87', '0', '0,', '', '20', '0', '0', '', '', '', '1', '', '1', '2019-09-04 09:57:57', '1', '2019-09-15 21:52:25', '', '0', '', '1', '', '');
INSERT INTO `sx_daily_proc` VALUES ('aa1fb5e06b6443e4954ecacf6b0d23f4', '4aed5990895847ccbb297202d4eb545f', '0,4aed5990895847ccbb297202d4eb545f,', '', '20', '0', '1', '', '', '', '1', '', '1', '2019-09-04 14:33:13', '1', '2019-09-04 14:33:13', '', '0', null, null, null, null);
INSERT INTO `sx_daily_proc` VALUES ('ac81678e108648c69c50dc45271fa810', '0', '0,', '', '30', '0', '0', '', '', '', '1', '', '1', '2019-09-04 09:58:25', '1', '2019-09-15 21:56:12', '', '0', '', '1', '', '');
INSERT INTO `sx_daily_proc` VALUES ('b718f59ae44047b9a4ed45b36351201d', 'e9eaed03af0345d4b50b1f56de9cff66', '0,4aed5990895847ccbb297202d4eb545f,e9eaed03af0345d4b50b1f56de9cff66,', '7', '70', '1', '2', '', '', '', '1', '', '1', '2019-09-04 15:09:36', '1', '2019-09-04 15:09:36', '', '1', null, null, null, null);
INSERT INTO `sx_daily_proc` VALUES ('b84430c847d7435daad42351b04cd5d3', 'e9eaed03af0345d4b50b1f56de9cff66', '0,4aed5990895847ccbb297202d4eb545f,e9eaed03af0345d4b50b1f56de9cff66,', '8', '80', '1', '2', '', '', '', '1', '', '1', '2019-09-04 15:08:18', '1', '2019-09-04 15:08:18', '', '1', null, null, null, null);
INSERT INTO `sx_daily_proc` VALUES ('c024a46bcb93404ea9d30c93b3715321', 'ac81678e108648c69c50dc45271fa810', '0,ac81678e108648c69c50dc45271fa810,', '', '30', '1', '1', '', '', '', '1', '', '1', '2019-09-15 21:56:12', '1', '2019-09-15 21:56:12', '', '0', '', '1', '', '');
INSERT INTO `sx_daily_proc` VALUES ('c9d865c4174e46cd8e30e791862dcf64', '0', '0,', '', '5', '1', '0', '', '', '', '1', '', '1', '2019-09-09 11:42:00', '1', '2019-09-09 11:42:00', '', '0', '', '1\n2\n3', '', '');
INSERT INTO `sx_daily_proc` VALUES ('d55ef6a9ee29472cbe08c3e39db71a2f', '0', '0,', '', '7', '1', '0', '', '', '', '1', '', '1', '2019-09-12 09:12:09', '3a5ac0be114447a0b1c1b2c383f79ea4', '2019-09-17 11:44:08', '', '0', '', '', '', '');
INSERT INTO `sx_daily_proc` VALUES ('deccedf83357479cbcaccc0808ab67e7', '0', '0,', '&amp;', '6', '1', '0', '', '', '', '1', '', '1', '2019-09-09 11:47:35', '1', '2019-09-09 11:47:35', '', '0', '', '1&lt;br&gt;\n2&lt;br&gt;\n3', '', ' -1-3');
INSERT INTO `sx_daily_proc` VALUES ('e9eaed03af0345d4b50b1f56de9cff66', '4aed5990895847ccbb297202d4eb545f', '0,4aed5990895847ccbb297202d4eb545f,', '', '10', '0', '1', '', '', 'icon-notebook', '1', '', '1', '2019-09-04 14:05:48', '1', '2019-09-04 14:06:32', '', '0', null, null, null, null);
INSERT INTO `sx_daily_proc` VALUES ('f9ffea7becf8413eb23619286e40cba2', 'e9eaed03af0345d4b50b1f56de9cff66', '0,4aed5990895847ccbb297202d4eb545f,e9eaed03af0345d4b50b1f56de9cff66,', '4', '40', '1', '2', '', '', '', '1', '', '1', '2019-09-04 14:29:50', '1', '2019-09-09 12:01:56', '1idea\n2git &amp; sourcetree', '0', '', '1', '', '');
INSERT INTO `sx_daily_proc` VALUES ('fba9769bafa540198467fb0b803c8b94', 'e9eaed03af0345d4b50b1f56de9cff66', '0,4aed5990895847ccbb297202d4eb545f,e9eaed03af0345d4b50b1f56de9cff66,', '1', '10', '1', '2', '', '', '', '1', '', '1', '2019-09-04 14:06:32', '1', '2019-09-09 11:29:16', '', '0', '', ' 1 2 3 4 5', '', '');
INSERT INTO `sx_daily_proc` VALUES ('ffbc8b32453f4ff3be980f79430da94e', 'e9eaed03af0345d4b50b1f56de9cff66', '0,4aed5990895847ccbb297202d4eb545f,e9eaed03af0345d4b50b1f56de9cff66,', '6', '60', '1', '2', '', '', '', '1', '', '1', '2019-09-04 14:32:06', '1', '2019-09-04 14:32:06', '1', '1', null, null, null, null);

-- ----------------------------
-- Table structure for `sys_area`
-- ----------------------------
DROP TABLE IF EXISTS `sys_area`;
CREATE TABLE `sys_area` (
  `id` varchar(64) NOT NULL COMMENT '',
  `parent_id` varchar(64) NOT NULL COMMENT '',
  `parent_ids` varchar(2000) NOT NULL COMMENT '',
  `name` varchar(100) NOT NULL COMMENT '',
  `sort` decimal(10,0) NOT NULL COMMENT '',
  `code` varchar(100) DEFAULT NULL COMMENT '',
  `type` char(1) DEFAULT NULL COMMENT '',
  `create_by` varchar(64) NOT NULL COMMENT '',
  `create_date` datetime NOT NULL COMMENT '',
  `update_by` varchar(64) NOT NULL COMMENT '',
  `update_date` datetime NOT NULL COMMENT '',
  `remarks` varchar(255) DEFAULT NULL COMMENT '',
  `del_flag` char(1) NOT NULL DEFAULT '0' COMMENT '',
  PRIMARY KEY (`id`),
  KEY `sys_area_parent_id` (`parent_id`),
  KEY `sys_area_del_flag` (`del_flag`)
) ENGINE=InnoDB DEFAULT CHARSET=utf8 COMMENT='';

-- ----------------------------
-- Records of sys_area
-- ----------------------------
INSERT INTO `sys_area` VALUES ('1', '0', '0,', '', '10', '100000', '1', '1', '2013-05-27 08:00:00', '1', '2013-05-27 08:00:00', null, '0');
INSERT INTO `sys_area` VALUES ('2', '1', '0,1,', '', '20', '110000', '2', '1', '2013-05-27 08:00:00', '1', '2013-05-27 08:00:00', null, '0');
INSERT INTO `sys_area` VALUES ('3', '2', '0,1,2,', '', '30', '110101', '3', '1', '2013-05-27 08:00:00', '1', '2013-05-27 08:00:00', null, '0');
INSERT INTO `sys_area` VALUES ('4', '3', '0,1,2,3,', '', '40', '110102', '4', '1', '2013-05-27 08:00:00', '1', '2013-05-27 08:00:00', null, '0');
INSERT INTO `sys_area` VALUES ('5', '3', '0,1,2,3,', '', '50', '110104', '4', '1', '2013-05-27 08:00:00', '1', '2013-05-27 08:00:00', null, '0');
INSERT INTO `sys_area` VALUES ('6', '3', '0,1,2,3,', '', '60', '110105', '4', '1', '2013-05-27 08:00:00', '1', '2013-05-27 08:00:00', null, '0');

-- ----------------------------
-- Table structure for `sys_dict`
-- ----------------------------
DROP TABLE IF EXISTS `sys_dict`;
CREATE TABLE `sys_dict` (
  `id` varchar(64) NOT NULL COMMENT '',
  `value` varchar(100) NOT NULL COMMENT '',
  `label` varchar(100) NOT NULL COMMENT '',
  `type` varchar(100) NOT NULL COMMENT '',
  `description` varchar(100) NOT NULL COMMENT '',
  `sort` decimal(10,0) NOT NULL COMMENT '',
  `parent_id` varchar(64) DEFAULT '0' COMMENT '',
  `create_by` varchar(64) NOT NULL COMMENT '',
  `create_date` datetime NOT NULL COMMENT '',
  `update_by` varchar(64) NOT NULL COMMENT '',
  `update_date` datetime NOT NULL COMMENT '',
  `remarks` varchar(255) DEFAULT NULL COMMENT '',
  `del_flag` char(1) NOT NULL DEFAULT '0' COMMENT '',
  PRIMARY KEY (`id`),
  KEY `sys_dict_value` (`value`),
  KEY `sys_dict_label` (`label`),
  KEY `sys_dict_del_flag` (`del_flag`)
) ENGINE=InnoDB DEFAULT CHARSET=utf8 COMMENT='';

-- ----------------------------
-- Records of sys_dict
-- ----------------------------
INSERT INTO `sys_dict` VALUES ('1', '0', '', 'del_flag', '', '10', '0', '1', '2013-05-27 08:00:00', '1', '2013-05-27 08:00:00', null, '0');
INSERT INTO `sys_dict` VALUES ('10', 'yellow', '', 'color', '', '40', '0', '1', '2013-05-27 08:00:00', '1', '2013-05-27 08:00:00', null, '0');
INSERT INTO `sys_dict` VALUES ('100', 'java.util.Date', 'Date', 'gen_java_type', 'Java', '50', '0', '1', '2013-10-28 08:00:00', '1', '2013-10-28 08:00:00', null, '1');
INSERT INTO `sys_dict` VALUES ('101', 'com.thinkgem.jeesite.modules.sys.entity.User', 'User', 'gen_java_type', 'Java', '60', '0', '1', '2013-10-28 08:00:00', '1', '2013-10-28 08:00:00', null, '1');
INSERT INTO `sys_dict` VALUES ('102', 'com.thinkgem.jeesite.modules.sys.entity.Office', 'Office', 'gen_java_type', 'Java', '70', '0', '1', '2013-10-28 08:00:00', '1', '2013-10-28 08:00:00', null, '1');
INSERT INTO `sys_dict` VALUES ('103', 'com.thinkgem.jeesite.modules.sys.entity.Area', 'Area', 'gen_java_type', 'Java', '80', '0', '1', '2013-10-28 08:00:00', '1', '2013-10-28 08:00:00', null, '1');
INSERT INTO `sys_dict` VALUES ('104', 'Custom', 'Custom', 'gen_java_type', 'Java', '90', '0', '1', '2013-10-28 08:00:00', '1', '2013-10-28 08:00:00', null, '1');
INSERT INTO `sys_dict` VALUES ('105', '1', '\0\0', 'oa_notify_type', '', '10', '0', '1', '2013-11-08 08:00:00', '1', '2013-11-08 08:00:00', null, '0');
INSERT INTO `sys_dict` VALUES ('106', '2', '\0\0', 'oa_notify_type', '', '20', '0', '1', '2013-11-08 08:00:00', '1', '2013-11-08 08:00:00', null, '0');
INSERT INTO `sys_dict` VALUES ('107', '3', '\0\0', 'oa_notify_type', '', '30', '0', '1', '2013-11-08 08:00:00', '1', '2013-11-08 08:00:00', null, '0');
INSERT INTO `sys_dict` VALUES ('108', '0', '', 'oa_notify_status', '', '10', '0', '1', '2013-11-08 08:00:00', '1', '2013-11-08 08:00:00', null, '0');
INSERT INTO `sys_dict` VALUES ('109', '1', '', 'oa_notify_status', '', '20', '0', '1', '2013-11-08 08:00:00', '1', '2013-11-08 08:00:00', null, '0');
INSERT INTO `sys_dict` VALUES ('11', 'orange', '', 'color', '', '50', '0', '1', '2013-05-27 08:00:00', '1', '2013-05-27 08:00:00', null, '0');
INSERT INTO `sys_dict` VALUES ('110', '0', '', 'oa_notify_read', '', '10', '0', '1', '2013-11-08 08:00:00', '1', '2013-11-08 08:00:00', null, '0');
INSERT INTO `sys_dict` VALUES ('111', '1', '', 'oa_notify_read', '', '20', '0', '1', '2013-11-08 08:00:00', '1', '2013-11-08 08:00:00', null, '0');
INSERT INTO `sys_dict` VALUES ('12', 'default', '', 'theme', '', '10', '0', '1', '2013-05-27 08:00:00', '1', '2013-05-27 08:00:00', null, '0');
INSERT INTO `sys_dict` VALUES ('13', 'cerulean', '', 'theme', '', '20', '0', '1', '2013-05-27 08:00:00', '1', '2013-05-27 08:00:00', null, '0');
INSERT INTO `sys_dict` VALUES ('14', 'readable', '', 'theme', '', '30', '0', '1', '2013-05-27 08:00:00', '1', '2013-05-27 08:00:00', null, '0');
INSERT INTO `sys_dict` VALUES ('15', 'united', '', 'theme', '', '40', '0', '1', '2013-05-27 08:00:00', '1', '2013-05-27 08:00:00', null, '0');
INSERT INTO `sys_dict` VALUES ('16', 'flat', 'Flat', 'theme', '', '60', '0', '1', '2013-05-27 08:00:00', '1', '2013-05-27 08:00:00', null, '0');
INSERT INTO `sys_dict` VALUES ('17', '1', '', 'sys_area_type', '', '10', '0', '1', '2013-05-27 08:00:00', '1', '2013-05-27 08:00:00', null, '0');
INSERT INTO `sys_dict` VALUES ('18', '2', '', 'sys_area_type', '', '20', '0', '1', '2013-05-27 08:00:00', '1', '2013-05-27 08:00:00', null, '0');
INSERT INTO `sys_dict` VALUES ('19', '3', '', 'sys_area_type', '', '30', '0', '1', '2013-05-27 08:00:00', '1', '2013-05-27 08:00:00', null, '0');
INSERT INTO `sys_dict` VALUES ('2', '1', '', 'del_flag', '', '20', '0', '1', '2013-05-27 08:00:00', '1', '2013-05-27 08:00:00', null, '0');
INSERT INTO `sys_dict` VALUES ('20', '4', '', 'sys_area_type', '', '40', '0', '1', '2013-05-27 08:00:00', '1', '2013-05-27 08:00:00', null, '0');
INSERT INTO `sys_dict` VALUES ('21', '1', '', 'sys_office_type', '', '60', '0', '1', '2013-05-27 08:00:00', '1', '2013-05-27 08:00:00', null, '0');
INSERT INTO `sys_dict` VALUES ('22', '2', '', 'sys_office_type', '', '70', '0', '1', '2013-05-27 08:00:00', '1', '2013-05-27 08:00:00', null, '0');
INSERT INTO `sys_dict` VALUES ('23', '3', '', 'sys_office_type', '', '80', '0', '1', '2013-05-27 08:00:00', '1', '2013-05-27 08:00:00', null, '0');
INSERT INTO `sys_dict` VALUES ('24', '4', '', 'sys_office_type', '', '90', '0', '1', '2013-05-27 08:00:00', '1', '2013-05-27 08:00:00', null, '0');
INSERT INTO `sys_dict` VALUES ('25', '1', '', 'sys_office_common', '', '30', '0', '1', '2013-05-27 08:00:00', '1', '2013-05-27 08:00:00', null, '0');
INSERT INTO `sys_dict` VALUES ('26', '2', '', 'sys_office_common', '', '40', '0', '1', '2013-05-27 08:00:00', '1', '2013-05-27 08:00:00', null, '0');
INSERT INTO `sys_dict` VALUES ('27', '3', '', 'sys_office_common', '', '50', '0', '1', '2013-05-27 08:00:00', '1', '2013-05-27 08:00:00', null, '0');
INSERT INTO `sys_dict` VALUES ('28', '1', '', 'sys_office_grade', '', '10', '0', '1', '2013-05-27 08:00:00', '1', '2013-05-27 08:00:00', null, '0');
INSERT INTO `sys_dict` VALUES ('29', '2', '', 'sys_office_grade', '', '20', '0', '1', '2013-05-27 08:00:00', '1', '2013-05-27 08:00:00', null, '0');
INSERT INTO `sys_dict` VALUES ('3', '1', '', 'show_hide', '/', '10', '0', '1', '2013-05-27 08:00:00', '1', '2013-05-27 08:00:00', null, '0');
INSERT INTO `sys_dict` VALUES ('30', '3', '', 'sys_office_grade', '', '30', '0', '1', '2013-05-27 08:00:00', '1', '2013-05-27 08:00:00', null, '0');
INSERT INTO `sys_dict` VALUES ('31', '4', '', 'sys_office_grade', '', '40', '0', '1', '2013-05-27 08:00:00', '1', '2013-05-27 08:00:00', null, '0');
INSERT INTO `sys_dict` VALUES ('32', '1', '', 'sys_data_scope', '', '10', '0', '1', '2013-05-27 08:00:00', '1', '2013-05-27 08:00:00', null, '0');
INSERT INTO `sys_dict` VALUES ('33', '2', '', 'sys_data_scope', '', '20', '0', '1', '2013-05-27 08:00:00', '1', '2013-05-27 08:00:00', null, '0');
INSERT INTO `sys_dict` VALUES ('34', '3', '', 'sys_data_scope', '', '30', '0', '1', '2013-05-27 08:00:00', '1', '2013-05-27 08:00:00', null, '0');
INSERT INTO `sys_dict` VALUES ('35', '4', '', 'sys_data_scope', '', '40', '0', '1', '2013-05-27 08:00:00', '1', '2013-05-27 08:00:00', null, '0');
INSERT INTO `sys_dict` VALUES ('36', '5', '', 'sys_data_scope', '', '50', '0', '1', '2013-05-27 08:00:00', '1', '2013-05-27 08:00:00', null, '0');
INSERT INTO `sys_dict` VALUES ('37', '8', '', 'sys_data_scope', '', '90', '0', '1', '2013-05-27 08:00:00', '1', '2013-05-27 08:00:00', null, '0');
INSERT INTO `sys_dict` VALUES ('38', '9', '', 'sys_data_scope', '', '100', '0', '1', '2013-05-27 08:00:00', '1', '2013-05-27 08:00:00', null, '0');
INSERT INTO `sys_dict` VALUES ('39', '1', '', 'sys_user_type', '', '10', '0', '1', '2013-05-27 08:00:00', '1', '2013-05-27 08:00:00', null, '0');
INSERT INTO `sys_dict` VALUES ('4', '0', '', 'show_hide', '/', '20', '0', '1', '2013-05-27 08:00:00', '1', '2013-05-27 08:00:00', null, '0');
INSERT INTO `sys_dict` VALUES ('40', '2', '', 'sys_user_type', '', '20', '0', '1', '2013-05-27 08:00:00', '1', '2013-05-27 08:00:00', null, '0');
INSERT INTO `sys_dict` VALUES ('41', '3', '', 'sys_user_type', '', '30', '0', '1', '2013-05-27 08:00:00', '1', '2013-05-27 08:00:00', null, '0');
INSERT INTO `sys_dict` VALUES ('42', 'basic', '', 'cms_theme', '', '10', '0', '1', '2013-05-27 08:00:00', '1', '2013-05-27 08:00:00', null, '0');
INSERT INTO `sys_dict` VALUES ('43', 'blue', '', 'cms_theme', '', '20', '0', '1', '2013-05-27 08:00:00', '1', '2013-05-27 08:00:00', null, '1');
INSERT INTO `sys_dict` VALUES ('44', 'red', '', 'cms_theme', '', '30', '0', '1', '2013-05-27 08:00:00', '1', '2013-05-27 08:00:00', null, '1');
INSERT INTO `sys_dict` VALUES ('45', 'article', '', 'cms_module', '', '10', '0', '1', '2013-05-27 08:00:00', '1', '2013-05-27 08:00:00', null, '0');
INSERT INTO `sys_dict` VALUES ('46', 'picture', '', 'cms_module', '', '20', '0', '1', '2013-05-27 08:00:00', '1', '2013-05-27 08:00:00', null, '1');
INSERT INTO `sys_dict` VALUES ('47', 'download', '', 'cms_module', '', '30', '0', '1', '2013-05-27 08:00:00', '1', '2013-05-27 08:00:00', null, '1');
INSERT INTO `sys_dict` VALUES ('48', 'link', '', 'cms_module', '', '40', '0', '1', '2013-05-27 08:00:00', '1', '2013-05-27 08:00:00', null, '0');
INSERT INTO `sys_dict` VALUES ('49', 'special', '', 'cms_module', '', '50', '0', '1', '2013-05-27 08:00:00', '1', '2013-05-27 08:00:00', null, '1');
INSERT INTO `sys_dict` VALUES ('5', '1', '', 'yes_no', '/', '10', '0', '1', '2013-05-27 08:00:00', '1', '2013-05-27 08:00:00', null, '0');
INSERT INTO `sys_dict` VALUES ('50', '0', '', 'cms_show_modes', '', '10', '0', '1', '2013-05-27 08:00:00', '1', '2013-05-27 08:00:00', null, '0');
INSERT INTO `sys_dict` VALUES ('51', '1', '', 'cms_show_modes', '', '20', '0', '1', '2013-05-27 08:00:00', '1', '2013-05-27 08:00:00', null, '0');
INSERT INTO `sys_dict` VALUES ('52', '2', '', 'cms_show_modes', '', '30', '0', '1', '2013-05-27 08:00:00', '1', '2013-05-27 08:00:00', null, '0');
INSERT INTO `sys_dict` VALUES ('53', '0', '', 'cms_del_flag', '', '10', '0', '1', '2013-05-27 08:00:00', '1', '2013-05-27 08:00:00', null, '0');
INSERT INTO `sys_dict` VALUES ('54', '1', '', 'cms_del_flag', '', '20', '0', '1', '2013-05-27 08:00:00', '1', '2013-05-27 08:00:00', null, '0');
INSERT INTO `sys_dict` VALUES ('55', '2', '', 'cms_del_flag', '', '15', '0', '1', '2013-05-27 08:00:00', '1', '2013-05-27 08:00:00', null, '0');
INSERT INTO `sys_dict` VALUES ('56', '1', '', 'cms_posid', '', '10', '0', '1', '2013-05-27 08:00:00', '1', '2013-05-27 08:00:00', null, '0');
INSERT INTO `sys_dict` VALUES ('57', '2', '', 'cms_posid', '', '20', '0', '1', '2013-05-27 08:00:00', '1', '2013-05-27 08:00:00', null, '0');
INSERT INTO `sys_dict` VALUES ('58', '1', '', 'cms_guestbook', '', '10', '0', '1', '2013-05-27 08:00:00', '1', '2013-05-27 08:00:00', null, '0');
INSERT INTO `sys_dict` VALUES ('59', '2', '', 'cms_guestbook', '', '20', '0', '1', '2013-05-27 08:00:00', '1', '2013-05-27 08:00:00', null, '0');
INSERT INTO `sys_dict` VALUES ('6', '0', '', 'yes_no', '/', '20', '0', '1', '2013-05-27 08:00:00', '1', '2013-05-27 08:00:00', null, '0');
INSERT INTO `sys_dict` VALUES ('60', '3', '', 'cms_guestbook', '', '30', '0', '1', '2013-05-27 08:00:00', '1', '2013-05-27 08:00:00', null, '0');
INSERT INTO `sys_dict` VALUES ('61', '4', '', 'cms_guestbook', '', '40', '0', '1', '2013-05-27 08:00:00', '1', '2013-05-27 08:00:00', null, '0');
INSERT INTO `sys_dict` VALUES ('62', '1', '', 'oa_leave_type', '', '10', '0', '1', '2013-05-27 08:00:00', '1', '2013-05-27 08:00:00', null, '0');
INSERT INTO `sys_dict` VALUES ('63', '2', '', 'oa_leave_type', '', '20', '0', '1', '2013-05-27 08:00:00', '1', '2013-05-27 08:00:00', null, '0');
INSERT INTO `sys_dict` VALUES ('64', '3', '', 'oa_leave_type', '', '30', '0', '1', '2013-05-27 08:00:00', '1', '2013-05-27 08:00:00', null, '0');
INSERT INTO `sys_dict` VALUES ('65', '4', '', 'oa_leave_type', '', '40', '0', '1', '2013-05-27 08:00:00', '1', '2013-05-27 08:00:00', null, '0');
INSERT INTO `sys_dict` VALUES ('66', '5', '', 'oa_leave_type', '', '60', '0', '1', '2013-05-27 08:00:00', '1', '2013-05-27 08:00:00', null, '0');
INSERT INTO `sys_dict` VALUES ('67', '1', '', 'sys_log_type', '', '30', '0', '1', '2013-06-03 08:00:00', '1', '2013-06-03 08:00:00', null, '0');
INSERT INTO `sys_dict` VALUES ('68', '2', '', 'sys_log_type', '', '40', '0', '1', '2013-06-03 08:00:00', '1', '2013-06-03 08:00:00', null, '0');
INSERT INTO `sys_dict` VALUES ('69', 'leave', '', 'act_type', '', '10', '0', '1', '2013-06-03 08:00:00', '1', '2013-06-03 08:00:00', null, '0');
INSERT INTO `sys_dict` VALUES ('7', 'red', '', 'color', '', '10', '0', '1', '2013-05-27 08:00:00', '1', '2013-05-27 08:00:00', null, '0');
INSERT INTO `sys_dict` VALUES ('70', 'test_audit', '', 'act_type', '', '20', '0', '1', '2013-06-03 08:00:00', '1', '2013-06-03 08:00:00', null, '0');
INSERT INTO `sys_dict` VALUES ('71', '1', '1', 'act_category', '', '10', '0', '1', '2013-06-03 08:00:00', '1', '2013-06-03 08:00:00', null, '0');
INSERT INTO `sys_dict` VALUES ('72', '2', '2', 'act_category', '', '20', '0', '1', '2013-06-03 08:00:00', '1', '2013-06-03 08:00:00', null, '0');
INSERT INTO `sys_dict` VALUES ('73', 'crud', '', 'gen_category', '', '10', '0', '1', '2013-10-28 08:00:00', '1', '2013-10-28 08:00:00', null, '1');
INSERT INTO `sys_dict` VALUES ('74', 'crud_many', '', 'gen_category', '', '20', '0', '1', '2013-10-28 08:00:00', '1', '2013-10-28 08:00:00', null, '1');
INSERT INTO `sys_dict` VALUES ('75', 'tree', '', 'gen_category', '', '30', '0', '1', '2013-10-28 08:00:00', '1', '2013-10-28 08:00:00', null, '1');
INSERT INTO `sys_dict` VALUES ('76', '=', '=', 'gen_query_type', '', '10', '0', '1', '2013-10-28 08:00:00', '1', '2013-10-28 08:00:00', null, '1');
INSERT INTO `sys_dict` VALUES ('77', '!=', '!=', 'gen_query_type', '', '20', '0', '1', '2013-10-28 08:00:00', '1', '2013-10-28 08:00:00', null, '1');
INSERT INTO `sys_dict` VALUES ('78', '&gt;', '&gt;', 'gen_query_type', '', '30', '0', '1', '2013-10-28 08:00:00', '1', '2013-10-28 08:00:00', null, '1');
INSERT INTO `sys_dict` VALUES ('79', '&lt;', '&lt;', 'gen_query_type', '', '40', '0', '1', '2013-10-28 08:00:00', '1', '2013-10-28 08:00:00', null, '1');
INSERT INTO `sys_dict` VALUES ('8', 'green', '', 'color', '', '20', '0', '1', '2013-05-27 08:00:00', '1', '2013-05-27 08:00:00', null, '0');
INSERT INTO `sys_dict` VALUES ('80', 'between', 'Between', 'gen_query_type', '', '50', '0', '1', '2013-10-28 08:00:00', '1', '2013-10-28 08:00:00', null, '1');
INSERT INTO `sys_dict` VALUES ('81', 'like', 'Like', 'gen_query_type', '', '60', '0', '1', '2013-10-28 08:00:00', '1', '2013-10-28 08:00:00', null, '1');
INSERT INTO `sys_dict` VALUES ('82', 'left_like', 'Left Like', 'gen_query_type', '', '70', '0', '1', '2013-10-28 08:00:00', '1', '2013-10-28 08:00:00', null, '1');
INSERT INTO `sys_dict` VALUES ('83', 'right_like', 'Right Like', 'gen_query_type', '', '80', '0', '1', '2013-10-28 08:00:00', '1', '2013-10-28 08:00:00', null, '1');
INSERT INTO `sys_dict` VALUES ('84', 'input', '', 'gen_show_type', '', '10', '0', '1', '2013-10-28 08:00:00', '1', '2013-10-28 08:00:00', null, '1');
INSERT INTO `sys_dict` VALUES ('85', 'textarea', '', 'gen_show_type', '', '20', '0', '1', '2013-10-28 08:00:00', '1', '2013-10-28 08:00:00', null, '1');
INSERT INTO `sys_dict` VALUES ('86', 'select', '', 'gen_show_type', '', '30', '0', '1', '2013-10-28 08:00:00', '1', '2013-10-28 08:00:00', null, '1');
INSERT INTO `sys_dict` VALUES ('87', 'checkbox', '', 'gen_show_type', '', '40', '0', '1', '2013-10-28 08:00:00', '1', '2013-10-28 08:00:00', null, '1');
INSERT INTO `sys_dict` VALUES ('88', 'radiobox', '', 'gen_show_type', '', '50', '0', '1', '2013-10-28 08:00:00', '1', '2013-10-28 08:00:00', null, '1');
INSERT INTO `sys_dict` VALUES ('89', 'dateselect', '', 'gen_show_type', '', '60', '0', '1', '2013-10-28 08:00:00', '1', '2013-10-28 08:00:00', null, '1');
INSERT INTO `sys_dict` VALUES ('9', 'blue', '', 'color', '', '30', '0', '1', '2013-05-27 08:00:00', '1', '2013-05-27 08:00:00', null, '0');
INSERT INTO `sys_dict` VALUES ('90', 'userselect', '', 'gen_show_type', '', '70', '0', '1', '2013-10-28 08:00:00', '1', '2013-10-28 08:00:00', null, '1');
INSERT INTO `sys_dict` VALUES ('91', 'officeselect', '', 'gen_show_type', '', '80', '0', '1', '2013-10-28 08:00:00', '1', '2013-10-28 08:00:00', null, '1');
INSERT INTO `sys_dict` VALUES ('92', 'areaselect', '', 'gen_show_type', '', '90', '0', '1', '2013-10-28 08:00:00', '1', '2013-10-28 08:00:00', null, '1');
INSERT INTO `sys_dict` VALUES ('93', 'String', 'String', 'gen_java_type', 'Java', '10', '0', '1', '2013-10-28 08:00:00', '1', '2013-10-28 08:00:00', null, '1');
INSERT INTO `sys_dict` VALUES ('94', 'Long', 'Long', 'gen_java_type', 'Java', '20', '0', '1', '2013-10-28 08:00:00', '1', '2013-10-28 08:00:00', null, '1');
INSERT INTO `sys_dict` VALUES ('95', 'dao', '', 'gen_category', '\0\0\0\0', '40', '0', '1', '2013-10-28 08:00:00', '1', '2013-10-28 08:00:00', null, '1');
INSERT INTO `sys_dict` VALUES ('96', '1', '', 'sex', '', '10', '0', '1', '2013-10-28 08:00:00', '1', '2013-10-28 08:00:00', null, '0');
INSERT INTO `sys_dict` VALUES ('97', '2', '', 'sex', '', '20', '0', '1', '2013-10-28 08:00:00', '1', '2013-10-28 08:00:00', null, '0');
INSERT INTO `sys_dict` VALUES ('98', 'Integer', 'Integer', 'gen_java_type', 'Java', '30', '0', '1', '2013-10-28 08:00:00', '1', '2013-10-28 08:00:00', null, '1');
INSERT INTO `sys_dict` VALUES ('99', 'Double', 'Double', 'gen_java_type', 'Java', '40', '0', '1', '2013-10-28 08:00:00', '1', '2013-10-28 08:00:00', null, '1');

-- ----------------------------
-- Table structure for `sys_file`
-- ----------------------------
DROP TABLE IF EXISTS `sys_file`;
CREATE TABLE `sys_file` (
  `id` varchar(64) COLLATE utf8_bin NOT NULL COMMENT '',
  `file_tree_id` varchar(64) COLLATE utf8_bin NOT NULL COMMENT '',
  `name` varchar(256) COLLATE utf8_bin NOT NULL COMMENT '',
  `save_name` varchar(255) COLLATE utf8_bin DEFAULT NULL COMMENT '',
  `file_size` varchar(255) COLLATE utf8_bin DEFAULT NULL COMMENT '',
  `path` varchar(256) COLLATE utf8_bin DEFAULT NULL COMMENT '',
  `create_by` varchar(64) COLLATE utf8_bin NOT NULL COMMENT '',
  `create_date` datetime NOT NULL COMMENT '',
  `update_by` varchar(64) COLLATE utf8_bin NOT NULL COMMENT '',
  `update_date` datetime NOT NULL COMMENT '',
  `remarks` varchar(255) COLLATE utf8_bin DEFAULT NULL COMMENT '',
  `del_flag` char(1) COLLATE utf8_bin NOT NULL DEFAULT '0' COMMENT '01',
  PRIMARY KEY (`id`) USING BTREE
) ENGINE=InnoDB DEFAULT CHARSET=utf8 COLLATE=utf8_bin COMMENT='';

-- ----------------------------
-- Records of sys_file
-- ----------------------------
INSERT INTO `sys_file` VALUES ('0b6c0936bf02426fa399f344a2b50aac', 'c07436d34ed8412ebfd65c7d7139283d', 'jsMind.png', null, '18886', 'common/c07436d34ed8412ebfd65c7d7139283d\\20190329\\jsMind.png', '1', '2019-03-29 11:27:52', '1', '2019-03-29 11:27:52', null, '0');
INSERT INTO `sys_file` VALUES ('15e0f0655f0949899e6df9353654e41e', 'b7803810cc734b90a3f44643fad06bd7', 'git.txt', null, '539', 'common/b7803810cc734b90a3f44643fad06bd7\\20180727\\git.txt', '1', '2018-07-27 15:40:29', '1', '2018-07-27 15:40:29', null, '0');
INSERT INTO `sys_file` VALUES ('354d0ad6df5f4b81a6df003967b8dde3', '018abc93050045dd8f419c14c1a5bfd5', 'picture.jpg', null, '157296', 'common/018abc93050045dd8f419c14c1a5bfd5\\20180625\\picture.jpg', '1', '2018-06-25 15:44:40', '1', '2018-06-25 15:44:40', null, '1');
INSERT INTO `sys_file` VALUES ('47348b3a5ee94d8e8d0a6d4b0d728b12', 'f1d7c9459a5a44adb38ed662bd5d682f', '.txt', null, '4890', 'common/f1d7c9459a5a44adb38ed662bd5d682f\\20180613\\.txt', '1', '2018-06-13 14:40:09', '1', '2018-06-13 14:40:09', null, '1');
INSERT INTO `sys_file` VALUES ('48b4b3ab2e064d4a9113318bcf5ddec8', '018abc93050045dd8f419c14c1a5bfd5', 'picture.jpg', null, '157296', 'common/7a0440b426f94db1b5b79772210437d2\\20180709\\picture.jpg', '1', '2018-07-09 10:41:49', '1', '2018-07-09 10:46:44', null, '0');
INSERT INTO `sys_file` VALUES ('4e9aea81e3234813bae688162b032e88', '8c5b5246330e42f4adb0593b1db498b4', 'BluetoothGet.zip', null, '2774021', 'F:\\git\\itamcs\\src\\main\\webapp\\upload\\common/7a0440b426f94db1b5b79772210437d2\\20180611\\BluetoothGet.zip', '1', '2018-06-11 10:20:13', '1', '2018-06-27 09:27:01', null, '1');
INSERT INTO `sys_file` VALUES ('5121fa6273e743a7912a58cc5a15ba2f', '8c5b5246330e42f4adb0593b1db498b4', '.docx', null, '429193', 'common/8c5b5246330e42f4adb0593b1db498b4/20181214/.docx', '1', '2018-12-14 09:37:00', '1', '2018-12-14 09:37:00', null, '0');
INSERT INTO `sys_file` VALUES ('5e3fff31d0724f5d89ab106519e8634a', '8c5b5246330e42f4adb0593b1db498b4', 'XXXAPP20180528.xlsx', null, '19530', 'common/8c5b5246330e42f4adb0593b1db498b4\\20180803\\XXXAPP20180528.xlsx', '1', '2018-08-03 09:37:09', '1', '2018-08-03 09:37:09', null, '0');
INSERT INTO `sys_file` VALUES ('6770be70d39d432d802150b41af00370', '8c5b5246330e42f4adb0593b1db498b4', 'PictureUnlock_gf_11393.pictureunlock.jpg', null, '103041', 'common/8c5b5246330e42f4adb0593b1db498b4/20181214/PictureUnlock_gf_11393.pictureunlock.jpg', '1', '2018-12-14 21:25:23', '1', '2018-12-14 21:25:23', null, '0');
INSERT INTO `sys_file` VALUES ('6f061e5b673c4a35981aba68b5feb771', '8c5b5246330e42f4adb0593b1db498b4', 'git.txt', null, '871', 'common/8c5b5246330e42f4adb0593b1db498b4\\20181211\\git.txt', '1', '2018-12-11 10:42:40', '1', '2018-12-11 10:42:40', null, '0');
INSERT INTO `sys_file` VALUES ('802ae641d0d84c488143885487a2d937', '8c5b5246330e42f4adb0593b1db498b4', 'IT-20180408001.docx', null, '1438387', 'common/8c5b5246330e42f4adb0593b1db498b4\\20180803\\IT-20180408001.docx', '1', '2018-08-03 09:44:42', '1', '2018-08-03 09:44:42', null, '0');
INSERT INTO `sys_file` VALUES ('a3ececf035d84d9280b1c4b2ae614074', 'f1d7c9459a5a44adb38ed662bd5d682f', 'BeyondAdmin-master.zip', null, '2425874', 'F:\\git\\itamcs\\src\\main\\webapp\\upload\\common/f1d7c9459a5a44adb38ed662bd5d682f\\20180611\\BeyondAdmin-master.zip', '1', '2018-06-11 11:06:27', '1', '2018-06-11 11:06:27', null, '1');
INSERT INTO `sys_file` VALUES ('bee545f738e941b18c321189fd962f8b', '8c5b5246330e42f4adb0593b1db498b4', '.txt', null, '22351', 'common/8c5b5246330e42f4adb0593b1db498b4\\20180709\\.txt', '1', '2018-07-09 16:15:38', '1', '2018-07-09 16:15:38', null, '0');
INSERT INTO `sys_file` VALUES ('cde9fce0e36e479682f87121bbedb3be', '11da634ddacb4129bb2c4f14854585f5', 'imageclip.html', null, '7707', 'common/11da634ddacb4129bb2c4f14854585f5\\20180709\\imageclip.html', '1', '2018-07-09 11:46:48', '1', '2018-07-09 11:46:48', null, '0');
INSERT INTO `sys_file` VALUES ('d67606c039784624955e8155032662de', '8c5b5246330e42f4adb0593b1db498b4', '-20180416.docx', null, '2297953', 'common/8c5b5246330e42f4adb0593b1db498b4\\20180709\\-20180416.docx', '1', '2018-07-09 16:15:39', '1', '2018-07-09 16:15:39', null, '0');
INSERT INTO `sys_file` VALUES ('da2ac86c3d934295a4d2bfd15518698b', '7a0440b426f94db1b5b79772210437d2', 'note.html', null, '1063', 'common/7a0440b426f94db1b5b79772210437d2/20180612/note.html', '1', '2018-06-12 11:56:54', '1', '2018-06-12 11:56:54', null, '1');
INSERT INTO `sys_file` VALUES ('fc7cb4ccf7ae42dfa6f81463006bf8eb', '8c5b5246330e42f4adb0593b1db498b4', 'aac.txt', null, '3484', 'common/8c5b5246330e42f4adb0593b1db498b4\\20180823\\aac.txt', '1', '2018-08-23 10:57:50', '1', '2018-08-23 10:57:50', null, '0');

-- ----------------------------
-- Table structure for `sys_file_tree`
-- ----------------------------
DROP TABLE IF EXISTS `sys_file_tree`;
CREATE TABLE `sys_file_tree` (
  `id` varchar(64) COLLATE utf8_bin NOT NULL COMMENT '',
  `parent_id` varchar(64) COLLATE utf8_bin NOT NULL COMMENT '',
  `parent_ids` varchar(2000) COLLATE utf8_bin NOT NULL COMMENT '',
  `tree_leaf` char(1) COLLATE utf8_bin NOT NULL DEFAULT '0' COMMENT '0:,1:',
  `tree_level` decimal(4,0) NOT NULL COMMENT '(0:)',
  `name` varchar(100) COLLATE utf8_bin NOT NULL COMMENT '',
  `sort` decimal(10,0) NOT NULL COMMENT '',
  `create_by` varchar(64) COLLATE utf8_bin NOT NULL COMMENT '',
  `create_date` datetime NOT NULL COMMENT '',
  `update_by` varchar(64) COLLATE utf8_bin NOT NULL COMMENT '',
  `update_date` datetime NOT NULL COMMENT '',
  `remarks` varchar(255) COLLATE utf8_bin DEFAULT NULL COMMENT '',
  `del_flag` char(1) COLLATE utf8_bin NOT NULL DEFAULT '0' COMMENT '01',
  PRIMARY KEY (`id`) USING BTREE
) ENGINE=InnoDB DEFAULT CHARSET=utf8 COLLATE=utf8_bin COMMENT='';

-- ----------------------------
-- Records of sys_file_tree
-- ----------------------------
INSERT INTO `sys_file_tree` VALUES ('018abc93050045dd8f419c14c1a5bfd5', '2bacb604df77451d9ef9c60494c4a5b3', '0,c9265b260c1845b6b46462acd36e4304,2bacb604df77451d9ef9c60494c4a5b3', '1', '2', 'ffff', '1', '1', '2018-06-04 14:40:37', '1', '2018-06-04 14:40:37', '', '0');
INSERT INTO `sys_file_tree` VALUES ('11da634ddacb4129bb2c4f14854585f5', '5dbb8533c98b4869901270ae2eb4d0ad', '0,5dbb8533c98b4869901270ae2eb4d0ad', '0', '1', 'aaa', '3', '1', '2018-06-05 09:58:58', '1', '2018-06-06 18:11:33', '', '0');
INSERT INTO `sys_file_tree` VALUES ('12fe7758f865410283b26ee134f8a0bf', '11da634ddacb4129bb2c4f14854585f5', '0,5dbb8533c98b4869901270ae2eb4d0ad,11da634ddacb4129bb2c4f14854585f5', '1', '2', 'bbb', '5', '1', '2018-06-05 09:59:24', '1', '2018-06-06 18:11:33', '', '0');
INSERT INTO `sys_file_tree` VALUES ('2bacb604df77451d9ef9c60494c4a5b3', 'c9265b260c1845b6b46462acd36e4304', '0,c9265b260c1845b6b46462acd36e4304', '0', '1', '2', '2', '1', '2018-03-28 14:41:39', '1', '2018-06-04 17:01:59', '2', '0');
INSERT INTO `sys_file_tree` VALUES ('5dbb8533c98b4869901270ae2eb4d0ad', '0', '0', '0', '0', 'mmm', '4', '1', '2018-06-06 09:58:30', '1', '2018-06-06 18:11:32', '', '0');
INSERT INTO `sys_file_tree` VALUES ('7a0440b426f94db1b5b79772210437d2', 'f1d7c9459a5a44adb38ed662bd5d682f', '0,c9265b260c1845b6b46462acd36e4304,2bacb604df77451d9ef9c60494c4a5b3,f1d7c9459a5a44adb38ed662bd5d682f', '1', '3', 'ccc', '10', '1', '2018-06-05 09:59:11', '1', '2018-06-06 18:11:55', '', '0');
INSERT INTO `sys_file_tree` VALUES ('885944d2b2784fe68a4a33c276eaa229', '9e31a73796a242009c89995c2de86bbb', '0,5dbb8533c98b4869901270ae2eb4d0ad,9e31a73796a242009c89995c2de86bbb', '1', '2', 'ggg', '3', '1', '2018-06-04 13:56:48', '1', '2018-06-06 17:34:56', 'dxxa', '0');
INSERT INTO `sys_file_tree` VALUES ('8c5b5246330e42f4adb0593b1db498b4', 'b7803810cc734b90a3f44643fad06bd7', '0,c9265b260c1845b6b46462acd36e4304,b7803810cc734b90a3f44643fad06bd7', '1', '2', '5', '3', '1', '2018-06-04 13:54:18', '1', '2018-06-04 13:54:18', '', '0');
INSERT INTO `sys_file_tree` VALUES ('9e31a73796a242009c89995c2de86bbb', '5dbb8533c98b4869901270ae2eb4d0ad', '0,5dbb8533c98b4869901270ae2eb4d0ad', '0', '1', 'wowowow', '4', '1', '2018-06-04 16:45:08', '1', '2018-06-06 17:45:28', '', '0');
INSERT INTO `sys_file_tree` VALUES ('b7803810cc734b90a3f44643fad06bd7', 'c9265b260c1845b6b46462acd36e4304', '0,c9265b260c1845b6b46462acd36e4304', '0', '1', '1', '1', '1', '2018-03-28 14:41:23', '1', '2018-03-28 14:41:23', '1', '0');
INSERT INTO `sys_file_tree` VALUES ('c07436d34ed8412ebfd65c7d7139283d', '0', '0', '0', '0', 'testMode', '120', '1', '2018-07-27 15:30:33', '1', '2018-07-27 16:55:25', 'safsf', '0');
INSERT INTO `sys_file_tree` VALUES ('c9265b260c1845b6b46462acd36e4304', '0', '0', '0', '0', '', '0', '1', '2018-03-28 14:33:54', '1', '2018-06-05 10:01:53', null, '0');
INSERT INTO `sys_file_tree` VALUES ('f1d7c9459a5a44adb38ed662bd5d682f', '2bacb604df77451d9ef9c60494c4a5b3', '0,c9265b260c1845b6b46462acd36e4304,2bacb604df77451d9ef9c60494c4a5b3', '0', '2', 'test', '3', '1', '2018-06-04 14:39:45', '1', '2018-06-06 18:11:55', '1111', '0');

-- ----------------------------
-- Table structure for `sys_log`
-- ----------------------------
DROP TABLE IF EXISTS `sys_log`;
CREATE TABLE `sys_log` (
  `id` varchar(64) NOT NULL COMMENT '',
  `type` char(1) DEFAULT '1' COMMENT '',
  `title` varchar(255) DEFAULT '' COMMENT '',
  `create_by` varchar(64) DEFAULT NULL COMMENT '',
  `create_date` datetime DEFAULT NULL COMMENT '',
  `remote_addr` varchar(255) DEFAULT NULL COMMENT 'IP',
  `user_agent` varchar(255) DEFAULT NULL COMMENT '',
  `request_uri` varchar(255) DEFAULT NULL COMMENT 'URI',
  `method` varchar(5) DEFAULT NULL COMMENT '',
  `params` text COMMENT '',
  `exception` text COMMENT '',
  PRIMARY KEY (`id`),
  KEY `sys_log_create_by` (`create_by`),
  KEY `sys_log_request_uri` (`request_uri`),
  KEY `sys_log_type` (`type`),
  KEY `sys_log_create_date` (`create_date`)
) ENGINE=InnoDB DEFAULT CHARSET=utf8 COMMENT='';

-- ----------------------------
-- Records of sys_log
-- ----------------------------
INSERT INTO `sys_log` VALUES ('00e57088fc2b4a65a4eac3f1dd14367e', '1', '--', '1', '2017-11-14 15:16:44', '182.110.0.154', 'Mozilla/5.0 (Windows NT 6.1; WOW64) AppleWebKit/537.36 (KHTML, like Gecko) Chrome/57.0.2987.98 Safari/537.36 LBBROWSER', '/jeesite/a/oa/oaNotify/self', 'GET', '', '');
INSERT INTO `sys_log` VALUES ('043e7e30ede3477c8c7170cd99b5d811', '1', '-', '1', '2017-11-14 15:15:15', '124.128.62.162', 'Mozilla/5.0 (Windows NT 10.0; WOW64) AppleWebKit/537.36 (KHTML, like Gecko) Chrome/55.0.2883.87 Safari/537.36', '/jeesite/a/cms/none', 'GET', '', '');
INSERT INTO `sys_log` VALUES ('068eab30bf8141ad860a4cebb1a8d054', '1', '--', '1', '2017-11-14 15:14:18', '124.128.62.162', 'Mozilla/5.0 (Windows NT 10.0; WOW64) AppleWebKit/537.36 (KHTML, like Gecko) Chrome/55.0.2883.87 Safari/537.36', '/jeesite/a/oa/oaNotify/self', 'GET', '', '');
INSERT INTO `sys_log` VALUES ('0d00aa19ed25436a9d741088df25f928', '1', '--', '1', '2017-11-14 15:15:11', '124.128.62.162', 'Mozilla/5.0 (Windows NT 10.0; WOW64) AppleWebKit/537.36 (KHTML, like Gecko) Chrome/55.0.2883.87 Safari/537.36', '/jeesite/a/sys/user/info', 'GET', 'tabPageId=jerichotabiframe_0', '');
INSERT INTO `sys_log` VALUES ('0f3952f9b46344b9ba0944716d0b60d1', '1', '--', '1', '2017-11-14 15:14:22', '119.97.201.18', 'Mozilla/5.0 (Windows NT 10.0; WOW64) AppleWebKit/537.36 (KHTML, like Gecko) Chrome/62.0.3202.62 Safari/537.36', '/jeesite/a/sys/user/info', 'GET', '', '');
INSERT INTO `sys_log` VALUES ('12e62bcee18f4fed918b4c0292fd4c46', '1', '--', '1', '2017-11-14 15:14:19', '124.128.62.162', 'Mozilla/5.0 (Windows NT 10.0; WOW64) AppleWebKit/537.36 (KHTML, like Gecko) Chrome/55.0.2883.87 Safari/537.36', '/jeesite/a/gen/genTable', 'GET', '', '');
INSERT INTO `sys_log` VALUES ('1497d819773640ae95d36805d70a59b4', '1', '--', '1', '2019-11-07 09:58:26', '0:0:0:0:0:0:0:1', 'Mozilla/5.0 (Windows NT 10.0; Win64; x64) AppleWebKit/537.36 (KHTML, like Gecko) Chrome/76.0.3809.132 Safari/537.36', '/jeesite_war_exploded/a/sys/user/info', 'GET', '', '');
INSERT INTO `sys_log` VALUES ('14f943ac34d347aebea42a81f894b06c', '1', '-', '1', '2017-11-14 15:14:28', '119.97.201.18', 'Mozilla/5.0 (Windows NT 10.0; WOW64) AppleWebKit/537.36 (KHTML, like Gecko) Chrome/62.0.3202.62 Safari/537.36', '/jeesite/a/cms/none', 'GET', '', '');
INSERT INTO `sys_log` VALUES ('17569f66de9443cca19177a65b41ee21', '1', '-', '1', '2017-11-14 15:18:42', '220.160.68.3', 'Mozilla/5.0 (Windows NT 10.0; WOW64) AppleWebKit/537.36 (KHTML, like Gecko) Chrome/50.0.2661.102 Safari/537.36', '/jeesite/a/cms/none', 'GET', '', '');
INSERT INTO `sys_log` VALUES ('1d4309edcc9b466d9b4aa8c944c58ed6', '1', '----', '1', '2017-11-14 15:16:34', '119.97.201.18', 'Mozilla/5.0 (Windows NT 10.0; WOW64) AppleWebKit/537.36 (KHTML, like Gecko) Chrome/62.0.3202.62 Safari/537.36', '/jeesite/a/cms/article/form', 'GET', 'id=32', '');
INSERT INTO `sys_log` VALUES ('1ddabc8a032d4feebccfb2dbd4d5e8ad', '1', '---', '1', '2017-11-14 15:15:52', '119.97.201.18', 'Mozilla/5.0 (Windows NT 10.0; WOW64) AppleWebKit/537.36 (KHTML, like Gecko) Chrome/62.0.3202.62 Safari/537.36', '/jeesite/a/cms/article/', 'GET', 'category.id=12', '');
INSERT INTO `sys_log` VALUES ('1e5ed9d4fe4c471cb5bd3dad04f6056f', '1', '---', '1', '2017-11-14 15:15:12', '119.97.201.18', 'Mozilla/5.0 (Windows NT 10.0; WOW64) AppleWebKit/537.36 (KHTML, like Gecko) Chrome/62.0.3202.62 Safari/537.36', '/jeesite/a/cms/article/', 'GET', 'category.id=5', '');
INSERT INTO `sys_log` VALUES ('1ea6fb3f335d4fd494eab584bfe91720', '1', '-', '1', '2019-11-07 10:04:40', '0:0:0:0:0:0:0:1', 'Mozilla/5.0 (Windows NT 10.0; Win64; x64) AppleWebKit/537.36 (KHTML, like Gecko) Chrome/76.0.3809.132 Safari/537.36', '/jeesite_war_exploded/a/cms/tree', 'GET', '', '');
INSERT INTO `sys_log` VALUES ('1f66c7b7572b439ba61b6c8827a4e83a', '1', '---', '1', '2017-11-14 15:14:30', '119.97.201.18', 'Mozilla/5.0 (Windows NT 10.0; WOW64) AppleWebKit/537.36 (KHTML, like Gecko) Chrome/62.0.3202.62 Safari/537.36', '/jeesite/a/cms/article/', 'GET', 'category.id=3', '');
INSERT INTO `sys_log` VALUES ('2101451eb9424170b63dbb9e4f81bee6', '1', '-', '1', '2017-11-14 15:14:18', '124.128.62.162', 'Mozilla/5.0 (Windows NT 10.0; WOW64) AppleWebKit/537.36 (KHTML, like Gecko) Chrome/55.0.2883.87 Safari/537.36', '/jeesite/a/cms/tree', 'GET', '', '');
INSERT INTO `sys_log` VALUES ('26f0549dbf5e4aa09dc5cf4fcdd53d6d', '1', '--', '1', '2019-11-07 09:58:34', '0:0:0:0:0:0:0:1', 'Mozilla/5.0 (Windows NT 10.0; Win64; x64) AppleWebKit/537.36 (KHTML, like Gecko) Chrome/76.0.3809.132 Safari/537.36', '/jeesite_war_exploded/a/sys/user/info', 'GET', '', '');
INSERT INTO `sys_log` VALUES ('2718775cfc4b478da43a63dcfadbc418', '1', '--', '1', '2017-11-14 15:14:44', '124.128.62.162', 'Mozilla/5.0 (Windows NT 10.0; WOW64) AppleWebKit/537.36 (KHTML, like Gecko) Chrome/55.0.2883.87 Safari/537.36', '/jeesite/a/sys/user/info', 'GET', '', '');
INSERT INTO `sys_log` VALUES ('2a2796681fd9492f8236bfb5a33f63b2', '1', '--', '1', '2017-11-14 15:16:46', '182.110.0.154', 'Mozilla/5.0 (Windows NT 6.1; WOW64) AppleWebKit/537.36 (KHTML, like Gecko) Chrome/57.0.2987.98 Safari/537.36 LBBROWSER', '/jeesite/a/cms/', 'GET', '', '');
INSERT INTO `sys_log` VALUES ('2b877189c7614bd5a5d4efad23657981', '1', '', '1', '2019-11-07 09:58:08', '0:0:0:0:0:0:0:1', 'Mozilla/5.0 (Windows NT 10.0; Win64; x64) AppleWebKit/537.36 (KHTML, like Gecko) Chrome/76.0.3809.132 Safari/537.36', '/jeesite_war_exploded/a', 'GET', 'login=', '');
INSERT INTO `sys_log` VALUES ('2e5288d55b234bc5ac3a92af17044206', '1', '--', '1', '2017-11-14 15:14:31', '124.128.62.162', 'Mozilla/5.0 (Windows NT 10.0; WOW64) AppleWebKit/537.36 (KHTML, like Gecko) Chrome/55.0.2883.87 Safari/537.36', '/jeesite/a/sys/user/info', 'GET', '', '');
INSERT INTO `sys_log` VALUES ('30287fc7c7e441559ab1548b5462e1fd', '1', '--', '1', '2019-11-07 09:58:25', '0:0:0:0:0:0:0:1', 'Mozilla/5.0 (Windows NT 10.0; Win64; x64) AppleWebKit/537.36 (KHTML, like Gecko) Chrome/76.0.3809.132 Safari/537.36', '/jeesite_war_exploded/a/oa/oaNotify/self', 'GET', '', '');
INSERT INTO `sys_log` VALUES ('30727494c7604ef1b4a1f2aa7bd896e9', '1', '--', '1', '2019-11-07 10:09:28', '0:0:0:0:0:0:0:1', 'Mozilla/5.0 (Windows NT 10.0; Win64; x64) AppleWebKit/537.36 (KHTML, like Gecko) Chrome/76.0.3809.132 Safari/537.36', '/jeesite_war_exploded/a/gen/genTable', 'GET', '', '');
INSERT INTO `sys_log` VALUES ('3148169938d942d8817cc3af02e94441', '1', '--', '1', '2017-11-14 15:14:22', '124.128.62.162', 'Mozilla/5.0 (Windows NT 10.0; WOW64) AppleWebKit/537.36 (KHTML, like Gecko) Chrome/55.0.2883.87 Safari/537.36', '/jeesite/a/oa/oaNotify/self', 'GET', '', '');
INSERT INTO `sys_log` VALUES ('352f19f9ed9c4ab6a2e34f97b62ed3e1', '1', '--', '1', '2017-11-14 15:14:34', '124.128.62.162', 'Mozilla/5.0 (Windows NT 10.0; WOW64) AppleWebKit/537.36 (KHTML, like Gecko) Chrome/55.0.2883.87 Safari/537.36', '/jeesite/a/oa/oaNotify/self', 'GET', '', '');
INSERT INTO `sys_log` VALUES ('36bb738957d640818338b1ea1e717392', '1', '---', '1', '2019-11-07 10:04:42', '0:0:0:0:0:0:0:1', 'Mozilla/5.0 (Windows NT 10.0; Win64; x64) AppleWebKit/537.36 (KHTML, like Gecko) Chrome/76.0.3809.132 Safari/537.36', '/jeesite_war_exploded/a/sys/user/list', 'GET', '', '');
INSERT INTO `sys_log` VALUES ('498f15345cdd4be88bbcab67b132035d', '1', '--', '1', '2017-11-14 15:14:40', '124.128.62.162', 'Mozilla/5.0 (Windows NT 10.0; WOW64) AppleWebKit/537.36 (KHTML, like Gecko) Chrome/55.0.2883.87 Safari/537.36', '/jeesite/a/test/testTree', 'GET', '', '');
INSERT INTO `sys_log` VALUES ('4990f67c7c944a0aa67ff635ee7958c9', '1', '---', '1', '2017-11-14 15:14:45', '119.97.201.18', 'Mozilla/5.0 (Windows NT 10.0; WOW64) AppleWebKit/537.36 (KHTML, like Gecko) Chrome/62.0.3202.62 Safari/537.36', '/jeesite/a/cms/article/', 'GET', 'category.id=4', '');
INSERT INTO `sys_log` VALUES ('4b543ba6d1f54366b71056c676b9b05a', '1', '---', '1', '2017-11-14 15:14:37', '119.97.201.18', 'Mozilla/5.0 (Windows NT 10.0; WOW64) AppleWebKit/537.36 (KHTML, like Gecko) Chrome/62.0.3202.62 Safari/537.36', '/jeesite/a/cms/article/', 'GET', 'category.id=5', '');
INSERT INTO `sys_log` VALUES ('4bf4884ec8344e9a93942f342fbfff69', '1', '', '1', '2017-11-14 15:14:21', '61.129.6.148', 'Mozilla/5.0 (Windows NT 6.1; WOW64; Trident/7.0; SLCC2; .NET CLR 2.0.50727; .NET CLR 3.5.30729; .NET CLR 3.0.30729; Media Center PC 6.0; .NET4.0C; .NET4.0E; InfoPath.3; rv:11.0) like Gecko', '/jeesite/a;JSESSIONID=24e6cee7284249468b869f63bee5d881', 'GET', '', '');
INSERT INTO `sys_log` VALUES ('4ddc24ce3b1d4b12aecd6bc65a97c4be', '1', '--', '1', '2017-11-14 15:18:41', '220.160.68.3', 'Mozilla/5.0 (Windows NT 10.0; WOW64) AppleWebKit/537.36 (KHTML, like Gecko) Chrome/50.0.2661.102 Safari/537.36', '/jeesite/a/cms/', 'GET', '', '');
INSERT INTO `sys_log` VALUES ('53415bdb7bb14869b77920791cf7a3e4', '1', '--', '1', '2017-11-14 15:14:33', '124.128.62.162', 'Mozilla/5.0 (Windows NT 10.0; WOW64) AppleWebKit/537.36 (KHTML, like Gecko) Chrome/55.0.2883.87 Safari/537.36', '/jeesite/a/sys/user/info', 'GET', '', '');
INSERT INTO `sys_log` VALUES ('54bb46ef624d4bf588a8bc7440672380', '1', '--', '1', '2017-11-14 15:14:40', '124.128.62.162', 'Mozilla/5.0 (Windows NT 10.0; WOW64) AppleWebKit/537.36 (KHTML, like Gecko) Chrome/55.0.2883.87 Safari/537.36', '/jeesite/a/test/testDataMain', 'GET', '', '');
INSERT INTO `sys_log` VALUES ('55c9b0905a0445f58fea921987a4a21f', '1', '', '1', '2019-11-06 18:06:31', '127.0.0.1', 'Mozilla/5.0 (Windows NT 10.0; Win64; x64) AppleWebKit/537.36 (KHTML, like Gecko) Chrome/76.0.3809.132 Safari/537.36', '/jeesite_war_exploded/a', 'GET', 'login=', '');
INSERT INTO `sys_log` VALUES ('566b8432491144ddba53b30bbe1849c3', '1', '--', '1', '2017-11-14 15:14:14', '124.128.62.162', 'Mozilla/5.0 (Windows NT 10.0; WOW64) AppleWebKit/537.36 (KHTML, like Gecko) Chrome/55.0.2883.87 Safari/537.36', '/jeesite/a/sys/user/info', 'GET', '', '');
INSERT INTO `sys_log` VALUES ('5d526bb862da4474a121366c60fc42a0', '1', '--', '1', '2017-11-14 15:16:48', '182.110.0.154', 'Mozilla/5.0 (Windows NT 6.1; WOW64) AppleWebKit/537.36 (KHTML, like Gecko) Chrome/57.0.2987.98 Safari/537.36 LBBROWSER', '/jeesite/a/gen/genTable', 'GET', '', '');
INSERT INTO `sys_log` VALUES ('631405808c2942fab8051a76e215b505', '1', '----', '1', '2017-11-14 15:15:55', '119.97.201.18', 'Mozilla/5.0 (Windows NT 10.0; WOW64) AppleWebKit/537.36 (KHTML, like Gecko) Chrome/62.0.3202.62 Safari/537.36', '/jeesite/a/cms/article/form', 'GET', 'id=32', '');
INSERT INTO `sys_log` VALUES ('6587dcd5bbfe4e3490e1b49563cded55', '1', '--', '1', '2017-11-14 15:19:15', '182.110.0.154', 'Mozilla/5.0 (Windows NT 6.1; WOW64) AppleWebKit/537.36 (KHTML, like Gecko) Chrome/57.0.2987.98 Safari/537.36 LBBROWSER', '/jeesite/a/gen/genTable', 'GET', '', '');
INSERT INTO `sys_log` VALUES ('659557586297489196c5da24fafbda7c', '1', '---', '1', '2017-11-14 15:18:56', '220.160.68.3', 'Mozilla/5.0 (Windows NT 10.0; WOW64) AppleWebKit/537.36 (KHTML, like Gecko) Chrome/50.0.2661.102 Safari/537.36', '/jeesite/a/sys/user/export', 'POST', 'pageNo=1&pageSize=30&orderBy=&company.id=&company.name=&loginName=&office.id=2&office.name=&name=', '');
INSERT INTO `sys_log` VALUES ('691c1f4f45d449b79a2672d53f63c1ff', '1', '', '1', '2017-11-14 15:14:13', '124.128.62.162', 'Mozilla/5.0 (Windows NT 10.0; WOW64) AppleWebKit/537.36 (KHTML, like Gecko) Chrome/55.0.2883.87 Safari/537.36', '/jeesite/a', 'GET', 'login=', '');
INSERT INTO `sys_log` VALUES ('6aab7d1a6d704a9791a1a294d002ccd6', '1', '---', '1', '2017-11-14 15:14:45', '119.97.201.18', 'Mozilla/5.0 (Windows NT 10.0; WOW64) AppleWebKit/537.36 (KHTML, like Gecko) Chrome/62.0.3202.62 Safari/537.36', '/jeesite/a/cms/article/', 'GET', 'category.id=3', '');
INSERT INTO `sys_log` VALUES ('6beb5473259d48baa69c552083df5727', '1', '----', '1', '2017-11-14 15:16:34', '119.97.201.18', 'Mozilla/5.0 (Windows NT 10.0; WOW64) AppleWebKit/537.36 (KHTML, like Gecko) Chrome/62.0.3202.62 Safari/537.36', '/jeesite/a/cms/article/findByIds', 'GET', 'ids=1,2,3', '');
INSERT INTO `sys_log` VALUES ('6e5ddf75edcd4463acd8fce9f50e1ac8', '1', '--', '1', '2019-11-06 17:49:30', '0:0:0:0:0:0:0:1', 'Mozilla/5.0 (Windows NT 10.0; Win64; x64) AppleWebKit/537.36 (KHTML, like Gecko) Chrome/76.0.3809.132 Safari/537.36', '/jeesite_war/a/sys/user/info', 'GET', '', '');
INSERT INTO `sys_log` VALUES ('70c38c1a5edc4a26a9ed5b8de5876e62', '1', '-', '1', '2017-11-14 15:14:28', '119.97.201.18', 'Mozilla/5.0 (Windows NT 10.0; WOW64) AppleWebKit/537.36 (KHTML, like Gecko) Chrome/62.0.3202.62 Safari/537.36', '/jeesite/a/cms/tree', 'GET', '', '');
INSERT INTO `sys_log` VALUES ('70f8012c22364b1098a511371c0b3366', '1', '---', '1', '2017-11-14 15:14:35', '119.97.201.18', 'Mozilla/5.0 (Windows NT 10.0; WOW64) AppleWebKit/537.36 (KHTML, like Gecko) Chrome/62.0.3202.62 Safari/537.36', '/jeesite/a/cms/article/', 'GET', 'category.id=3', '');
INSERT INTO `sys_log` VALUES ('7483ebdef78a4a959dc39b26c1542305', '1', '--', '1', '2017-11-14 15:15:38', '124.128.62.162', 'Mozilla/5.0 (Windows NT 10.0; WOW64) AppleWebKit/537.36 (KHTML, like Gecko) Chrome/55.0.2883.87 Safari/537.36', '/jeesite/a/sys/user/info', 'GET', 'tabPageId=jerichotabiframe_0', '');
INSERT INTO `sys_log` VALUES ('79b14036a5e745f3a3c0441a0032dd5d', '1', '--', '1', '2017-11-14 15:18:31', '182.110.0.154', 'Mozilla/5.0 (Windows NT 6.1; WOW64) AppleWebKit/537.36 (KHTML, like Gecko) Chrome/57.0.2987.98 Safari/537.36 LBBROWSER', '/jeesite/a/gen/genScheme', 'GET', '', '');
INSERT INTO `sys_log` VALUES ('7b1fb54662744bc8944b3f2fd7a533bf', '1', '--', '1', '2019-11-06 18:06:33', '127.0.0.1', 'Mozilla/5.0 (Windows NT 10.0; Win64; x64) AppleWebKit/537.36 (KHTML, like Gecko) Chrome/76.0.3809.132 Safari/537.36', '/jeesite_war_exploded/a/sys/user/info', 'GET', '', '');
INSERT INTO `sys_log` VALUES ('825a6bbc53e64ff3b107fbcabf0c43a1', '1', '--', '1', '2019-11-07 10:04:42', '0:0:0:0:0:0:0:1', 'Mozilla/5.0 (Windows NT 10.0; Win64; x64) AppleWebKit/537.36 (KHTML, like Gecko) Chrome/76.0.3809.132 Safari/537.36', '/jeesite_war_exploded/a/gen/genTable', 'GET', '', '');
INSERT INTO `sys_log` VALUES ('82ad49c51a124f33a8cc88a55f6db600', '1', '--', '1', '2017-11-14 15:15:14', '124.128.62.162', 'Mozilla/5.0 (Windows NT 10.0; WOW64) AppleWebKit/537.36 (KHTML, like Gecko) Chrome/55.0.2883.87 Safari/537.36', '/jeesite/a/oa/oaNotify/self', 'GET', 'tabPageId=jerichotabiframe_2', '');
INSERT INTO `sys_log` VALUES ('850f96bf0b4b42bba248ad5c09f8571e', '1', '--', '1', '2019-11-07 09:58:27', '0:0:0:0:0:0:0:1', 'Mozilla/5.0 (Windows NT 10.0; Win64; x64) AppleWebKit/537.36 (KHTML, like Gecko) Chrome/76.0.3809.132 Safari/537.36', '/jeesite_war_exploded/a/sys/user/modifyPwd', 'GET', '', '');
INSERT INTO `sys_log` VALUES ('859277c486e64a60b77d1478a3725759', '1', '--', '1', '2017-11-14 15:14:25', '124.128.62.162', 'Mozilla/5.0 (Windows NT 10.0; WOW64) AppleWebKit/537.36 (KHTML, like Gecko) Chrome/55.0.2883.87 Safari/537.36', '/jeesite/a/act/process', 'GET', '', '');
INSERT INTO `sys_log` VALUES ('85d2169900bc49f6aa1ef5365bddfd67', '1', '-', '1', '2017-11-14 15:14:18', '124.128.62.162', 'Mozilla/5.0 (Windows NT 10.0; WOW64) AppleWebKit/537.36 (KHTML, like Gecko) Chrome/55.0.2883.87 Safari/537.36', '/jeesite/a/cms/none', 'GET', '', '');
INSERT INTO `sys_log` VALUES ('89642c42bc424cef8baf990e29bd2a48', '1', '-', '1', '2017-11-14 15:15:15', '124.128.62.162', 'Mozilla/5.0 (Windows NT 10.0; WOW64) AppleWebKit/537.36 (KHTML, like Gecko) Chrome/55.0.2883.87 Safari/537.36', '/jeesite/a/cms/tree', 'GET', '', '');
INSERT INTO `sys_log` VALUES ('8a418f9c1b114658a5f39e7033bceebc', '1', '---', '1', '2017-11-14 15:14:36', '119.97.201.18', 'Mozilla/5.0 (Windows NT 10.0; WOW64) AppleWebKit/537.36 (KHTML, like Gecko) Chrome/62.0.3202.62 Safari/537.36', '/jeesite/a/cms/article/', 'GET', 'category.id=4', '');
INSERT INTO `sys_log` VALUES ('8c33a5526f68400abc5c2bcef1fc43b1', '1', '', '1', '2019-11-06 17:49:28', '0:0:0:0:0:0:0:1', 'Mozilla/5.0 (Windows NT 10.0; Win64; x64) AppleWebKit/537.36 (KHTML, like Gecko) Chrome/76.0.3809.132 Safari/537.36', '/jeesite_war/a', 'GET', 'login=', '');
INSERT INTO `sys_log` VALUES ('8cb7b57cabcb4ae1a9676d89510ccbdb', '1', '---', '1', '2017-11-14 15:14:33', '119.97.201.18', 'Mozilla/5.0 (Windows NT 10.0; WOW64) AppleWebKit/537.36 (KHTML, like Gecko) Chrome/62.0.3202.62 Safari/537.36', '/jeesite/a/cms/article/', 'GET', 'category.id=4', '');
INSERT INTO `sys_log` VALUES ('92c240a9fca54c3693fa742c6c89d3e5', '1', '--', '1', '2017-11-14 15:14:32', '124.128.62.162', 'Mozilla/5.0 (Windows NT 10.0; WOW64) AppleWebKit/537.36 (KHTML, like Gecko) Chrome/55.0.2883.87 Safari/537.36', '/jeesite/a/sys/user/modifyPwd', 'GET', '', '');
INSERT INTO `sys_log` VALUES ('9426ec00a3ca45fbad445aa73f7c4672', '1', '', '1', '2019-11-07 10:08:42', '0:0:0:0:0:0:0:1', 'Mozilla/5.0 (Windows NT 10.0; Win64; x64) AppleWebKit/537.36 (KHTML, like Gecko) Chrome/76.0.3809.132 Safari/537.36', '/jeesite_war_exploded/a', 'GET', 'login=', '');
INSERT INTO `sys_log` VALUES ('979835433e7a4eb0abd84ab762326953', '1', '---', '1', '2017-11-14 15:18:42', '220.160.68.3', 'Mozilla/5.0 (Windows NT 10.0; WOW64) AppleWebKit/537.36 (KHTML, like Gecko) Chrome/50.0.2661.102 Safari/537.36', '/jeesite/a/sys/user/list', 'GET', '', '');
INSERT INTO `sys_log` VALUES ('984e9275aa9c41c5a80ff29debbd1e04', '1', '--', '1', '2017-11-14 15:15:00', '124.128.62.162', 'Mozilla/5.0 (Windows NT 10.0; WOW64) AppleWebKit/537.36 (KHTML, like Gecko) Chrome/55.0.2883.87 Safari/537.36', '/jeesite/a/oa/testAudit', 'GET', 'tabPageId=jerichotabiframe_6', '');
INSERT INTO `sys_log` VALUES ('98c5c752fcd446ca9e8816bac19f5fac', '1', '--', '1', '2017-11-14 15:14:39', '124.128.62.162', 'Mozilla/5.0 (Windows NT 10.0; WOW64) AppleWebKit/537.36 (KHTML, like Gecko) Chrome/55.0.2883.87 Safari/537.36', '/jeesite/a/test/testData', 'GET', '', '');
INSERT INTO `sys_log` VALUES ('99dd3cf5b7a04d77ae1ea835fb5e3a81', '1', '--', '1', '2017-11-14 15:14:58', '124.128.62.162', 'Mozilla/5.0 (Windows NT 10.0; WOW64) AppleWebKit/537.36 (KHTML, like Gecko) Chrome/55.0.2883.87 Safari/537.36', '/jeesite/a/oa/oaNotify/self', 'GET', 'tabPageId=jerichotabiframe_4', '');
INSERT INTO `sys_log` VALUES ('a00748782f2047e3a8eca8833699a667', '1', '---', '1', '2017-11-14 15:16:26', '119.97.201.18', 'Mozilla/5.0 (Windows NT 10.0; WOW64) AppleWebKit/537.36 (KHTML, like Gecko) Chrome/62.0.3202.62 Safari/537.36', '/jeesite/a/cms/article/', 'GET', 'category.id=12', '');
INSERT INTO `sys_log` VALUES ('a8c6befda8764df18742a774b5e9778c', '1', '--', '1', '2017-11-14 15:18:38', '220.160.68.3', 'Mozilla/5.0 (Windows NT 10.0; WOW64) AppleWebKit/537.36 (KHTML, like Gecko) Chrome/50.0.2661.102 Safari/537.36', '/jeesite/a/sys/user/modifyPwd', 'GET', '', '');
INSERT INTO `sys_log` VALUES ('a8f3148b182c45e9b3e777285b7356ef', '1', '-', '1', '2017-11-14 15:16:46', '182.110.0.154', 'Mozilla/5.0 (Windows NT 6.1; WOW64) AppleWebKit/537.36 (KHTML, like Gecko) Chrome/57.0.2987.98 Safari/537.36 LBBROWSER', '/jeesite/a/cms/none', 'GET', '', '');
INSERT INTO `sys_log` VALUES ('a900e5ad672c4dd792d00a571eb9bd79', '1', '-', '1', '2017-11-14 15:16:46', '182.110.0.154', 'Mozilla/5.0 (Windows NT 6.1; WOW64) AppleWebKit/537.36 (KHTML, like Gecko) Chrome/57.0.2987.98 Safari/537.36 LBBROWSER', '/jeesite/a/cms/tree', 'GET', '', '');
INSERT INTO `sys_log` VALUES ('aa3df978217c4f84b9267f5aae5a9c1d', '1', '--', '1', '2017-11-14 15:15:15', '124.128.62.162', 'Mozilla/5.0 (Windows NT 10.0; WOW64) AppleWebKit/537.36 (KHTML, like Gecko) Chrome/55.0.2883.87 Safari/537.36', '/jeesite/a/cms/', 'GET', 'tabPageId=jerichotabiframe_3', '');
INSERT INTO `sys_log` VALUES ('aae94721425a4dd5a90f3c9b99ba12b3', '1', '--', '1', '2017-11-14 15:15:56', '124.128.62.162', 'Mozilla/5.0 (Windows NT 10.0; WOW64) AppleWebKit/537.36 (KHTML, like Gecko) Chrome/55.0.2883.87 Safari/537.36', '/jeesite/a/oa/oaNotify/self', 'GET', 'tabPageId=jerichotabiframe_1', '');
INSERT INTO `sys_log` VALUES ('acf6e1b95110409cb32098cfd171c848', '1', '--', '1', '2017-11-14 15:18:35', '220.160.68.3', 'Mozilla/5.0 (Windows NT 10.0; WOW64) AppleWebKit/537.36 (KHTML, like Gecko) Chrome/50.0.2661.102 Safari/537.36', '/jeesite/a/sys/user/info', 'GET', '', '');
INSERT INTO `sys_log` VALUES ('b3fde77c59b24abb8e389d020bea48fd', '1', '--', '1', '2017-11-14 15:14:28', '119.97.201.18', 'Mozilla/5.0 (Windows NT 10.0; WOW64) AppleWebKit/537.36 (KHTML, like Gecko) Chrome/62.0.3202.62 Safari/537.36', '/jeesite/a/cms/', 'GET', '', '');
INSERT INTO `sys_log` VALUES ('b4b2c424ce404d80a4eeaca9e7029430', '1', '----', '1', '2017-11-14 15:15:25', '119.97.201.18', 'Mozilla/5.0 (Windows NT 10.0; WOW64) AppleWebKit/537.36 (KHTML, like Gecko) Chrome/62.0.3202.62 Safari/537.36', '/jeesite/a/cms/article/form', 'GET', 'id=11', '');
INSERT INTO `sys_log` VALUES ('b4bc470939634363abba4eaca0c70717', '1', '--', '1', '2019-11-07 09:58:38', '0:0:0:0:0:0:0:1', 'Mozilla/5.0 (Windows NT 10.0; Win64; x64) AppleWebKit/537.36 (KHTML, like Gecko) Chrome/76.0.3809.132 Safari/537.36', '/jeesite_war_exploded/a/sys/user/info', 'GET', '', '');
INSERT INTO `sys_log` VALUES ('b91ff20303234af291caba2edfab0ffd', '1', '--', '1', '2017-11-14 15:18:39', '220.160.68.3', 'Mozilla/5.0 (Windows NT 10.0; WOW64) AppleWebKit/537.36 (KHTML, like Gecko) Chrome/50.0.2661.102 Safari/537.36', '/jeesite/a/sys/user/info', 'GET', '', '');
INSERT INTO `sys_log` VALUES ('bbf83cea2817479087bcadbf7df07286', '1', '--', '1', '2017-11-14 15:14:47', '124.128.62.162', 'Mozilla/5.0 (Windows NT 10.0; WOW64) AppleWebKit/537.36 (KHTML, like Gecko) Chrome/55.0.2883.87 Safari/537.36', '/jeesite/a/sys/user/info', 'GET', '', '');
INSERT INTO `sys_log` VALUES ('bc315e1a7ce84944aaaee177f026a877', '1', '--', '1', '2017-11-14 15:16:26', '182.110.0.154', 'Mozilla/5.0 (Windows NT 6.1; WOW64) AppleWebKit/537.36 (KHTML, like Gecko) Chrome/57.0.2987.98 Safari/537.36 LBBROWSER', '/jeesite/a/sys/user/info', 'GET', '', '');
INSERT INTO `sys_log` VALUES ('bc5a1c412d4f422d9ec209ed09b03ae2', '1', '--', '1', '2017-11-14 15:14:52', '124.128.62.162', 'Mozilla/5.0 (Windows NT 10.0; WOW64) AppleWebKit/537.36 (KHTML, like Gecko) Chrome/55.0.2883.87 Safari/537.36', '/jeesite/a/sys/user/info', 'GET', 'tabPageId=jerichotabiframe_0', '');
INSERT INTO `sys_log` VALUES ('bcd102a3c55f4a2c867f5fc96af12a06', '1', '--', '1', '2017-11-14 15:14:56', '124.128.62.162', 'Mozilla/5.0 (Windows NT 10.0; WOW64) AppleWebKit/537.36 (KHTML, like Gecko) Chrome/55.0.2883.87 Safari/537.36', '/jeesite/a/sys/user/modifyPwd', 'GET', 'tabPageId=jerichotabiframe_2', '');
INSERT INTO `sys_log` VALUES ('bdc8ac40eccb47e4813b49786eb429fd', '1', '---', '1', '2017-11-14 15:14:20', '124.128.62.162', 'Mozilla/5.0 (Windows NT 10.0; WOW64) AppleWebKit/537.36 (KHTML, like Gecko) Chrome/55.0.2883.87 Safari/537.36', '/jeesite/a/sys/user/list', 'GET', '', '');
INSERT INTO `sys_log` VALUES ('bfa0bfac5db54722bac0584f5044c4ee', '1', '--', '1', '2019-11-07 09:58:40', '0:0:0:0:0:0:0:1', 'Mozilla/5.0 (Windows NT 10.0; Win64; x64) AppleWebKit/537.36 (KHTML, like Gecko) Chrome/76.0.3809.132 Safari/537.36', '/jeesite_war_exploded/a/sys/user/info', 'GET', '', '');
INSERT INTO `sys_log` VALUES ('bfcd3e570c33417498ec3c630110e9ab', '1', '---', '1', '2017-11-14 15:14:46', '119.97.201.18', 'Mozilla/5.0 (Windows NT 10.0; WOW64) AppleWebKit/537.36 (KHTML, like Gecko) Chrome/62.0.3202.62 Safari/537.36', '/jeesite/a/cms/article/', 'GET', 'category.id=5', '');
INSERT INTO `sys_log` VALUES ('c2314f427b6d4ad087e1f5d7b0dffc3d', '1', '--', '1', '2017-11-14 15:14:49', '124.128.62.162', 'Mozilla/5.0 (Windows NT 10.0; WOW64) AppleWebKit/537.36 (KHTML, like Gecko) Chrome/55.0.2883.87 Safari/537.36', '/jeesite/a/sys/user/info', 'GET', '', '');
INSERT INTO `sys_log` VALUES ('c585ebbf983e4c0984d6eba403ce3c03', '1', '--', '1', '2017-11-14 15:17:15', '182.110.0.154', 'Mozilla/5.0 (Windows NT 6.1; WOW64) AppleWebKit/537.36 (KHTML, like Gecko) Chrome/57.0.2987.98 Safari/537.36 LBBROWSER', '/jeesite/a/gen/genTable', 'GET', '', '');
INSERT INTO `sys_log` VALUES ('c71acf6ac29d453f8cc4ab4c2108e0f3', '1', '--', '1', '2017-11-14 15:14:54', '124.128.62.162', 'Mozilla/5.0 (Windows NT 10.0; WOW64) AppleWebKit/537.36 (KHTML, like Gecko) Chrome/55.0.2883.87 Safari/537.36', '/jeesite/a/sys/user/info', 'GET', 'tabPageId=jerichotabiframe_0', '');
INSERT INTO `sys_log` VALUES ('c826074245b248f58bccb13c0cd5b624', '1', '--', '1', '2017-11-14 15:14:17', '124.128.62.162', 'Mozilla/5.0 (Windows NT 10.0; WOW64) AppleWebKit/537.36 (KHTML, like Gecko) Chrome/55.0.2883.87 Safari/537.36', '/jeesite/a/sys/user/modifyPwd', 'GET', '', '');
INSERT INTO `sys_log` VALUES ('c87d3bdb158340b69bee60131abc934f', '1', '--', '1', '2017-11-14 15:15:13', '124.128.62.162', 'Mozilla/5.0 (Windows NT 10.0; WOW64) AppleWebKit/537.36 (KHTML, like Gecko) Chrome/55.0.2883.87 Safari/537.36', '/jeesite/a/sys/user/modifyPwd', 'GET', 'tabPageId=jerichotabiframe_1', '');
INSERT INTO `sys_log` VALUES ('c8e2245966914a37a700b8d4b51b1889', '1', '--', '1', '2017-11-14 15:14:24', '124.128.62.162', 'Mozilla/5.0 (Windows NT 10.0; WOW64) AppleWebKit/537.36 (KHTML, like Gecko) Chrome/55.0.2883.87 Safari/537.36', '/jeesite/a/act/model', 'GET', '', '');
INSERT INTO `sys_log` VALUES ('cd9bae4bb4504534a63bd787f526729a', '1', '--', '1', '2017-11-14 15:18:39', '220.160.68.3', 'Mozilla/5.0 (Windows NT 10.0; WOW64) AppleWebKit/537.36 (KHTML, like Gecko) Chrome/50.0.2661.102 Safari/537.36', '/jeesite/a/oa/oaNotify/self', 'GET', '', '');
INSERT INTO `sys_log` VALUES ('cee2629463384fa08e9cf17da8160ff2', '1', '--', '1', '2017-11-14 15:14:23', '124.128.62.162', 'Mozilla/5.0 (Windows NT 10.0; WOW64) AppleWebKit/537.36 (KHTML, like Gecko) Chrome/55.0.2883.87 Safari/537.36', '/jeesite/a/act/process', 'GET', '', '');
INSERT INTO `sys_log` VALUES ('d031bf22eaf248269b71fdf9eec9b84a', '1', '-', '1', '2019-11-07 10:04:39', '0:0:0:0:0:0:0:1', 'Mozilla/5.0 (Windows NT 10.0; Win64; x64) AppleWebKit/537.36 (KHTML, like Gecko) Chrome/76.0.3809.132 Safari/537.36', '/jeesite_war_exploded/a/cms/none', 'GET', '', '');
INSERT INTO `sys_log` VALUES ('d1beed71093c49f38e9dfce72cdb0e74', '1', '', '1', '2017-11-14 15:18:35', '220.160.68.3', 'Mozilla/5.0 (Windows NT 10.0; WOW64) AppleWebKit/537.36 (KHTML, like Gecko) Chrome/50.0.2661.102 Safari/537.36', '/jeesite/a', 'GET', 'login=', '');
INSERT INTO `sys_log` VALUES ('d46442b54c224af989fa83742415aafa', '1', '--', '1', '2017-11-14 15:14:35', '124.128.62.162', 'Mozilla/5.0 (Windows NT 10.0; WOW64) AppleWebKit/537.36 (KHTML, like Gecko) Chrome/55.0.2883.87 Safari/537.36', '/jeesite/a/gen/genTable', 'GET', '', '');
INSERT INTO `sys_log` VALUES ('d55234cbe8aa419ea08c6bbf23411df7', '1', '--', '1', '2019-11-07 10:04:38', '0:0:0:0:0:0:0:1', 'Mozilla/5.0 (Windows NT 10.0; Win64; x64) AppleWebKit/537.36 (KHTML, like Gecko) Chrome/76.0.3809.132 Safari/537.36', '/jeesite_war_exploded/a/oa/oaNotify/self', 'GET', '', '');
INSERT INTO `sys_log` VALUES ('d7ba8debfc4e4178bc7f3a18ece2a206', '1', '---', '1', '2017-11-14 15:14:35', '119.97.201.18', 'Mozilla/5.0 (Windows NT 10.0; WOW64) AppleWebKit/537.36 (KHTML, like Gecko) Chrome/62.0.3202.62 Safari/537.36', '/jeesite/a/cms/article/', 'GET', 'category.id=5', '');
INSERT INTO `sys_log` VALUES ('d937936755a5414f958ef30355dede1c', '1', '--', '1', '2019-11-07 09:58:36', '0:0:0:0:0:0:0:1', 'Mozilla/5.0 (Windows NT 10.0; Win64; x64) AppleWebKit/537.36 (KHTML, like Gecko) Chrome/76.0.3809.132 Safari/537.36', '/jeesite_war_exploded/a/sys/user/info', 'GET', '', '');
INSERT INTO `sys_log` VALUES ('d9cd43a891574c7cab3fb38f31277dfa', '1', '--', '1', '2017-11-14 15:15:00', '124.128.62.162', 'Mozilla/5.0 (Windows NT 10.0; WOW64) AppleWebKit/537.36 (KHTML, like Gecko) Chrome/55.0.2883.87 Safari/537.36', '/jeesite/a/act/task/todo/', 'GET', 'tabPageId=jerichotabiframe_7', '');
INSERT INTO `sys_log` VALUES ('db6bffc11e594073b8af2de073898e3c', '1', '', '1', '2017-11-14 15:16:25', '182.110.0.154', 'Mozilla/5.0 (Windows NT 6.1; WOW64) AppleWebKit/537.36 (KHTML, like Gecko) Chrome/57.0.2987.98 Safari/537.36 LBBROWSER', '/jeesite/a', 'GET', 'login=', '');
INSERT INTO `sys_log` VALUES ('db907d8efb3441cf8f7dc96837663b1f', '1', '---', '1', '2017-11-14 15:17:02', '182.110.0.154', 'Mozilla/5.0 (Windows NT 6.1; WOW64) AppleWebKit/537.36 (KHTML, like Gecko) Chrome/57.0.2987.98 Safari/537.36 LBBROWSER', '/jeesite/a/test/testData/form', 'GET', '', '');
INSERT INTO `sys_log` VALUES ('dea3922c12c44aaca437d87630563668', '1', '----', '1', '2017-11-14 15:15:31', '119.97.201.18', 'Mozilla/5.0 (Windows NT 10.0; WOW64) AppleWebKit/537.36 (KHTML, like Gecko) Chrome/62.0.3202.62 Safari/537.36', '/jeesite/a/cms/article/findByIds', 'GET', 'ids=1,2,3', '');
INSERT INTO `sys_log` VALUES ('dfc114e583934b54bb2220c1436a5fd4', '1', '----', '1', '2017-11-14 15:15:55', '119.97.201.18', 'Mozilla/5.0 (Windows NT 10.0; WOW64) AppleWebKit/537.36 (KHTML, like Gecko) Chrome/62.0.3202.62 Safari/537.36', '/jeesite/a/cms/article/findByIds', 'GET', 'ids=1,2,3', '');
INSERT INTO `sys_log` VALUES ('e3fcffa4e32249e99bd812a2eecc7236', '1', '--', '1', '2017-11-14 15:14:20', '124.128.62.162', 'Mozilla/5.0 (Windows NT 10.0; WOW64) AppleWebKit/537.36 (KHTML, like Gecko) Chrome/55.0.2883.87 Safari/537.36', '/jeesite/a/sys/user/index', 'GET', '', '');
INSERT INTO `sys_log` VALUES ('e4e46c6b17904bcdac1826533c670085', '1', '---', '1', '2017-11-14 15:14:46', '119.97.201.18', 'Mozilla/5.0 (Windows NT 10.0; WOW64) AppleWebKit/537.36 (KHTML, like Gecko) Chrome/62.0.3202.62 Safari/537.36', '/jeesite/a/cms/article/', 'GET', 'category.id=4', '');
INSERT INTO `sys_log` VALUES ('e83251d3578740cd81ea5762e972775d', '1', '--', '1', '2019-11-07 10:04:39', '0:0:0:0:0:0:0:1', 'Mozilla/5.0 (Windows NT 10.0; Win64; x64) AppleWebKit/537.36 (KHTML, like Gecko) Chrome/76.0.3809.132 Safari/537.36', '/jeesite_war_exploded/a/cms/', 'GET', '', '');
INSERT INTO `sys_log` VALUES ('e89a4063986d4d7fb40c25cca035b861', '1', '--', '1', '2019-11-07 09:58:10', '0:0:0:0:0:0:0:1', 'Mozilla/5.0 (Windows NT 10.0; Win64; x64) AppleWebKit/537.36 (KHTML, like Gecko) Chrome/76.0.3809.132 Safari/537.36', '/jeesite_war_exploded/a/sys/user/info', 'GET', '', '');
INSERT INTO `sys_log` VALUES ('ebb17910af684d0e93a65660c47c3ee5', '1', '--', '1', '2017-11-14 15:14:18', '124.128.62.162', 'Mozilla/5.0 (Windows NT 10.0; WOW64) AppleWebKit/537.36 (KHTML, like Gecko) Chrome/55.0.2883.87 Safari/537.36', '/jeesite/a/cms/', 'GET', '', '');
INSERT INTO `sys_log` VALUES ('ece4daceec4749539e8a1078f74ba1b9', '1', '--', '1', '2017-11-14 15:16:56', '182.110.0.154', 'Mozilla/5.0 (Windows NT 6.1; WOW64) AppleWebKit/537.36 (KHTML, like Gecko) Chrome/57.0.2987.98 Safari/537.36 LBBROWSER', '/jeesite/a/test/testData', 'GET', '', '');
INSERT INTO `sys_log` VALUES ('efe2ef92722b46629b5badb434e15c24', '1', '-', '1', '2017-11-14 15:18:42', '220.160.68.3', 'Mozilla/5.0 (Windows NT 10.0; WOW64) AppleWebKit/537.36 (KHTML, like Gecko) Chrome/50.0.2661.102 Safari/537.36', '/jeesite/a/cms/tree', 'GET', '', '');
INSERT INTO `sys_log` VALUES ('f151006d8ccd465892a3dd09c79f422c', '1', '--', '1', '2019-11-07 10:04:41', '0:0:0:0:0:0:0:1', 'Mozilla/5.0 (Windows NT 10.0; Win64; x64) AppleWebKit/537.36 (KHTML, like Gecko) Chrome/76.0.3809.132 Safari/537.36', '/jeesite_war_exploded/a/sys/user/index', 'GET', '', '');
INSERT INTO `sys_log` VALUES ('f68dc9b508c341fb9b9d7aacc26850df', '1', '--', '1', '2017-11-14 15:14:58', '124.128.62.162', 'Mozilla/5.0 (Windows NT 10.0; WOW64) AppleWebKit/537.36 (KHTML, like Gecko) Chrome/55.0.2883.87 Safari/537.36', '/jeesite/a/oa/oaNotify', 'GET', 'tabPageId=jerichotabiframe_5', '');
INSERT INTO `sys_log` VALUES ('fa7e6045f2d34ab1b298b48855d9a793', '1', '---', '1', '2017-11-14 15:15:11', '119.97.201.18', 'Mozilla/5.0 (Windows NT 10.0; WOW64) AppleWebKit/537.36 (KHTML, like Gecko) Chrome/62.0.3202.62 Safari/537.36', '/jeesite/a/cms/article/', 'GET', 'category.id=4', '');
INSERT INTO `sys_log` VALUES ('fc1a8b723deb44bb87a479ab3d2d4268', '1', '--', '1', '2017-11-14 15:18:42', '220.160.68.3', 'Mozilla/5.0 (Windows NT 10.0; WOW64) AppleWebKit/537.36 (KHTML, like Gecko) Chrome/50.0.2661.102 Safari/537.36', '/jeesite/a/sys/user/index', 'GET', '', '');
INSERT INTO `sys_log` VALUES ('fe55e40d59d14396915b2f0e5f03850a', '1', '--', '1', '2019-11-07 10:08:43', '0:0:0:0:0:0:0:1', 'Mozilla/5.0 (Windows NT 10.0; Win64; x64) AppleWebKit/537.36 (KHTML, like Gecko) Chrome/76.0.3809.132 Safari/537.36', '/jeesite_war_exploded/a/sys/user/info', 'GET', '', '');

-- ----------------------------
-- Table structure for `sys_mdict`
-- ----------------------------
DROP TABLE IF EXISTS `sys_mdict`;
CREATE TABLE `sys_mdict` (
  `id` varchar(64) NOT NULL COMMENT '',
  `parent_id` varchar(64) NOT NULL COMMENT '',
  `parent_ids` varchar(2000) NOT NULL COMMENT '',
  `name` varchar(100) NOT NULL COMMENT '',
  `sort` decimal(10,0) NOT NULL COMMENT '',
  `description` varchar(100) DEFAULT NULL COMMENT '',
  `create_by` varchar(64) NOT NULL COMMENT '',
  `create_date` datetime NOT NULL COMMENT '',
  `update_by` varchar(64) NOT NULL COMMENT '',
  `update_date` datetime NOT NULL COMMENT '',
  `remarks` varchar(255) DEFAULT NULL COMMENT '',
  `del_flag` char(1) NOT NULL DEFAULT '0' COMMENT '',
  PRIMARY KEY (`id`),
  KEY `sys_mdict_parent_id` (`parent_id`),
  KEY `sys_mdict_del_flag` (`del_flag`)
) ENGINE=InnoDB DEFAULT CHARSET=utf8 COMMENT='';

-- ----------------------------
-- Records of sys_mdict
-- ----------------------------

-- ----------------------------
-- Table structure for `sys_menu`
-- ----------------------------
DROP TABLE IF EXISTS `sys_menu`;
CREATE TABLE `sys_menu` (
  `id` varchar(64) NOT NULL COMMENT '',
  `parent_id` varchar(64) NOT NULL COMMENT '',
  `parent_ids` varchar(2000) NOT NULL COMMENT '',
  `name` varchar(100) NOT NULL COMMENT '',
  `sort` decimal(10,0) NOT NULL COMMENT '',
  `href` varchar(2000) DEFAULT NULL COMMENT '',
  `target` varchar(20) DEFAULT NULL COMMENT '',
  `icon` varchar(100) DEFAULT NULL COMMENT '',
  `is_show` char(1) NOT NULL COMMENT '',
  `permission` varchar(200) DEFAULT NULL COMMENT '',
  `create_by` varchar(64) NOT NULL COMMENT '',
  `create_date` datetime NOT NULL COMMENT '',
  `update_by` varchar(64) NOT NULL COMMENT '',
  `update_date` datetime NOT NULL COMMENT '',
  `remarks` varchar(255) DEFAULT NULL COMMENT '',
  `del_flag` char(1) NOT NULL DEFAULT '0' COMMENT '',
  PRIMARY KEY (`id`),
  KEY `sys_menu_parent_id` (`parent_id`),
  KEY `sys_menu_del_flag` (`del_flag`)
) ENGINE=InnoDB DEFAULT CHARSET=utf8 COMMENT='';

-- ----------------------------
-- Records of sys_menu
-- ----------------------------
INSERT INTO `sys_menu` VALUES ('0b2ebd4d639e4c2b83c2dd0764522f24', 'ba8092291b40482db8fe7fc006ea3d76', '0,1,79,3c92c17886944d0687e73e286cada573,ba8092291b40482db8fe7fc006ea3d76,', '', '60', '', '', '', '0', 'test:testData:edit', '1', '2013-08-12 13:10:05', '1', '2013-08-12 13:10:05', '', '0');
INSERT INTO `sys_menu` VALUES ('0ca004d6b1bf4bcab9670a5060d82a55', '3c92c17886944d0687e73e286cada573', '0,1,79,3c92c17886944d0687e73e286cada573,', '', '90', '/test/testTree', '', '', '1', '', '1', '2013-08-12 13:10:05', '1', '2013-08-12 13:10:05', '', '0');
INSERT INTO `sys_menu` VALUES ('1', '0', '0,', '', '0', null, null, null, '1', null, '1', '2013-05-27 08:00:00', '1', '2013-05-27 08:00:00', null, '0');
INSERT INTO `sys_menu` VALUES ('10', '3', '0,1,2,3,', '', '60', '/sys/dict/', null, 'th-list', '1', null, '1', '2013-05-27 08:00:00', '1', '2013-05-27 08:00:00', null, '0');
INSERT INTO `sys_menu` VALUES ('11', '10', '0,1,2,3,10,', '', '30', null, null, null, '0', 'sys:dict:view', '1', '2013-05-27 08:00:00', '1', '2013-05-27 08:00:00', null, '0');
INSERT INTO `sys_menu` VALUES ('12', '10', '0,1,2,3,10,', '', '40', null, null, null, '0', 'sys:dict:edit', '1', '2013-05-27 08:00:00', '1', '2013-05-27 08:00:00', null, '0');
INSERT INTO `sys_menu` VALUES ('13', '2', '0,1,2,', '', '970', null, null, null, '1', null, '1', '2013-05-27 08:00:00', '1', '2013-05-27 08:00:00', null, '0');
INSERT INTO `sys_menu` VALUES ('14', '13', '0,1,2,13,', '', '50', '/sys/area/', null, 'th', '1', null, '1', '2013-05-27 08:00:00', '1', '2013-05-27 08:00:00', null, '0');
INSERT INTO `sys_menu` VALUES ('15', '14', '0,1,2,13,14,', '', '30', null, null, null, '0', 'sys:area:view', '1', '2013-05-27 08:00:00', '1', '2013-05-27 08:00:00', null, '0');
INSERT INTO `sys_menu` VALUES ('16', '14', '0,1,2,13,14,', '', '40', null, null, null, '0', 'sys:area:edit', '1', '2013-05-27 08:00:00', '1', '2013-05-27 08:00:00', null, '0');
INSERT INTO `sys_menu` VALUES ('17', '13', '0,1,2,13,', '', '40', '/sys/office/', null, 'th-large', '1', null, '1', '2013-05-27 08:00:00', '1', '2013-05-27 08:00:00', null, '0');
INSERT INTO `sys_menu` VALUES ('18', '17', '0,1,2,13,17,', '', '30', null, null, null, '0', 'sys:office:view', '1', '2013-05-27 08:00:00', '1', '2013-05-27 08:00:00', null, '0');
INSERT INTO `sys_menu` VALUES ('19', '17', '0,1,2,13,17,', '', '40', null, null, null, '0', 'sys:office:edit', '1', '2013-05-27 08:00:00', '1', '2013-05-27 08:00:00', null, '0');
INSERT INTO `sys_menu` VALUES ('2', '1', '0,1,', '', '900', null, null, null, '1', null, '1', '2013-05-27 08:00:00', '1', '2013-05-27 08:00:00', null, '0');
INSERT INTO `sys_menu` VALUES ('20', '13', '0,1,2,13,', '', '30', '/sys/user/index', null, 'user', '1', null, '1', '2013-05-27 08:00:00', '1', '2013-05-27 08:00:00', null, '0');
INSERT INTO `sys_menu` VALUES ('21', '20', '0,1,2,13,20,', '', '30', null, null, null, '0', 'sys:user:view', '1', '2013-05-27 08:00:00', '1', '2013-05-27 08:00:00', null, '0');
INSERT INTO `sys_menu` VALUES ('22', '20', '0,1,2,13,20,', '', '40', null, null, null, '0', 'sys:user:edit', '1', '2013-05-27 08:00:00', '1', '2013-05-27 08:00:00', null, '0');
INSERT INTO `sys_menu` VALUES ('23', '2', '0,1,2,', '', '990', null, null, null, '0', null, '1', '2013-05-27 08:00:00', '1', '2013-05-27 08:00:00', null, '0');
INSERT INTO `sys_menu` VALUES ('24', '23', '0,1,2,23', '', '30', 'http://jeesite.com', '_blank', null, '0', null, '1', '2013-05-27 08:00:00', '1', '2013-05-27 08:00:00', null, '0');
INSERT INTO `sys_menu` VALUES ('25', '23', '0,1,2,23', '', '50', 'http://jeesite.com/donation.html', '_blank', null, '0', null, '1', '2013-05-27 08:00:00', '1', '2013-05-27 08:00:00', null, '1');
INSERT INTO `sys_menu` VALUES ('26', '23', '0,1,2,23', '', '80', 'http://bbs.jeesite.com', '_blank', null, '0', null, '1', '2013-05-27 08:00:00', '1', '2013-05-27 08:00:00', null, '1');
INSERT INTO `sys_menu` VALUES ('27', '1', '0,1,', '', '100', null, null, null, '1', null, '1', '2013-05-27 08:00:00', '1', '2013-05-27 08:00:00', null, '0');
INSERT INTO `sys_menu` VALUES ('28', '27', '0,1,27,', '', '30', null, null, null, '1', null, '1', '2013-05-27 08:00:00', '1', '2013-05-27 08:00:00', null, '0');
INSERT INTO `sys_menu` VALUES ('29', '28', '0,1,27,28,', '', '30', '/sys/user/info', null, 'user', '1', null, '1', '2013-05-27 08:00:00', '1', '2013-05-27 08:00:00', null, '0');
INSERT INTO `sys_menu` VALUES ('3', '2', '0,1,2,', '', '980', null, null, null, '1', null, '1', '2013-05-27 08:00:00', '1', '2013-05-27 08:00:00', null, '0');
INSERT INTO `sys_menu` VALUES ('30', '28', '0,1,27,28,', '', '40', '/sys/user/modifyPwd', null, 'lock', '1', null, '1', '2013-05-27 08:00:00', '1', '2013-05-27 08:00:00', null, '0');
INSERT INTO `sys_menu` VALUES ('31', '1', '0,1,', '', '500', null, null, null, '1', null, '1', '2013-05-27 08:00:00', '1', '2013-05-27 08:00:00', null, '0');
INSERT INTO `sys_menu` VALUES ('32', '31', '0,1,31,', '', '990', null, null, null, '1', null, '1', '2013-05-27 08:00:00', '1', '2013-05-27 08:00:00', null, '0');
INSERT INTO `sys_menu` VALUES ('33', '32', '0,1,31,32', '', '30', '/cms/category/', null, 'align-justify', '1', null, '1', '2013-05-27 08:00:00', '1', '2013-05-27 08:00:00', null, '0');
INSERT INTO `sys_menu` VALUES ('34', '33', '0,1,31,32,33,', '', '30', null, null, null, '0', 'cms:category:view', '1', '2013-05-27 08:00:00', '1', '2013-05-27 08:00:00', null, '0');
INSERT INTO `sys_menu` VALUES ('35', '33', '0,1,31,32,33,', '', '40', null, null, null, '0', 'cms:category:edit', '1', '2013-05-27 08:00:00', '1', '2013-05-27 08:00:00', null, '0');
INSERT INTO `sys_menu` VALUES ('36', '32', '0,1,31,32', '', '40', '/cms/site/', null, 'certificate', '1', null, '1', '2013-05-27 08:00:00', '1', '2013-05-27 08:00:00', null, '0');
INSERT INTO `sys_menu` VALUES ('37', '36', '0,1,31,32,36,', '', '30', null, null, null, '0', 'cms:site:view', '1', '2013-05-27 08:00:00', '1', '2013-05-27 08:00:00', null, '0');
INSERT INTO `sys_menu` VALUES ('38', '36', '0,1,31,32,36,', '', '40', null, null, null, '0', 'cms:site:edit', '1', '2013-05-27 08:00:00', '1', '2013-05-27 08:00:00', null, '0');
INSERT INTO `sys_menu` VALUES ('39', '32', '0,1,31,32', '', '50', '/cms/site/select', null, 'retweet', '1', 'cms:site:select', '1', '2013-05-27 08:00:00', '1', '2013-05-27 08:00:00', null, '0');
INSERT INTO `sys_menu` VALUES ('3c92c17886944d0687e73e286cada573', '79', '0,1,79,', '', '120', '', '', '', '1', '', '1', '2013-08-12 13:10:05', '1', '2013-08-12 13:10:05', '', '0');
INSERT INTO `sys_menu` VALUES ('4', '3', '0,1,2,3,', '', '30', '/sys/menu/', null, 'list-alt', '1', null, '1', '2013-05-27 08:00:00', '1', '2013-05-27 08:00:00', null, '0');
INSERT INTO `sys_menu` VALUES ('40', '31', '0,1,31,', '', '500', null, null, null, '1', 'cms:view', '1', '2013-05-27 08:00:00', '1', '2013-05-27 08:00:00', null, '0');
INSERT INTO `sys_menu` VALUES ('41', '40', '0,1,31,40,', '', '30', '/cms/', null, 'briefcase', '1', null, '1', '2013-05-27 08:00:00', '1', '2013-05-27 08:00:00', null, '0');
INSERT INTO `sys_menu` VALUES ('42', '41', '0,1,31,40,41,', '', '40', '/cms/article/', null, 'file', '0', null, '1', '2013-05-27 08:00:00', '1', '2013-05-27 08:00:00', null, '0');
INSERT INTO `sys_menu` VALUES ('43', '42', '0,1,31,40,41,42,', '', '30', null, null, null, '0', 'cms:article:view', '1', '2013-05-27 08:00:00', '1', '2013-05-27 08:00:00', null, '0');
INSERT INTO `sys_menu` VALUES ('44', '42', '0,1,31,40,41,42,', '', '40', null, null, null, '0', 'cms:article:edit', '1', '2013-05-27 08:00:00', '1', '2013-05-27 08:00:00', null, '0');
INSERT INTO `sys_menu` VALUES ('45', '42', '0,1,31,40,41,42,', '', '50', null, null, null, '0', 'cms:article:audit', '1', '2013-05-27 08:00:00', '1', '2013-05-27 08:00:00', null, '0');
INSERT INTO `sys_menu` VALUES ('46', '41', '0,1,31,40,41,', '', '60', '/cms/link/', null, 'random', '0', null, '1', '2013-05-27 08:00:00', '1', '2013-05-27 08:00:00', null, '0');
INSERT INTO `sys_menu` VALUES ('47', '46', '0,1,31,40,41,46,', '', '30', null, null, null, '0', 'cms:link:view', '1', '2013-05-27 08:00:00', '1', '2013-05-27 08:00:00', null, '0');
INSERT INTO `sys_menu` VALUES ('48', '46', '0,1,31,40,41,46,', '', '40', null, null, null, '0', 'cms:link:edit', '1', '2013-05-27 08:00:00', '1', '2013-05-27 08:00:00', null, '0');
INSERT INTO `sys_menu` VALUES ('4855cf3b25c244fb8500a380db189d97', 'b1f6d1b86ba24365bae7fd86c5082317', '0,1,79,3c92c17886944d0687e73e286cada573,b1f6d1b86ba24365bae7fd86c5082317,', '', '30', '', '', '', '0', 'test:testDataMain:view', '1', '2013-08-12 13:10:05', '1', '2013-08-12 13:10:05', '', '0');
INSERT INTO `sys_menu` VALUES ('49', '46', '0,1,31,40,41,46,', '', '50', null, null, null, '0', 'cms:link:audit', '1', '2013-05-27 08:00:00', '1', '2013-05-27 08:00:00', null, '0');
INSERT INTO `sys_menu` VALUES ('5', '4', '0,1,2,3,4,', '', '30', null, null, null, '0', 'sys:menu:view', '1', '2013-05-27 08:00:00', '1', '2013-05-27 08:00:00', null, '0');
INSERT INTO `sys_menu` VALUES ('50', '40', '0,1,31,40,', '', '40', '/cms/comment/?status=2', null, 'comment', '1', null, '1', '2013-05-27 08:00:00', '1', '2013-05-27 08:00:00', null, '0');
INSERT INTO `sys_menu` VALUES ('51', '50', '0,1,31,40,50,', '', '30', null, null, null, '0', 'cms:comment:view', '1', '2013-05-27 08:00:00', '1', '2013-05-27 08:00:00', null, '0');
INSERT INTO `sys_menu` VALUES ('52', '50', '0,1,31,40,50,', '', '40', null, null, null, '0', 'cms:comment:edit', '1', '2013-05-27 08:00:00', '1', '2013-05-27 08:00:00', null, '0');
INSERT INTO `sys_menu` VALUES ('53', '40', '0,1,31,40,', '', '80', '/cms/guestbook/?status=2', null, 'glass', '1', null, '1', '2013-05-27 08:00:00', '1', '2013-05-27 08:00:00', null, '0');
INSERT INTO `sys_menu` VALUES ('54', '53', '0,1,31,40,53,', '', '30', null, null, null, '0', 'cms:guestbook:view', '1', '2013-05-27 08:00:00', '1', '2013-05-27 08:00:00', null, '0');
INSERT INTO `sys_menu` VALUES ('55', '53', '0,1,31,40,53,', '', '40', null, null, null, '0', 'cms:guestbook:edit', '1', '2013-05-27 08:00:00', '1', '2013-05-27 08:00:00', null, '0');
INSERT INTO `sys_menu` VALUES ('56', '71', '0,1,27,71,', '', '90', '/../static/ckfinder/ckfinder.html', null, 'folder-open', '1', null, '1', '2013-05-27 08:00:00', '1', '2013-05-27 08:00:00', null, '0');
INSERT INTO `sys_menu` VALUES ('57', '56', '0,1,27,40,56,', '', '30', null, null, null, '0', 'cms:ckfinder:view', '1', '2013-05-27 08:00:00', '1', '2013-05-27 08:00:00', null, '0');
INSERT INTO `sys_menu` VALUES ('58', '56', '0,1,27,40,56,', '', '40', null, null, null, '0', 'cms:ckfinder:upload', '1', '2013-05-27 08:00:00', '1', '2013-05-27 08:00:00', null, '0');
INSERT INTO `sys_menu` VALUES ('59', '56', '0,1,27,40,56,', '', '50', null, null, null, '0', 'cms:ckfinder:edit', '1', '2013-05-27 08:00:00', '1', '2013-05-27 08:00:00', null, '0');
INSERT INTO `sys_menu` VALUES ('6', '4', '0,1,2,3,4,', '', '40', null, null, null, '0', 'sys:menu:edit', '1', '2013-05-27 08:00:00', '1', '2013-05-27 08:00:00', null, '0');
INSERT INTO `sys_menu` VALUES ('60', '31', '0,1,31,', '', '600', null, null, null, '1', null, '1', '2013-05-27 08:00:00', '1', '2013-05-27 08:00:00', null, '0');
INSERT INTO `sys_menu` VALUES ('61', '60', '0,1,31,60,', '', '30', '/cms/stats/article', null, 'tasks', '1', 'cms:stats:article', '1', '2013-05-27 08:00:00', '1', '2013-05-27 08:00:00', null, '0');
INSERT INTO `sys_menu` VALUES ('62', '1', '0,1,', '', '200', null, null, null, '1', null, '1', '2013-05-27 08:00:00', '1', '2013-05-27 08:00:00', null, '0');
INSERT INTO `sys_menu` VALUES ('63', '62', '0,1,62,', '', '30', null, null, null, '1', null, '1', '2013-05-27 08:00:00', '1', '2013-05-27 08:00:00', null, '0');
INSERT INTO `sys_menu` VALUES ('64', '63', '0,1,62,63,', '', '300', '/oa/leave', null, 'leaf', '0', null, '1', '2013-05-27 08:00:00', '1', '2013-05-27 08:00:00', null, '0');
INSERT INTO `sys_menu` VALUES ('65', '64', '0,1,62,63,64,', '', '30', null, null, null, '0', 'oa:leave:view', '1', '2013-05-27 08:00:00', '1', '2013-05-27 08:00:00', null, '0');
INSERT INTO `sys_menu` VALUES ('66', '64', '0,1,62,63,64,', '', '40', null, null, null, '0', 'oa:leave:edit', '1', '2013-05-27 08:00:00', '1', '2013-05-27 08:00:00', null, '0');
INSERT INTO `sys_menu` VALUES ('67', '2', '0,1,2,', '', '985', null, null, null, '1', null, '1', '2013-06-03 08:00:00', '1', '2013-06-03 08:00:00', null, '0');
INSERT INTO `sys_menu` VALUES ('68', '67', '0,1,2,67,', '', '30', '/sys/log', null, 'pencil', '1', 'sys:log:view', '1', '2013-06-03 08:00:00', '1', '2013-06-03 08:00:00', null, '0');
INSERT INTO `sys_menu` VALUES ('69', '62', '0,1,62,', '', '300', null, null, null, '1', null, '1', '2013-05-27 08:00:00', '1', '2013-05-27 08:00:00', null, '0');
INSERT INTO `sys_menu` VALUES ('7', '3', '0,1,2,3,', '', '50', '/sys/role/', null, 'lock', '1', null, '1', '2013-05-27 08:00:00', '1', '2013-05-27 08:00:00', null, '0');
INSERT INTO `sys_menu` VALUES ('70', '69', '0,1,62,69,', '', '50', '/act/process', null, 'road', '1', 'act:process:edit', '1', '2013-05-27 08:00:00', '1', '2013-05-27 08:00:00', null, '0');
INSERT INTO `sys_menu` VALUES ('71', '27', '0,1,27,', '', '90', null, null, null, '1', null, '1', '2013-05-27 08:00:00', '1', '2013-05-27 08:00:00', null, '0');
INSERT INTO `sys_menu` VALUES ('72', '69', '0,1,62,69,', '', '100', '/act/model', null, 'road', '1', 'act:model:edit', '1', '2013-09-20 08:00:00', '1', '2013-09-20 08:00:00', null, '0');
INSERT INTO `sys_menu` VALUES ('73', '63', '0,1,62,63,', '', '50', '/act/task/todo/', null, 'tasks', '1', null, '1', '2013-09-24 08:00:00', '1', '2013-09-24 08:00:00', null, '0');
INSERT INTO `sys_menu` VALUES ('74', '63', '0,1,62,63,', '', '100', '/oa/testAudit', null, null, '1', 'oa:testAudit:view,oa:testAudit:edit', '1', '2013-09-24 08:00:00', '1', '2013-09-24 08:00:00', null, '0');
INSERT INTO `sys_menu` VALUES ('75', '1', '0,1,', '', '3000', null, null, null, '1', null, '1', '2013-10-08 08:00:00', '1', '2013-10-08 08:00:00', null, '1');
INSERT INTO `sys_menu` VALUES ('79', '1', '0,1,', '', '5000', null, null, null, '1', null, '1', '2013-10-16 08:00:00', '1', '2013-10-16 08:00:00', null, '0');
INSERT INTO `sys_menu` VALUES ('8', '7', '0,1,2,3,7,', '', '30', null, null, null, '0', 'sys:role:view', '1', '2013-05-27 08:00:00', '1', '2013-05-27 08:00:00', null, '0');
INSERT INTO `sys_menu` VALUES ('80', '79', '0,1,79,', '', '50', null, null, null, '1', null, '1', '2013-10-16 08:00:00', '1', '2013-10-16 08:00:00', null, '0');
INSERT INTO `sys_menu` VALUES ('81', '80', '0,1,79,80,', '', '30', '/gen/genScheme', null, null, '1', 'gen:genScheme:view,gen:genScheme:edit', '1', '2013-10-16 08:00:00', '1', '2013-10-16 08:00:00', null, '0');
INSERT INTO `sys_menu` VALUES ('82', '80', '0,1,79,80,', '', '20', '/gen/genTable', null, null, '1', 'gen:genTable:view,gen:genTable:edit,gen:genTableColumn:view,gen:genTableColumn:edit', '1', '2013-10-16 08:00:00', '1', '2013-10-16 08:00:00', null, '0');
INSERT INTO `sys_menu` VALUES ('83', '80', '0,1,79,80,', '', '90', '/gen/genTemplate', null, null, '1', 'gen:genTemplate:view,gen:genTemplate:edit', '1', '2013-10-16 08:00:00', '1', '2013-10-16 08:00:00', null, '1');
INSERT INTO `sys_menu` VALUES ('84', '67', '0,1,2,67,', '', '40', '/../druid', null, null, '1', null, '1', '2013-10-18 08:00:00', '1', '2013-10-18 08:00:00', null, '0');
INSERT INTO `sys_menu` VALUES ('85', '76', '0,1,75,76,', '', '80', '/../static/map/map-city.html', null, null, '1', null, '1', '2013-10-22 08:00:00', '1', '2013-10-22 08:00:00', null, '0');
INSERT INTO `sys_menu` VALUES ('86', '75', '0,1,75,', '', '50', null, null, null, '1', null, '1', '2013-10-22 08:00:00', '1', '2013-10-22 08:00:00', null, '1');
INSERT INTO `sys_menu` VALUES ('87', '86', '0,1,75,86,', '', '30', '/test/test/form', null, null, '1', 'test:test:view,test:test:edit', '1', '2013-10-22 08:00:00', '1', '2013-10-22 08:00:00', null, '1');
INSERT INTO `sys_menu` VALUES ('88', '62', '0,1,62,', '', '20', '', '', '', '1', '', '1', '2013-11-08 08:00:00', '1', '2013-11-08 08:00:00', null, '0');
INSERT INTO `sys_menu` VALUES ('89', '88', '0,1,62,88,', '', '30', '/oa/oaNotify/self', '', '', '1', '', '1', '2013-11-08 08:00:00', '1', '2013-11-08 08:00:00', null, '0');
INSERT INTO `sys_menu` VALUES ('9', '7', '0,1,2,3,7,', '', '40', null, null, null, '0', 'sys:role:edit', '1', '2013-05-27 08:00:00', '1', '2013-05-27 08:00:00', null, '0');
INSERT INTO `sys_menu` VALUES ('90', '88', '0,1,62,88,', '', '50', '/oa/oaNotify', '', '', '1', 'oa:oaNotify:view,oa:oaNotify:edit', '1', '2013-11-08 08:00:00', '1', '2013-11-08 08:00:00', null, '0');
INSERT INTO `sys_menu` VALUES ('afab2db430e2457f9cf3a11feaa8b869', '0ca004d6b1bf4bcab9670a5060d82a55', '0,1,79,3c92c17886944d0687e73e286cada573,0ca004d6b1bf4bcab9670a5060d82a55,', '', '60', '', '', '', '0', 'test:testTree:edit', '1', '2013-08-12 13:10:05', '1', '2013-08-12 13:10:05', '', '0');
INSERT INTO `sys_menu` VALUES ('b1f6d1b86ba24365bae7fd86c5082317', '3c92c17886944d0687e73e286cada573', '0,1,79,3c92c17886944d0687e73e286cada573,', '', '60', '/test/testDataMain', '', '', '1', '', '1', '2013-08-12 13:10:05', '1', '2013-08-12 13:10:05', '', '0');
INSERT INTO `sys_menu` VALUES ('ba8092291b40482db8fe7fc006ea3d76', '3c92c17886944d0687e73e286cada573', '0,1,79,3c92c17886944d0687e73e286cada573,', '', '30', '/test/testData', '', '', '1', '', '1', '2013-08-12 13:10:05', '1', '2013-08-12 13:10:05', '', '0');
INSERT INTO `sys_menu` VALUES ('c2e4d9082a0b4386884a0b203afe2c5c', '0ca004d6b1bf4bcab9670a5060d82a55', '0,1,79,3c92c17886944d0687e73e286cada573,0ca004d6b1bf4bcab9670a5060d82a55,', '', '30', '', '', '', '0', 'test:testTree:view', '1', '2013-08-12 13:10:05', '1', '2013-08-12 13:10:05', '', '0');
INSERT INTO `sys_menu` VALUES ('d15ec45a4c5449c3bbd7a61d5f9dd1d2', 'b1f6d1b86ba24365bae7fd86c5082317', '0,1,79,3c92c17886944d0687e73e286cada573,b1f6d1b86ba24365bae7fd86c5082317,', '', '60', '', '', '', '0', 'test:testDataMain:edit', '1', '2013-08-12 13:10:05', '1', '2013-08-12 13:10:05', '', '0');
INSERT INTO `sys_menu` VALUES ('df7ce823c5b24ff9bada43d992f373e2', 'ba8092291b40482db8fe7fc006ea3d76', '0,1,79,3c92c17886944d0687e73e286cada573,ba8092291b40482db8fe7fc006ea3d76,', '', '30', '', '', '', '0', 'test:testData:view', '1', '2013-08-12 13:10:05', '1', '2013-08-12 13:10:05', '', '0');

-- ----------------------------
-- Table structure for `sys_office`
-- ----------------------------
DROP TABLE IF EXISTS `sys_office`;
CREATE TABLE `sys_office` (
  `id` varchar(64) NOT NULL COMMENT '',
  `parent_id` varchar(64) NOT NULL COMMENT '',
  `parent_ids` varchar(2000) NOT NULL COMMENT '',
  `name` varchar(100) NOT NULL COMMENT '',
  `sort` decimal(10,0) NOT NULL COMMENT '',
  `area_id` varchar(64) NOT NULL COMMENT '',
  `code` varchar(100) DEFAULT NULL COMMENT '',
  `type` char(1) NOT NULL COMMENT '',
  `grade` char(1) NOT NULL COMMENT '',
  `address` varchar(255) DEFAULT NULL COMMENT '',
  `zip_code` varchar(100) DEFAULT NULL COMMENT '',
  `master` varchar(100) DEFAULT NULL COMMENT '',
  `phone` varchar(200) DEFAULT NULL COMMENT '',
  `fax` varchar(200) DEFAULT NULL COMMENT '',
  `email` varchar(200) DEFAULT NULL COMMENT '',
  `USEABLE` varchar(64) DEFAULT NULL COMMENT '',
  `PRIMARY_PERSON` varchar(64) DEFAULT NULL COMMENT '',
  `DEPUTY_PERSON` varchar(64) DEFAULT NULL COMMENT '',
  `create_by` varchar(64) NOT NULL COMMENT '',
  `create_date` datetime NOT NULL COMMENT '',
  `update_by` varchar(64) NOT NULL COMMENT '',
  `update_date` datetime NOT NULL COMMENT '',
  `remarks` varchar(255) DEFAULT NULL COMMENT '',
  `del_flag` char(1) NOT NULL DEFAULT '0' COMMENT '',
  PRIMARY KEY (`id`),
  KEY `sys_office_parent_id` (`parent_id`),
  KEY `sys_office_del_flag` (`del_flag`),
  KEY `sys_office_type` (`type`)
) ENGINE=InnoDB DEFAULT CHARSET=utf8 COMMENT='';

-- ----------------------------
-- Records of sys_office
-- ----------------------------
INSERT INTO `sys_office` VALUES ('1', '0', '0,', '', '10', '2', '100000', '1', '1', null, null, null, null, null, null, '1', null, null, '1', '2013-05-27 08:00:00', '1', '2013-05-27 08:00:00', null, '0');
INSERT INTO `sys_office` VALUES ('10', '7', '0,1,7,', '', '30', '3', '200003', '2', '2', null, null, null, null, null, null, '1', null, null, '1', '2013-05-27 08:00:00', '1', '2013-05-27 08:00:00', null, '0');
INSERT INTO `sys_office` VALUES ('11', '7', '0,1,7,', '', '40', '3', '200004', '2', '2', null, null, null, null, null, null, '1', null, null, '1', '2013-05-27 08:00:00', '1', '2013-05-27 08:00:00', null, '0');
INSERT INTO `sys_office` VALUES ('12', '7', '0,1,7,', '', '0', '4', '201000', '1', '3', null, null, null, null, null, null, '1', null, null, '1', '2013-05-27 08:00:00', '1', '2013-05-27 08:00:00', null, '0');
INSERT INTO `sys_office` VALUES ('13', '12', '0,1,7,12,', '', '10', '4', '201001', '2', '3', null, null, null, null, null, null, '1', null, null, '1', '2013-05-27 08:00:00', '1', '2013-05-27 08:00:00', null, '0');
INSERT INTO `sys_office` VALUES ('14', '12', '0,1,7,12,', '', '20', '4', '201002', '2', '3', null, null, null, null, null, null, '1', null, null, '1', '2013-05-27 08:00:00', '1', '2013-05-27 08:00:00', null, '0');
INSERT INTO `sys_office` VALUES ('15', '12', '0,1,7,12,', '', '30', '4', '201003', '2', '3', null, null, null, null, null, null, '1', null, null, '1', '2013-05-27 08:00:00', '1', '2013-05-27 08:00:00', null, '0');
INSERT INTO `sys_office` VALUES ('16', '12', '0,1,7,12,', '', '40', '4', '201004', '2', '3', null, null, null, null, null, null, '1', null, null, '1', '2013-05-27 08:00:00', '1', '2013-05-27 08:00:00', null, '0');
INSERT INTO `sys_office` VALUES ('17', '7', '0,1,7,', '', '40', '5', '201010', '1', '3', null, null, null, null, null, null, '1', null, null, '1', '2013-05-27 08:00:00', '1', '2013-05-27 08:00:00', null, '0');
INSERT INTO `sys_office` VALUES ('18', '17', '0,1,7,17,', '', '10', '5', '201011', '2', '3', null, null, null, null, null, null, '1', null, null, '1', '2013-05-27 08:00:00', '1', '2013-05-27 08:00:00', null, '0');
INSERT INTO `sys_office` VALUES ('19', '17', '0,1,7,17,', '', '20', '5', '201012', '2', '3', null, null, null, null, null, null, '1', null, null, '1', '2013-05-27 08:00:00', '1', '2013-05-27 08:00:00', null, '0');
INSERT INTO `sys_office` VALUES ('2', '1', '0,1,', '', '10', '2', '100001', '2', '1', null, null, null, null, null, null, '1', null, null, '1', '2013-05-27 08:00:00', '1', '2013-05-27 08:00:00', null, '0');
INSERT INTO `sys_office` VALUES ('20', '17', '0,1,7,17,', '', '30', '5', '201013', '2', '3', null, null, null, null, null, null, '1', null, null, '1', '2013-05-27 08:00:00', '1', '2013-05-27 08:00:00', null, '0');
INSERT INTO `sys_office` VALUES ('21', '17', '0,1,7,17,', '', '40', '5', '201014', '2', '3', null, null, null, null, null, null, '1', null, null, '1', '2013-05-27 08:00:00', '1', '2013-05-27 08:00:00', null, '0');
INSERT INTO `sys_office` VALUES ('22', '7', '0,1,7,', '', '50', '6', '201010', '1', '3', null, null, null, null, null, null, '1', null, null, '1', '2013-05-27 08:00:00', '1', '2013-05-27 08:00:00', null, '0');
INSERT INTO `sys_office` VALUES ('23', '22', '0,1,7,22,', '', '10', '6', '201011', '2', '3', null, null, null, null, null, null, '1', null, null, '1', '2013-05-27 08:00:00', '1', '2013-05-27 08:00:00', null, '0');
INSERT INTO `sys_office` VALUES ('24', '22', '0,1,7,22,', '', '20', '6', '201012', '2', '3', null, null, null, null, null, null, '1', null, null, '1', '2013-05-27 08:00:00', '1', '2013-05-27 08:00:00', null, '0');
INSERT INTO `sys_office` VALUES ('25', '22', '0,1,7,22,', '', '30', '6', '201013', '2', '3', null, null, null, null, null, null, '1', null, null, '1', '2013-05-27 08:00:00', '1', '2013-05-27 08:00:00', null, '0');
INSERT INTO `sys_office` VALUES ('26', '22', '0,1,7,22,', '', '40', '6', '201014', '2', '3', null, null, null, null, null, null, '1', null, null, '1', '2013-05-27 08:00:00', '1', '2013-05-27 08:00:00', null, '0');
INSERT INTO `sys_office` VALUES ('3', '1', '0,1,', '', '20', '2', '100002', '2', '1', null, null, null, null, null, null, '1', null, null, '1', '2013-05-27 08:00:00', '1', '2013-05-27 08:00:00', null, '0');
INSERT INTO `sys_office` VALUES ('4', '1', '0,1,', '', '30', '2', '100003', '2', '1', null, null, null, null, null, null, '1', null, null, '1', '2013-05-27 08:00:00', '1', '2013-05-27 08:00:00', null, '0');
INSERT INTO `sys_office` VALUES ('5', '1', '0,1,', '', '40', '2', '100004', '2', '1', null, null, null, null, null, null, '1', null, null, '1', '2013-05-27 08:00:00', '1', '2013-05-27 08:00:00', null, '0');
INSERT INTO `sys_office` VALUES ('6', '1', '0,1,', '', '50', '2', '100005', '2', '1', null, null, null, null, null, null, '1', null, null, '1', '2013-05-27 08:00:00', '1', '2013-05-27 08:00:00', null, '0');
INSERT INTO `sys_office` VALUES ('7', '1', '0,1,', '', '20', '3', '200000', '1', '2', null, null, null, null, null, null, '1', null, null, '1', '2013-05-27 08:00:00', '1', '2013-05-27 08:00:00', null, '0');
INSERT INTO `sys_office` VALUES ('8', '7', '0,1,7,', '', '10', '3', '200001', '2', '2', null, null, null, null, null, null, '1', null, null, '1', '2013-05-27 08:00:00', '1', '2013-05-27 08:00:00', null, '0');
INSERT INTO `sys_office` VALUES ('9', '7', '0,1,7,', '', '20', '3', '200002', '2', '2', null, null, null, null, null, null, '1', null, null, '1', '2013-05-27 08:00:00', '1', '2013-05-27 08:00:00', null, '0');

-- ----------------------------
-- Table structure for `sys_role`
-- ----------------------------
DROP TABLE IF EXISTS `sys_role`;
CREATE TABLE `sys_role` (
  `id` varchar(64) NOT NULL COMMENT '',
  `office_id` varchar(64) DEFAULT NULL COMMENT '',
  `name` varchar(100) NOT NULL COMMENT '',
  `enname` varchar(255) DEFAULT NULL COMMENT '',
  `role_type` varchar(255) DEFAULT NULL COMMENT '',
  `data_scope` char(1) DEFAULT NULL COMMENT '',
  `is_sys` varchar(64) DEFAULT NULL COMMENT '',
  `useable` varchar(64) DEFAULT NULL COMMENT '',
  `create_by` varchar(64) NOT NULL COMMENT '',
  `create_date` datetime NOT NULL COMMENT '',
  `update_by` varchar(64) NOT NULL COMMENT '',
  `update_date` datetime NOT NULL COMMENT '',
  `remarks` varchar(255) DEFAULT NULL COMMENT '',
  `del_flag` char(1) NOT NULL DEFAULT '0' COMMENT '',
  PRIMARY KEY (`id`),
  KEY `sys_role_del_flag` (`del_flag`),
  KEY `sys_role_enname` (`enname`)
) ENGINE=InnoDB DEFAULT CHARSET=utf8 COMMENT='';

-- ----------------------------
-- Records of sys_role
-- ----------------------------
INSERT INTO `sys_role` VALUES ('1', '1', '', 'dept', 'assignment', '1', null, '1', '1', '2013-05-27 08:00:00', '1', '2013-05-27 08:00:00', null, '0');
INSERT INTO `sys_role` VALUES ('2', '1', '', 'hr', 'assignment', '2', null, '1', '1', '2013-05-27 08:00:00', '1', '2013-05-27 08:00:00', null, '0');
INSERT INTO `sys_role` VALUES ('3', '1', '', 'a', 'assignment', '3', null, '1', '1', '2013-05-27 08:00:00', '1', '2013-05-27 08:00:00', null, '0');
INSERT INTO `sys_role` VALUES ('4', '1', '', 'b', 'assignment', '4', null, '1', '1', '2013-05-27 08:00:00', '1', '2013-05-27 08:00:00', null, '0');
INSERT INTO `sys_role` VALUES ('5', '1', '', 'c', 'assignment', '5', null, '1', '1', '2013-05-27 08:00:00', '1', '2013-05-27 08:00:00', null, '0');
INSERT INTO `sys_role` VALUES ('6', '1', '', 'd', 'assignment', '8', null, '1', '1', '2013-05-27 08:00:00', '1', '2013-05-27 08:00:00', null, '0');
INSERT INTO `sys_role` VALUES ('7', '7', '', 'e', 'assignment', '9', null, '1', '1', '2013-05-27 08:00:00', '1', '2013-05-27 08:00:00', null, '0');

-- ----------------------------
-- Table structure for `sys_role_menu`
-- ----------------------------
DROP TABLE IF EXISTS `sys_role_menu`;
CREATE TABLE `sys_role_menu` (
  `role_id` varchar(64) NOT NULL COMMENT '',
  `menu_id` varchar(64) NOT NULL COMMENT '',
  PRIMARY KEY (`role_id`,`menu_id`)
) ENGINE=InnoDB DEFAULT CHARSET=utf8 COMMENT='-';

-- ----------------------------
-- Records of sys_role_menu
-- ----------------------------
INSERT INTO `sys_role_menu` VALUES ('1', '1');
INSERT INTO `sys_role_menu` VALUES ('1', '10');
INSERT INTO `sys_role_menu` VALUES ('1', '11');
INSERT INTO `sys_role_menu` VALUES ('1', '12');
INSERT INTO `sys_role_menu` VALUES ('1', '13');
INSERT INTO `sys_role_menu` VALUES ('1', '14');
INSERT INTO `sys_role_menu` VALUES ('1', '15');
INSERT INTO `sys_role_menu` VALUES ('1', '16');
INSERT INTO `sys_role_menu` VALUES ('1', '17');
INSERT INTO `sys_role_menu` VALUES ('1', '18');
INSERT INTO `sys_role_menu` VALUES ('1', '19');
INSERT INTO `sys_role_menu` VALUES ('1', '2');
INSERT INTO `sys_role_menu` VALUES ('1', '20');
INSERT INTO `sys_role_menu` VALUES ('1', '21');
INSERT INTO `sys_role_menu` VALUES ('1', '22');
INSERT INTO `sys_role_menu` VALUES ('1', '23');
INSERT INTO `sys_role_menu` VALUES ('1', '24');
INSERT INTO `sys_role_menu` VALUES ('1', '25');
INSERT INTO `sys_role_menu` VALUES ('1', '26');
INSERT INTO `sys_role_menu` VALUES ('1', '27');
INSERT INTO `sys_role_menu` VALUES ('1', '28');
INSERT INTO `sys_role_menu` VALUES ('1', '29');
INSERT INTO `sys_role_menu` VALUES ('1', '3');
INSERT INTO `sys_role_menu` VALUES ('1', '30');
INSERT INTO `sys_role_menu` VALUES ('1', '31');
INSERT INTO `sys_role_menu` VALUES ('1', '32');
INSERT INTO `sys_role_menu` VALUES ('1', '33');
INSERT INTO `sys_role_menu` VALUES ('1', '34');
INSERT INTO `sys_role_menu` VALUES ('1', '35');
INSERT INTO `sys_role_menu` VALUES ('1', '36');
INSERT INTO `sys_role_menu` VALUES ('1', '37');
INSERT INTO `sys_role_menu` VALUES ('1', '38');
INSERT INTO `sys_role_menu` VALUES ('1', '39');
INSERT INTO `sys_role_menu` VALUES ('1', '4');
INSERT INTO `sys_role_menu` VALUES ('1', '40');
INSERT INTO `sys_role_menu` VALUES ('1', '41');
INSERT INTO `sys_role_menu` VALUES ('1', '42');
INSERT INTO `sys_role_menu` VALUES ('1', '43');
INSERT INTO `sys_role_menu` VALUES ('1', '44');
INSERT INTO `sys_role_menu` VALUES ('1', '45');
INSERT INTO `sys_role_menu` VALUES ('1', '46');
INSERT INTO `sys_role_menu` VALUES ('1', '47');
INSERT INTO `sys_role_menu` VALUES ('1', '48');
INSERT INTO `sys_role_menu` VALUES ('1', '49');
INSERT INTO `sys_role_menu` VALUES ('1', '5');
INSERT INTO `sys_role_menu` VALUES ('1', '50');
INSERT INTO `sys_role_menu` VALUES ('1', '51');
INSERT INTO `sys_role_menu` VALUES ('1', '52');
INSERT INTO `sys_role_menu` VALUES ('1', '53');
INSERT INTO `sys_role_menu` VALUES ('1', '54');
INSERT INTO `sys_role_menu` VALUES ('1', '55');
INSERT INTO `sys_role_menu` VALUES ('1', '56');
INSERT INTO `sys_role_menu` VALUES ('1', '57');
INSERT INTO `sys_role_menu` VALUES ('1', '58');
INSERT INTO `sys_role_menu` VALUES ('1', '59');
INSERT INTO `sys_role_menu` VALUES ('1', '6');
INSERT INTO `sys_role_menu` VALUES ('1', '60');
INSERT INTO `sys_role_menu` VALUES ('1', '61');
INSERT INTO `sys_role_menu` VALUES ('1', '62');
INSERT INTO `sys_role_menu` VALUES ('1', '63');
INSERT INTO `sys_role_menu` VALUES ('1', '64');
INSERT INTO `sys_role_menu` VALUES ('1', '65');
INSERT INTO `sys_role_menu` VALUES ('1', '66');
INSERT INTO `sys_role_menu` VALUES ('1', '67');
INSERT INTO `sys_role_menu` VALUES ('1', '68');
INSERT INTO `sys_role_menu` VALUES ('1', '69');
INSERT INTO `sys_role_menu` VALUES ('1', '7');
INSERT INTO `sys_role_menu` VALUES ('1', '70');
INSERT INTO `sys_role_menu` VALUES ('1', '71');
INSERT INTO `sys_role_menu` VALUES ('1', '72');
INSERT INTO `sys_role_menu` VALUES ('1', '73');
INSERT INTO `sys_role_menu` VALUES ('1', '74');
INSERT INTO `sys_role_menu` VALUES ('1', '75');
INSERT INTO `sys_role_menu` VALUES ('1', '76');
INSERT INTO `sys_role_menu` VALUES ('1', '77');
INSERT INTO `sys_role_menu` VALUES ('1', '78');
INSERT INTO `sys_role_menu` VALUES ('1', '79');
INSERT INTO `sys_role_menu` VALUES ('1', '8');
INSERT INTO `sys_role_menu` VALUES ('1', '80');
INSERT INTO `sys_role_menu` VALUES ('1', '81');
INSERT INTO `sys_role_menu` VALUES ('1', '82');
INSERT INTO `sys_role_menu` VALUES ('1', '83');
INSERT INTO `sys_role_menu` VALUES ('1', '84');
INSERT INTO `sys_role_menu` VALUES ('1', '85');
INSERT INTO `sys_role_menu` VALUES ('1', '86');
INSERT INTO `sys_role_menu` VALUES ('1', '87');
INSERT INTO `sys_role_menu` VALUES ('1', '88');
INSERT INTO `sys_role_menu` VALUES ('1', '89');
INSERT INTO `sys_role_menu` VALUES ('1', '9');
INSERT INTO `sys_role_menu` VALUES ('1', '90');
INSERT INTO `sys_role_menu` VALUES ('2', '1');
INSERT INTO `sys_role_menu` VALUES ('2', '10');
INSERT INTO `sys_role_menu` VALUES ('2', '11');
INSERT INTO `sys_role_menu` VALUES ('2', '12');
INSERT INTO `sys_role_menu` VALUES ('2', '13');
INSERT INTO `sys_role_menu` VALUES ('2', '14');
INSERT INTO `sys_role_menu` VALUES ('2', '15');
INSERT INTO `sys_role_menu` VALUES ('2', '16');
INSERT INTO `sys_role_menu` VALUES ('2', '17');
INSERT INTO `sys_role_menu` VALUES ('2', '18');
INSERT INTO `sys_role_menu` VALUES ('2', '19');
INSERT INTO `sys_role_menu` VALUES ('2', '2');
INSERT INTO `sys_role_menu` VALUES ('2', '20');
INSERT INTO `sys_role_menu` VALUES ('2', '21');
INSERT INTO `sys_role_menu` VALUES ('2', '22');
INSERT INTO `sys_role_menu` VALUES ('2', '23');
INSERT INTO `sys_role_menu` VALUES ('2', '24');
INSERT INTO `sys_role_menu` VALUES ('2', '25');
INSERT INTO `sys_role_menu` VALUES ('2', '26');
INSERT INTO `sys_role_menu` VALUES ('2', '27');
INSERT INTO `sys_role_menu` VALUES ('2', '28');
INSERT INTO `sys_role_menu` VALUES ('2', '29');
INSERT INTO `sys_role_menu` VALUES ('2', '3');
INSERT INTO `sys_role_menu` VALUES ('2', '30');
INSERT INTO `sys_role_menu` VALUES ('2', '31');
INSERT INTO `sys_role_menu` VALUES ('2', '32');
INSERT INTO `sys_role_menu` VALUES ('2', '33');
INSERT INTO `sys_role_menu` VALUES ('2', '34');
INSERT INTO `sys_role_menu` VALUES ('2', '35');
INSERT INTO `sys_role_menu` VALUES ('2', '36');
INSERT INTO `sys_role_menu` VALUES ('2', '37');
INSERT INTO `sys_role_menu` VALUES ('2', '38');
INSERT INTO `sys_role_menu` VALUES ('2', '39');
INSERT INTO `sys_role_menu` VALUES ('2', '4');
INSERT INTO `sys_role_menu` VALUES ('2', '40');
INSERT INTO `sys_role_menu` VALUES ('2', '41');
INSERT INTO `sys_role_menu` VALUES ('2', '42');
INSERT INTO `sys_role_menu` VALUES ('2', '43');
INSERT INTO `sys_role_menu` VALUES ('2', '44');
INSERT INTO `sys_role_menu` VALUES ('2', '45');
INSERT INTO `sys_role_menu` VALUES ('2', '46');
INSERT INTO `sys_role_menu` VALUES ('2', '47');
INSERT INTO `sys_role_menu` VALUES ('2', '48');
INSERT INTO `sys_role_menu` VALUES ('2', '49');
INSERT INTO `sys_role_menu` VALUES ('2', '5');
INSERT INTO `sys_role_menu` VALUES ('2', '50');
INSERT INTO `sys_role_menu` VALUES ('2', '51');
INSERT INTO `sys_role_menu` VALUES ('2', '52');
INSERT INTO `sys_role_menu` VALUES ('2', '53');
INSERT INTO `sys_role_menu` VALUES ('2', '54');
INSERT INTO `sys_role_menu` VALUES ('2', '55');
INSERT INTO `sys_role_menu` VALUES ('2', '56');
INSERT INTO `sys_role_menu` VALUES ('2', '57');
INSERT INTO `sys_role_menu` VALUES ('2', '58');
INSERT INTO `sys_role_menu` VALUES ('2', '59');
INSERT INTO `sys_role_menu` VALUES ('2', '6');
INSERT INTO `sys_role_menu` VALUES ('2', '60');
INSERT INTO `sys_role_menu` VALUES ('2', '61');
INSERT INTO `sys_role_menu` VALUES ('2', '62');
INSERT INTO `sys_role_menu` VALUES ('2', '63');
INSERT INTO `sys_role_menu` VALUES ('2', '64');
INSERT INTO `sys_role_menu` VALUES ('2', '65');
INSERT INTO `sys_role_menu` VALUES ('2', '66');
INSERT INTO `sys_role_menu` VALUES ('2', '67');
INSERT INTO `sys_role_menu` VALUES ('2', '68');
INSERT INTO `sys_role_menu` VALUES ('2', '69');
INSERT INTO `sys_role_menu` VALUES ('2', '7');
INSERT INTO `sys_role_menu` VALUES ('2', '70');
INSERT INTO `sys_role_menu` VALUES ('2', '71');
INSERT INTO `sys_role_menu` VALUES ('2', '72');
INSERT INTO `sys_role_menu` VALUES ('2', '73');
INSERT INTO `sys_role_menu` VALUES ('2', '74');
INSERT INTO `sys_role_menu` VALUES ('2', '75');
INSERT INTO `sys_role_menu` VALUES ('2', '76');
INSERT INTO `sys_role_menu` VALUES ('2', '77');
INSERT INTO `sys_role_menu` VALUES ('2', '78');
INSERT INTO `sys_role_menu` VALUES ('2', '79');
INSERT INTO `sys_role_menu` VALUES ('2', '8');
INSERT INTO `sys_role_menu` VALUES ('2', '80');
INSERT INTO `sys_role_menu` VALUES ('2', '81');
INSERT INTO `sys_role_menu` VALUES ('2', '82');
INSERT INTO `sys_role_menu` VALUES ('2', '83');
INSERT INTO `sys_role_menu` VALUES ('2', '84');
INSERT INTO `sys_role_menu` VALUES ('2', '85');
INSERT INTO `sys_role_menu` VALUES ('2', '86');
INSERT INTO `sys_role_menu` VALUES ('2', '87');
INSERT INTO `sys_role_menu` VALUES ('2', '88');
INSERT INTO `sys_role_menu` VALUES ('2', '89');
INSERT INTO `sys_role_menu` VALUES ('2', '9');
INSERT INTO `sys_role_menu` VALUES ('2', '90');
INSERT INTO `sys_role_menu` VALUES ('3', '1');
INSERT INTO `sys_role_menu` VALUES ('3', '10');
INSERT INTO `sys_role_menu` VALUES ('3', '11');
INSERT INTO `sys_role_menu` VALUES ('3', '12');
INSERT INTO `sys_role_menu` VALUES ('3', '13');
INSERT INTO `sys_role_menu` VALUES ('3', '14');
INSERT INTO `sys_role_menu` VALUES ('3', '15');
INSERT INTO `sys_role_menu` VALUES ('3', '16');
INSERT INTO `sys_role_menu` VALUES ('3', '17');
INSERT INTO `sys_role_menu` VALUES ('3', '18');
INSERT INTO `sys_role_menu` VALUES ('3', '19');
INSERT INTO `sys_role_menu` VALUES ('3', '2');
INSERT INTO `sys_role_menu` VALUES ('3', '20');
INSERT INTO `sys_role_menu` VALUES ('3', '21');
INSERT INTO `sys_role_menu` VALUES ('3', '22');
INSERT INTO `sys_role_menu` VALUES ('3', '23');
INSERT INTO `sys_role_menu` VALUES ('3', '24');
INSERT INTO `sys_role_menu` VALUES ('3', '25');
INSERT INTO `sys_role_menu` VALUES ('3', '26');
INSERT INTO `sys_role_menu` VALUES ('3', '27');
INSERT INTO `sys_role_menu` VALUES ('3', '28');
INSERT INTO `sys_role_menu` VALUES ('3', '29');
INSERT INTO `sys_role_menu` VALUES ('3', '3');
INSERT INTO `sys_role_menu` VALUES ('3', '30');
INSERT INTO `sys_role_menu` VALUES ('3', '31');
INSERT INTO `sys_role_menu` VALUES ('3', '32');
INSERT INTO `sys_role_menu` VALUES ('3', '33');
INSERT INTO `sys_role_menu` VALUES ('3', '34');
INSERT INTO `sys_role_menu` VALUES ('3', '35');
INSERT INTO `sys_role_menu` VALUES ('3', '36');
INSERT INTO `sys_role_menu` VALUES ('3', '37');
INSERT INTO `sys_role_menu` VALUES ('3', '38');
INSERT INTO `sys_role_menu` VALUES ('3', '39');
INSERT INTO `sys_role_menu` VALUES ('3', '4');
INSERT INTO `sys_role_menu` VALUES ('3', '40');
INSERT INTO `sys_role_menu` VALUES ('3', '41');
INSERT INTO `sys_role_menu` VALUES ('3', '42');
INSERT INTO `sys_role_menu` VALUES ('3', '43');
INSERT INTO `sys_role_menu` VALUES ('3', '44');
INSERT INTO `sys_role_menu` VALUES ('3', '45');
INSERT INTO `sys_role_menu` VALUES ('3', '46');
INSERT INTO `sys_role_menu` VALUES ('3', '47');
INSERT INTO `sys_role_menu` VALUES ('3', '48');
INSERT INTO `sys_role_menu` VALUES ('3', '49');
INSERT INTO `sys_role_menu` VALUES ('3', '5');
INSERT INTO `sys_role_menu` VALUES ('3', '50');
INSERT INTO `sys_role_menu` VALUES ('3', '51');
INSERT INTO `sys_role_menu` VALUES ('3', '52');
INSERT INTO `sys_role_menu` VALUES ('3', '53');
INSERT INTO `sys_role_menu` VALUES ('3', '54');
INSERT INTO `sys_role_menu` VALUES ('3', '55');
INSERT INTO `sys_role_menu` VALUES ('3', '56');
INSERT INTO `sys_role_menu` VALUES ('3', '57');
INSERT INTO `sys_role_menu` VALUES ('3', '58');
INSERT INTO `sys_role_menu` VALUES ('3', '59');
INSERT INTO `sys_role_menu` VALUES ('3', '6');
INSERT INTO `sys_role_menu` VALUES ('3', '60');
INSERT INTO `sys_role_menu` VALUES ('3', '61');
INSERT INTO `sys_role_menu` VALUES ('3', '62');
INSERT INTO `sys_role_menu` VALUES ('3', '63');
INSERT INTO `sys_role_menu` VALUES ('3', '64');
INSERT INTO `sys_role_menu` VALUES ('3', '65');
INSERT INTO `sys_role_menu` VALUES ('3', '66');
INSERT INTO `sys_role_menu` VALUES ('3', '67');
INSERT INTO `sys_role_menu` VALUES ('3', '68');
INSERT INTO `sys_role_menu` VALUES ('3', '69');
INSERT INTO `sys_role_menu` VALUES ('3', '7');
INSERT INTO `sys_role_menu` VALUES ('3', '70');
INSERT INTO `sys_role_menu` VALUES ('3', '71');
INSERT INTO `sys_role_menu` VALUES ('3', '72');
INSERT INTO `sys_role_menu` VALUES ('3', '73');
INSERT INTO `sys_role_menu` VALUES ('3', '74');
INSERT INTO `sys_role_menu` VALUES ('3', '75');
INSERT INTO `sys_role_menu` VALUES ('3', '76');
INSERT INTO `sys_role_menu` VALUES ('3', '77');
INSERT INTO `sys_role_menu` VALUES ('3', '78');
INSERT INTO `sys_role_menu` VALUES ('3', '79');
INSERT INTO `sys_role_menu` VALUES ('3', '8');
INSERT INTO `sys_role_menu` VALUES ('3', '80');
INSERT INTO `sys_role_menu` VALUES ('3', '81');
INSERT INTO `sys_role_menu` VALUES ('3', '82');
INSERT INTO `sys_role_menu` VALUES ('3', '83');
INSERT INTO `sys_role_menu` VALUES ('3', '84');
INSERT INTO `sys_role_menu` VALUES ('3', '85');
INSERT INTO `sys_role_menu` VALUES ('3', '86');
INSERT INTO `sys_role_menu` VALUES ('3', '87');
INSERT INTO `sys_role_menu` VALUES ('3', '88');
INSERT INTO `sys_role_menu` VALUES ('3', '89');
INSERT INTO `sys_role_menu` VALUES ('3', '9');
INSERT INTO `sys_role_menu` VALUES ('3', '90');

-- ----------------------------
-- Table structure for `sys_role_office`
-- ----------------------------
DROP TABLE IF EXISTS `sys_role_office`;
CREATE TABLE `sys_role_office` (
  `role_id` varchar(64) NOT NULL COMMENT '',
  `office_id` varchar(64) NOT NULL COMMENT '',
  PRIMARY KEY (`role_id`,`office_id`)
) ENGINE=InnoDB DEFAULT CHARSET=utf8 COMMENT='-';

-- ----------------------------
-- Records of sys_role_office
-- ----------------------------
INSERT INTO `sys_role_office` VALUES ('7', '10');
INSERT INTO `sys_role_office` VALUES ('7', '11');
INSERT INTO `sys_role_office` VALUES ('7', '12');
INSERT INTO `sys_role_office` VALUES ('7', '13');
INSERT INTO `sys_role_office` VALUES ('7', '14');
INSERT INTO `sys_role_office` VALUES ('7', '15');
INSERT INTO `sys_role_office` VALUES ('7', '16');
INSERT INTO `sys_role_office` VALUES ('7', '17');
INSERT INTO `sys_role_office` VALUES ('7', '18');
INSERT INTO `sys_role_office` VALUES ('7', '19');
INSERT INTO `sys_role_office` VALUES ('7', '20');
INSERT INTO `sys_role_office` VALUES ('7', '21');
INSERT INTO `sys_role_office` VALUES ('7', '22');
INSERT INTO `sys_role_office` VALUES ('7', '23');
INSERT INTO `sys_role_office` VALUES ('7', '24');
INSERT INTO `sys_role_office` VALUES ('7', '25');
INSERT INTO `sys_role_office` VALUES ('7', '26');
INSERT INTO `sys_role_office` VALUES ('7', '7');
INSERT INTO `sys_role_office` VALUES ('7', '8');
INSERT INTO `sys_role_office` VALUES ('7', '9');

-- ----------------------------
-- Table structure for `sys_student`
-- ----------------------------
DROP TABLE IF EXISTS `sys_student`;
CREATE TABLE `sys_student` (
  `student_id` int(255) NOT NULL,
  `student_name` varchar(255) DEFAULT NULL,
  `student_age` int(255) DEFAULT NULL,
  `student_genger` varchar(255) DEFAULT NULL,
  `student_phone` int(255) DEFAULT NULL,
  `student_address` varchar(255) DEFAULT NULL,
  `student_num1` varchar(255) DEFAULT NULL,
  `student_num2` varchar(255) DEFAULT NULL,
  `student_num3` varchar(255) DEFAULT NULL,
  `student_num4` varchar(255) DEFAULT NULL,
  `create_by` varchar(64) DEFAULT NULL,
  `create_date` datetime DEFAULT NULL,
  `update_by` varchar(64) DEFAULT NULL,
  `remarks` varchar(255) DEFAULT NULL,
  `del_flag` char(1) DEFAULT NULL,
  PRIMARY KEY (`student_id`)
) ENGINE=InnoDB DEFAULT CHARSET=utf8mb4 COMMENT='';

-- ----------------------------
-- Records of sys_student
-- ----------------------------

-- ----------------------------
-- Table structure for `sys_user`
-- ----------------------------
DROP TABLE IF EXISTS `sys_user`;
CREATE TABLE `sys_user` (
  `id` varchar(64) NOT NULL COMMENT '',
  `company_id` varchar(64) NOT NULL COMMENT '',
  `office_id` varchar(64) NOT NULL COMMENT '',
  `login_name` varchar(100) NOT NULL COMMENT '',
  `password` varchar(100) NOT NULL COMMENT '',
  `no` varchar(100) DEFAULT NULL COMMENT '',
  `name` varchar(100) NOT NULL COMMENT '',
  `email` varchar(200) DEFAULT NULL COMMENT '',
  `phone` varchar(200) DEFAULT NULL COMMENT '',
  `mobile` varchar(200) DEFAULT NULL COMMENT '',
  `user_type` char(1) DEFAULT NULL COMMENT '',
  `photo` varchar(1000) DEFAULT NULL COMMENT '',
  `login_ip` varchar(100) DEFAULT NULL COMMENT 'IP',
  `login_date` datetime DEFAULT NULL COMMENT '',
  `login_flag` varchar(64) DEFAULT NULL COMMENT '',
  `create_by` varchar(64) NOT NULL COMMENT '',
  `create_date` datetime NOT NULL COMMENT '',
  `update_by` varchar(64) NOT NULL COMMENT '',
  `update_date` datetime NOT NULL COMMENT '',
  `remarks` varchar(255) DEFAULT NULL COMMENT '',
  `del_flag` char(1) NOT NULL DEFAULT '0' COMMENT '',
  PRIMARY KEY (`id`),
  KEY `sys_user_office_id` (`office_id`),
  KEY `sys_user_login_name` (`login_name`),
  KEY `sys_user_company_id` (`company_id`),
  KEY `sys_user_update_date` (`update_date`),
  KEY `sys_user_del_flag` (`del_flag`)
) ENGINE=InnoDB DEFAULT CHARSET=utf8 COMMENT='';

-- ----------------------------
-- Records of sys_user
-- ----------------------------
INSERT INTO `sys_user` VALUES ('1', '1', '2', 'thinkgem', '02a3f0772fcca9f415adc990734b45c6f059c7d33ee28362c4852032', '0001', '', 'thinkgem@163.com', '8675', '8675', null, null, '0:0:0:0:0:0:0:1', '2019-11-07 10:08:42', '1', '1', '2013-05-27 08:00:00', '1', '2013-05-27 08:00:00', '', '0');
INSERT INTO `sys_user` VALUES ('10', '7', '11', 'jn_jsb', '02a3f0772fcca9f415adc990734b45c6f059c7d33ee28362c4852032', '0010', '', null, null, null, null, null, null, null, '1', '1', '2013-05-27 08:00:00', '1', '2013-05-27 08:00:00', null, '0');
INSERT INTO `sys_user` VALUES ('11', '12', '13', 'lc_admin', '02a3f0772fcca9f415adc990734b45c6f059c7d33ee28362c4852032', '0011', '', null, null, null, null, null, null, null, '1', '1', '2013-05-27 08:00:00', '1', '2013-05-27 08:00:00', null, '0');
INSERT INTO `sys_user` VALUES ('12', '12', '18', 'lx_admin', '02a3f0772fcca9f415adc990734b45c6f059c7d33ee28362c4852032', '0012', '', null, null, null, null, null, null, null, '1', '1', '2013-05-27 08:00:00', '1', '2013-05-27 08:00:00', null, '0');
INSERT INTO `sys_user` VALUES ('13', '22', '23', 'gx_admin', '02a3f0772fcca9f415adc990734b45c6f059c7d33ee28362c4852032', '0013', '', null, null, null, null, null, null, null, '1', '1', '2013-05-27 08:00:00', '1', '2013-05-27 08:00:00', null, '0');
INSERT INTO `sys_user` VALUES ('2', '1', '2', 'sd_admin', '02a3f0772fcca9f415adc990734b45c6f059c7d33ee28362c4852032', '0002', '', null, null, null, null, null, null, null, '1', '1', '2013-05-27 08:00:00', '1', '2013-05-27 08:00:00', null, '0');
INSERT INTO `sys_user` VALUES ('3', '1', '3', 'sd_zhb', '02a3f0772fcca9f415adc990734b45c6f059c7d33ee28362c4852032', '0003', '', null, null, null, null, null, null, null, '1', '1', '2013-05-27 08:00:00', '1', '2013-05-27 08:00:00', null, '0');
INSERT INTO `sys_user` VALUES ('4', '1', '4', 'sd_scb', '02a3f0772fcca9f415adc990734b45c6f059c7d33ee28362c4852032', '0004', '', null, null, null, null, null, null, null, '1', '1', '2013-05-27 08:00:00', '1', '2013-05-27 08:00:00', null, '0');
INSERT INTO `sys_user` VALUES ('5', '1', '5', 'sd_jsb', '02a3f0772fcca9f415adc990734b45c6f059c7d33ee28362c4852032', '0005', '', null, null, null, null, null, null, null, '1', '1', '2013-05-27 08:00:00', '1', '2013-05-27 08:00:00', null, '0');
INSERT INTO `sys_user` VALUES ('6', '1', '6', 'sd_yfb', '02a3f0772fcca9f415adc990734b45c6f059c7d33ee28362c4852032', '0006', '', null, null, null, null, null, null, null, '1', '1', '2013-05-27 08:00:00', '1', '2013-05-27 08:00:00', null, '0');
INSERT INTO `sys_user` VALUES ('7', '7', '8', 'jn_admin', '02a3f0772fcca9f415adc990734b45c6f059c7d33ee28362c4852032', '0007', '', null, null, null, null, null, null, null, '1', '1', '2013-05-27 08:00:00', '1', '2013-05-27 08:00:00', null, '0');
INSERT INTO `sys_user` VALUES ('8', '7', '9', 'jn_zhb', '02a3f0772fcca9f415adc990734b45c6f059c7d33ee28362c4852032', '0008', '', null, null, null, null, null, null, null, '1', '1', '2013-05-27 08:00:00', '1', '2013-05-27 08:00:00', null, '0');
INSERT INTO `sys_user` VALUES ('9', '7', '10', 'jn_scb', '02a3f0772fcca9f415adc990734b45c6f059c7d33ee28362c4852032', '0009', '', null, null, null, null, null, null, null, '1', '1', '2013-05-27 08:00:00', '1', '2013-05-27 08:00:00', null, '0');

-- ----------------------------
-- Table structure for `sys_user_role`
-- ----------------------------
DROP TABLE IF EXISTS `sys_user_role`;
CREATE TABLE `sys_user_role` (
  `user_id` varchar(64) NOT NULL COMMENT '',
  `role_id` varchar(64) NOT NULL COMMENT '',
  PRIMARY KEY (`user_id`,`role_id`)
) ENGINE=InnoDB DEFAULT CHARSET=utf8 COMMENT='-';

-- ----------------------------
-- Records of sys_user_role
-- ----------------------------
INSERT INTO `sys_user_role` VALUES ('1', '1');
INSERT INTO `sys_user_role` VALUES ('1', '2');
INSERT INTO `sys_user_role` VALUES ('10', '2');
INSERT INTO `sys_user_role` VALUES ('11', '3');
INSERT INTO `sys_user_role` VALUES ('12', '4');
INSERT INTO `sys_user_role` VALUES ('13', '5');
INSERT INTO `sys_user_role` VALUES ('14', '6');
INSERT INTO `sys_user_role` VALUES ('2', '1');
INSERT INTO `sys_user_role` VALUES ('3', '2');
INSERT INTO `sys_user_role` VALUES ('4', '3');
INSERT INTO `sys_user_role` VALUES ('5', '4');
INSERT INTO `sys_user_role` VALUES ('6', '5');
INSERT INTO `sys_user_role` VALUES ('7', '2');
INSERT INTO `sys_user_role` VALUES ('7', '7');
INSERT INTO `sys_user_role` VALUES ('8', '2');
INSERT INTO `sys_user_role` VALUES ('9', '1');

-- ----------------------------
-- Table structure for `task_time`
-- ----------------------------
DROP TABLE IF EXISTS `task_time`;
CREATE TABLE `task_time` (
  `id` varchar(64) COLLATE utf8_bin NOT NULL COMMENT '',
  `user_id` varchar(64) COLLATE utf8_bin DEFAULT NULL COMMENT '',
  `office_id` varchar(64) COLLATE utf8_bin DEFAULT NULL COMMENT '',
  `area_id` varchar(64) COLLATE utf8_bin DEFAULT NULL COMMENT '',
  `monday` varchar(255) COLLATE utf8_bin DEFAULT NULL COMMENT '',
  `tuesday` varchar(255) COLLATE utf8_bin DEFAULT NULL COMMENT '',
  `wednesday` varchar(255) COLLATE utf8_bin DEFAULT NULL COMMENT '',
  `thursday` varchar(255) COLLATE utf8_bin DEFAULT NULL COMMENT '',
  `friday` varchar(255) COLLATE utf8_bin DEFAULT NULL COMMENT '',
  `saturday` varchar(255) COLLATE utf8_bin DEFAULT NULL COMMENT '',
  `sunday` varchar(255) COLLATE utf8_bin DEFAULT NULL COMMENT '',
  `in_date` date DEFAULT NULL COMMENT '',
  `create_by` varchar(64) COLLATE utf8_bin NOT NULL COMMENT '',
  `create_date` datetime NOT NULL COMMENT '',
  `update_by` varchar(64) COLLATE utf8_bin NOT NULL COMMENT '',
  `update_date` datetime NOT NULL COMMENT '',
  `remarks` varchar(255) COLLATE utf8_bin DEFAULT NULL COMMENT '',
  `del_flag` char(1) COLLATE utf8_bin NOT NULL DEFAULT '0' COMMENT '',
  PRIMARY KEY (`id`) USING BTREE,
  KEY `test_data_del_flag` (`del_flag`) USING BTREE
) ENGINE=InnoDB DEFAULT CHARSET=utf8 COLLATE=utf8_bin COMMENT='';

-- ----------------------------
-- Records of task_time
-- ----------------------------
INSERT INTO `task_time` VALUES ('19eaac9e174f49998a9a69067fb44055', '', '', '', '', '', '', '', '', '', '', null, '1', '2019-01-23 11:01:36', '1', '2019-01-23 11:01:36', '', '0');
INSERT INTO `task_time` VALUES ('216cabb30ed645faac70cdf2bf94830d', '', '', '', '', '', '', '', '', '', '', null, '1', '2019-01-23 11:01:28', '1', '2019-01-23 11:01:28', '', '0');
INSERT INTO `task_time` VALUES ('24201901867d48038acb39dfbfcc8e36', '', '', '', '', '', '', '', '', '', '', null, '1', '2019-01-23 11:01:18', '1', '2019-01-23 11:01:18', '', '0');
INSERT INTO `task_time` VALUES ('304686861f4a46de980b3a983bfd85fd', '5', '5', '3fbaf3a3f58a47118f13976cb2e2544d', '', '11', '', '11', '', '11', '', '2019-01-20', '1', '2019-01-23 11:00:10', '1', '2019-01-23 11:00:10', '', '0');
INSERT INTO `task_time` VALUES ('442c191b894f4a5f9797d1f1113bb20a', '', '', '', '', '', '', '', '', '', '', null, '1', '2019-01-23 11:01:03', '1', '2019-01-23 11:01:03', '', '0');
INSERT INTO `task_time` VALUES ('521fbaa507874d12a3fd29a0e9b1eb4e', '', '', '', '', '', '', '', '', '', '', null, '1', '2019-01-23 11:01:45', '1', '2019-01-23 11:01:45', '', '0');
INSERT INTO `task_time` VALUES ('5fd5c7077970491da9120648bd6d6fd1', '', '', '', '', '', '', '', '', '', '', null, '1', '2019-01-23 11:01:41', '1', '2019-01-23 11:01:41', '', '0');
INSERT INTO `task_time` VALUES ('77d7f19ba9934834a2dc1ffa3a1aa02a', '', '', '', '', '', '', '', '', '', '', null, '1', '2019-01-23 11:01:30', '1', '2019-01-23 11:01:30', '', '0');
INSERT INTO `task_time` VALUES ('88c27cf58eda41fcbfe1bab4283287fb', '', '', '', '', '', '', '', '', '', '', null, '1', '2019-01-23 11:01:21', '1', '2019-01-23 11:01:21', '', '0');
INSERT INTO `task_time` VALUES ('96440fa2ecd54410ab91ca0829f2b562', '', '', '', '', '', '', '', '', '', '', null, '1', '2019-01-23 11:01:14', '1', '2019-01-23 11:01:14', '', '0');
INSERT INTO `task_time` VALUES ('ad489c1de3a74655a9cbf5383dab46a6', '', '', '', '', '', '', '', '', '', '', null, '1', '2019-01-23 11:01:38', '1', '2019-01-23 11:01:38', '', '0');
INSERT INTO `task_time` VALUES ('ae432a0d0c4946159ce7e8c70afa0dd7', '', '', '', '', '', '', '', '', '', '', null, '1', '2019-01-23 11:01:16', '1', '2019-01-23 11:01:16', '', '0');
INSERT INTO `task_time` VALUES ('bd8bdf95aae64060b418943b07718899', '', '', '', '', '', '', '', '', '', '', null, '1', '2019-01-23 11:01:32', '1', '2019-01-23 11:01:32', '', '0');
INSERT INTO `task_time` VALUES ('c4971f6e15b2403f98c509de6de9424c', '', '', '', '', '', '', '', '', '', '', null, '1', '2019-01-23 11:01:23', '1', '2019-01-23 11:01:23', '', '0');
INSERT INTO `task_time` VALUES ('fa5ebc2330b84e75b43ec2a4dff8178a', '', '', '', '', '', '', '', '', '', '', null, '1', '2019-01-23 11:01:43', '1', '2019-01-23 11:01:43', '', '0');
INSERT INTO `task_time` VALUES ('fab3acba1bf144a99856ed4d74566544', '', '', '', '', '', '', '', '', '', '', null, '1', '2019-01-23 11:01:34', '1', '2019-01-23 11:01:34', '', '0');

-- ----------------------------
-- Table structure for `test_data`
-- ----------------------------
DROP TABLE IF EXISTS `test_data`;
CREATE TABLE `test_data` (
  `id` varchar(64) NOT NULL COMMENT '',
  `user_id` varchar(64) DEFAULT NULL COMMENT '',
  `office_id` varchar(64) DEFAULT NULL COMMENT '',
  `area_id` varchar(64) DEFAULT NULL COMMENT '',
  `name` varchar(100) DEFAULT NULL COMMENT '',
  `sex` char(1) DEFAULT NULL COMMENT '',
  `in_date` date DEFAULT NULL COMMENT '',
  `create_by` varchar(64) NOT NULL COMMENT '',
  `create_date` datetime NOT NULL COMMENT '',
  `update_by` varchar(64) NOT NULL COMMENT '',
  `update_date` datetime NOT NULL COMMENT '',
  `remarks` varchar(255) DEFAULT NULL COMMENT '',
  `del_flag` char(1) NOT NULL DEFAULT '0' COMMENT '',
  PRIMARY KEY (`id`),
  KEY `test_data_del_flag` (`del_flag`)
) ENGINE=InnoDB DEFAULT CHARSET=utf8 COMMENT='';

-- ----------------------------
-- Records of test_data
-- ----------------------------

-- ----------------------------
-- Table structure for `test_data_child`
-- ----------------------------
DROP TABLE IF EXISTS `test_data_child`;
CREATE TABLE `test_data_child` (
  `id` varchar(64) NOT NULL COMMENT '',
  `test_data_main_id` varchar(64) DEFAULT NULL COMMENT 'ID',
  `name` varchar(100) DEFAULT NULL COMMENT '',
  `create_by` varchar(64) NOT NULL COMMENT '',
  `create_date` datetime NOT NULL COMMENT '',
  `update_by` varchar(64) NOT NULL COMMENT '',
  `update_date` datetime NOT NULL COMMENT '',
  `remarks` varchar(255) DEFAULT NULL COMMENT '',
  `del_flag` char(1) NOT NULL DEFAULT '0' COMMENT '',
  PRIMARY KEY (`id`),
  KEY `test_data_child_del_flag` (`del_flag`)
) ENGINE=InnoDB DEFAULT CHARSET=utf8 COMMENT='';

-- ----------------------------
-- Records of test_data_child
-- ----------------------------

-- ----------------------------
-- Table structure for `test_data_child_copy1`
-- ----------------------------
DROP TABLE IF EXISTS `test_data_child_copy1`;
CREATE TABLE `test_data_child_copy1` (
  `id` varchar(64) COLLATE utf8_bin NOT NULL COMMENT '',
  `test_data_main_id` varchar(64) COLLATE utf8_bin DEFAULT NULL COMMENT 'ID',
  `name` varchar(100) COLLATE utf8_bin DEFAULT NULL COMMENT '',
  `create_by` varchar(64) COLLATE utf8_bin NOT NULL COMMENT '',
  `create_date` datetime NOT NULL COMMENT '',
  `update_by` varchar(64) COLLATE utf8_bin NOT NULL COMMENT '',
  `update_date` datetime NOT NULL COMMENT '',
  `remarks` varchar(255) COLLATE utf8_bin DEFAULT NULL COMMENT '',
  `del_flag` char(1) COLLATE utf8_bin NOT NULL DEFAULT '0' COMMENT '',
  PRIMARY KEY (`id`) USING BTREE,
  KEY `test_data_child_del_flag` (`del_flag`) USING BTREE
) ENGINE=InnoDB DEFAULT CHARSET=utf8 COLLATE=utf8_bin COMMENT='';

-- ----------------------------
-- Records of test_data_child_copy1
-- ----------------------------
INSERT INTO `test_data_child_copy1` VALUES ('2357df346f1642d99a15a49e1be09cfb', '40a0fd9625e742f19e310a9469341260', 'aaabb', '1', '2019-01-04 15:59:34', '1', '2019-01-04 15:59:34', 'abbb', '1');
INSERT INTO `test_data_child_copy1` VALUES ('4fd234bb5ba147cf8103ab5e97ff0a08', null, '333', '1', '2019-01-05 21:49:14', '1', '2019-01-05 21:55:37', '444', '0');
INSERT INTO `test_data_child_copy1` VALUES ('5c393aca623f49b9badf54ff44463fb6', '135e474961044a42b1d480c7dfe816f0', 'testtbl1', '1', '2019-01-11 18:15:43', '1', '2019-01-11 18:15:43', '', '0');
INSERT INTO `test_data_child_copy1` VALUES ('6c4be2cc266c44baa087d6a71dfee9e2', null, 'wre', '1', '2019-01-07 13:35:47', '1', '2019-01-08 11:53:29', 'ewr', '0');
INSERT INTO `test_data_child_copy1` VALUES ('6cbf4b86873840c08954387b3898084d', null, 'rwerw', '1', '2019-01-07 13:35:47', '1', '2019-01-08 11:53:29', 'erwewr', '0');
INSERT INTO `test_data_child_copy1` VALUES ('a6b8d00d29664df99bf6dbecb08f719b', 'c557c0a63c854975beed9ec276129b3f', 'sfsadf', '1', '2019-01-02 12:28:28', '1', '2019-01-02 12:28:28', 'sadf', '1');
INSERT INTO `test_data_child_copy1` VALUES ('b49de329fb6f4663b026576eab6cb729', null, '111', '1', '2019-01-05 21:49:14', '1', '2019-01-05 21:55:37', '222', '0');
INSERT INTO `test_data_child_copy1` VALUES ('c048e370336e41bb92c7f45791aa4872', null, 'erwrw', '1', '2019-01-07 13:35:47', '1', '2019-01-08 11:53:29', 'rewrew', '0');
INSERT INTO `test_data_child_copy1` VALUES ('e09ddbd55180465f9a8ab4dc8e6fd990', '838616e721d440c88c56605aee981c99', '', '1', '2019-01-07 09:40:27', '1', '2019-01-07 09:40:27', '', '0');
INSERT INTO `test_data_child_copy1` VALUES ('e4f228d237204430a18eeea8101c7a1f', '40a0fd9625e742f19e310a9469341260', 'bbbbcc', '1', '2019-01-04 15:59:34', '1', '2019-01-04 15:59:34', 'ccdd', '1');

-- ----------------------------
-- Table structure for `test_data_copy1`
-- ----------------------------
DROP TABLE IF EXISTS `test_data_copy1`;
CREATE TABLE `test_data_copy1` (
  `id` varchar(64) COLLATE utf8_bin NOT NULL COMMENT '',
  `user_id` varchar(64) COLLATE utf8_bin DEFAULT NULL COMMENT '',
  `office_id` varchar(64) COLLATE utf8_bin DEFAULT NULL COMMENT '',
  `area_id` varchar(64) COLLATE utf8_bin DEFAULT NULL COMMENT '',
  `name` varchar(100) COLLATE utf8_bin DEFAULT NULL COMMENT '',
  `sex` char(1) COLLATE utf8_bin DEFAULT NULL COMMENT '',
  `in_date` date DEFAULT NULL COMMENT '',
  `create_by` varchar(64) COLLATE utf8_bin NOT NULL COMMENT '',
  `create_date` datetime NOT NULL COMMENT '',
  `update_by` varchar(64) COLLATE utf8_bin NOT NULL COMMENT '',
  `update_date` datetime NOT NULL COMMENT '',
  `remarks` varchar(255) COLLATE utf8_bin DEFAULT NULL COMMENT '',
  `del_flag` char(1) COLLATE utf8_bin NOT NULL DEFAULT '0' COMMENT '',
  PRIMARY KEY (`id`) USING BTREE,
  KEY `test_data_del_flag` (`del_flag`) USING BTREE
) ENGINE=InnoDB DEFAULT CHARSET=utf8 COLLATE=utf8_bin COMMENT='';

-- ----------------------------
-- Records of test_data_copy1
-- ----------------------------
INSERT INTO `test_data_copy1` VALUES ('1308ea640764443898a5673b3712c447', '', '', '', '', '', null, '1', '2019-01-03 01:55:41', '1', '2019-01-03 01:55:41', '', '0');
INSERT INTO `test_data_copy1` VALUES ('4491abf519834a078b307fcfb1aee334', '56620c5ef567427c8debe68875c0eda2', '3', '', '', '', null, '1', '2019-01-02 11:19:24', '1', '2019-01-02 11:19:24', '', '1');
INSERT INTO `test_data_copy1` VALUES ('ba7c670abe4a49d1af8ded2256810f36', '56620c5ef567427c8debe68875c0eda2', '5', '1', '', 'a', '2019-01-08', '1', '2019-01-08 16:12:42', '1', '2019-01-10 19:00:11', 'aaaaaaa', '0');
INSERT INTO `test_data_copy1` VALUES ('bbd94222359142af97c01e5f9920ea32', '56620c5ef567427c8debe68875c0eda2', '4', '3fbaf3a3f58a47118f13976cb2e2544d', '', '', '2019-01-02', '1', '2019-01-02 11:10:22', '1', '2019-01-11 19:12:13', '', '0');
INSERT INTO `test_data_copy1` VALUES ('e55163dab0e74737968584bc6c2d7507', '43f6a4a84e784e5e98b5b1c530bef73b', '3', 'da2da01621b64be5a85b07a8c883228f', '', '', '2019-01-02', '1', '2019-01-02 13:07:00', '1', '2019-01-02 13:07:00', '', '1');

-- ----------------------------
-- Table structure for `test_data_main`
-- ----------------------------
DROP TABLE IF EXISTS `test_data_main`;
CREATE TABLE `test_data_main` (
  `id` varchar(64) NOT NULL COMMENT '',
  `user_id` varchar(64) DEFAULT NULL COMMENT '',
  `office_id` varchar(64) DEFAULT NULL COMMENT '',
  `area_id` varchar(64) DEFAULT NULL COMMENT '',
  `name` varchar(100) DEFAULT NULL COMMENT '',
  `sex` char(1) DEFAULT NULL COMMENT '',
  `in_date` date DEFAULT NULL COMMENT '',
  `create_by` varchar(64) NOT NULL COMMENT '',
  `create_date` datetime NOT NULL COMMENT '',
  `update_by` varchar(64) NOT NULL COMMENT '',
  `update_date` datetime NOT NULL COMMENT '',
  `remarks` varchar(255) DEFAULT NULL COMMENT '',
  `del_flag` char(1) NOT NULL DEFAULT '0' COMMENT '',
  PRIMARY KEY (`id`),
  KEY `test_data_main_del_flag` (`del_flag`)
) ENGINE=InnoDB DEFAULT CHARSET=utf8 COMMENT='';

-- ----------------------------
-- Records of test_data_main
-- ----------------------------

-- ----------------------------
-- Table structure for `test_tree`
-- ----------------------------
DROP TABLE IF EXISTS `test_tree`;
CREATE TABLE `test_tree` (
  `id` varchar(64) NOT NULL COMMENT '',
  `parent_id` varchar(64) NOT NULL COMMENT '',
  `parent_ids` varchar(2000) NOT NULL COMMENT '',
  `name` varchar(100) NOT NULL COMMENT '',
  `sort` decimal(10,0) NOT NULL COMMENT '',
  `create_by` varchar(64) NOT NULL COMMENT '',
  `create_date` datetime NOT NULL COMMENT '',
  `update_by` varchar(64) NOT NULL COMMENT '',
  `update_date` datetime NOT NULL COMMENT '',
  `remarks` varchar(255) DEFAULT NULL COMMENT '',
  `del_flag` char(1) NOT NULL DEFAULT '0' COMMENT '',
  PRIMARY KEY (`id`),
  KEY `test_tree_del_flag` (`del_flag`),
  KEY `test_data_parent_id` (`parent_id`)
) ENGINE=InnoDB DEFAULT CHARSET=utf8 COMMENT='';

-- ----------------------------
-- Records of test_tree
-- ----------------------------

-- ----------------------------
-- Table structure for `t_xuesheng`
-- ----------------------------
DROP TABLE IF EXISTS `t_xuesheng`;
CREATE TABLE `t_xuesheng` (
  `id` varchar(64) COLLATE utf8_bin NOT NULL COMMENT '',
  `kechengleibie` varchar(255) COLLATE utf8_bin DEFAULT NULL COMMENT '',
  `kechengbianhao` varchar(255) COLLATE utf8_bin DEFAULT NULL COMMENT '',
  `kechengmingcheng` varchar(255) COLLATE utf8_bin DEFAULT NULL COMMENT '',
  `kaoshikaocha` varchar(255) COLLATE utf8_bin DEFAULT NULL COMMENT '',
  `benzhuanyezhuyaokecheng` varchar(255) COLLATE utf8_bin DEFAULT NULL COMMENT '',
  `fuxiubenzhuanyekecheng` varchar(255) COLLATE utf8_bin DEFAULT NULL COMMENT '  ',
  `xuefen` varchar(255) COLLATE utf8_bin DEFAULT NULL COMMENT '',
  `xueshi` varchar(255) COLLATE utf8_bin DEFAULT NULL COMMENT '',
  `create_by` varchar(64) COLLATE utf8_bin DEFAULT NULL COMMENT '',
  `create_date` datetime DEFAULT NULL COMMENT '',
  `update_by` varchar(64) COLLATE utf8_bin DEFAULT NULL COMMENT '',
  `update_date` datetime DEFAULT NULL COMMENT '',
  `remarks` varchar(255) COLLATE utf8_bin DEFAULT NULL COMMENT '',
  `del_flag` char(1) COLLATE utf8_bin NOT NULL DEFAULT '0' COMMENT '01',
  PRIMARY KEY (`id`) USING BTREE
) ENGINE=InnoDB DEFAULT CHARSET=utf8 COLLATE=utf8_bin;

-- ----------------------------
-- Records of t_xuesheng
-- ----------------------------
INSERT INTO `t_xuesheng` VALUES ('549b0f37b2a647d99a8997684ebf65b2', '1', '001', '', '50', '', '20', '100', '10', '1', '2019-05-23 21:38:08', '1', '2019-05-23 21:38:08', '', '0');

-- ----------------------------
-- Table structure for `util_jiekou`
-- ----------------------------
DROP TABLE IF EXISTS `util_jiekou`;
CREATE TABLE `util_jiekou` (
  `id` varchar(64) COLLATE utf8_bin NOT NULL COMMENT '',
  `jiekoumingcheng` varchar(255) COLLATE utf8_bin DEFAULT NULL COMMENT '',
  `jiekouleixing` varchar(255) COLLATE utf8_bin DEFAULT NULL COMMENT '',
  `qingqiuurl` varchar(255) COLLATE utf8_bin DEFAULT NULL COMMENT 'URL',
  `qingqiubody` varchar(255) COLLATE utf8_bin DEFAULT NULL COMMENT 'body',
  `chenggongshifanhuixiaoxi` varchar(255) COLLATE utf8_bin DEFAULT NULL COMMENT '',
  `shibaishifanhuixiaoxi` varchar(255) COLLATE utf8_bin DEFAULT NULL COMMENT '',
  `beizhuxinxi` varchar(255) COLLATE utf8_bin DEFAULT NULL COMMENT '',
  `create_by` varchar(64) COLLATE utf8_bin DEFAULT NULL COMMENT '',
  `create_date` datetime DEFAULT NULL COMMENT '',
  `update_by` varchar(64) COLLATE utf8_bin DEFAULT NULL COMMENT '',
  `update_date` datetime DEFAULT NULL COMMENT '',
  `remarks` varchar(255) COLLATE utf8_bin DEFAULT NULL COMMENT '',
  `del_flag` char(1) COLLATE utf8_bin NOT NULL DEFAULT '0' COMMENT '01',
  PRIMARY KEY (`id`) USING BTREE
) ENGINE=InnoDB DEFAULT CHARSET=utf8 COLLATE=utf8_bin;

-- ----------------------------
-- Records of util_jiekou
-- ----------------------------

-- ----------------------------
-- Table structure for `zhibiaoxit`
-- ----------------------------
DROP TABLE IF EXISTS `zhibiaoxit`;
CREATE TABLE `zhibiaoxit` (
  `id` varchar(64) COLLATE utf8_bin NOT NULL COMMENT '',
  `xuhao` varchar(255) COLLATE utf8_bin DEFAULT NULL COMMENT '',
  `tichushijian` varchar(255) COLLATE utf8_bin DEFAULT NULL COMMENT '',
  `mokuaiyemian` varchar(255) COLLATE utf8_bin DEFAULT NULL COMMENT '/',
  `xuqiumiaoshu` varchar(255) COLLATE utf8_bin DEFAULT NULL COMMENT '',
  `youxianji` varchar(255) COLLATE utf8_bin DEFAULT NULL COMMENT '',
  `chulizhuangtai` varchar(255) COLLATE utf8_bin DEFAULT NULL COMMENT '',
  `youjian` varchar(255) COLLATE utf8_bin DEFAULT NULL COMMENT '',
  `create_by` varchar(64) COLLATE utf8_bin DEFAULT NULL COMMENT '',
  `create_date` datetime DEFAULT NULL COMMENT '',
  `update_by` varchar(64) COLLATE utf8_bin DEFAULT NULL COMMENT '',
  `update_date` datetime DEFAULT NULL COMMENT '',
  `remarks` varchar(255) COLLATE utf8_bin DEFAULT NULL COMMENT '',
  `del_flag` char(1) COLLATE utf8_bin NOT NULL DEFAULT '0' COMMENT '01',
  PRIMARY KEY (`id`) USING BTREE
) ENGINE=InnoDB DEFAULT CHARSET=utf8 COLLATE=utf8_bin;

-- ----------------------------
-- Records of zhibiaoxit
-- ----------------------------
INSERT INTO `zhibiaoxit` VALUES ('aedf6d5e913649068dac7bb669404a2a', '78', '234', '3432', '234', '234', '234', '234', '1', '2019-09-10 10:19:34', '1', '2019-09-10 10:19:34', '234', '1');

-- ----------------------------
-- Table structure for `zhoubao`
-- ----------------------------
DROP TABLE IF EXISTS `zhoubao`;
CREATE TABLE `zhoubao` (
  `id` varchar(64) COLLATE utf8_bin NOT NULL COMMENT '',
  `bianhao` varchar(255) COLLATE utf8_bin DEFAULT NULL COMMENT '',
  `biangengmiaoshu` varchar(255) COLLATE utf8_bin DEFAULT NULL COMMENT '',
  `biangengyuanyin` varchar(255) COLLATE utf8_bin DEFAULT NULL COMMENT '',
  `hetongcankao` varchar(255) COLLATE utf8_bin DEFAULT NULL COMMENT '',
  `biangengleixing` varchar(255) COLLATE utf8_bin DEFAULT NULL COMMENT '',
  `youxianshunxu` varchar(255) COLLATE utf8_bin DEFAULT NULL COMMENT '',
  `zhuangtai` varchar(255) COLLATE utf8_bin DEFAULT NULL COMMENT '',
  `tichufang` varchar(255) COLLATE utf8_bin DEFAULT NULL COMMENT '',
  `tichuren` varchar(255) COLLATE utf8_bin DEFAULT NULL COMMENT '',
  `tichuriqi` varchar(255) COLLATE utf8_bin DEFAULT NULL COMMENT '',
  `yingxiangdengji` varchar(255) COLLATE utf8_bin DEFAULT NULL COMMENT '',
  `suoxuziyuan` varchar(255) COLLATE utf8_bin DEFAULT NULL COMMENT '',
  `suoxurentian` varchar(255) COLLATE utf8_bin DEFAULT NULL COMMENT '',
  `suoxuqitachengben` varchar(255) COLLATE utf8_bin DEFAULT NULL COMMENT '',
  `zerenren` varchar(255) COLLATE utf8_bin DEFAULT NULL COMMENT '',
  `yujiwanchengriqi` varchar(255) COLLATE utf8_bin DEFAULT NULL COMMENT '',
  `gongsishenpiyijianjiriqi` varchar(255) COLLATE utf8_bin DEFAULT NULL COMMENT '',
  `pizhunzhixingriqi` varchar(255) COLLATE utf8_bin DEFAULT NULL COMMENT '',
  `kehuyijianjiriqi` varchar(255) COLLATE utf8_bin DEFAULT NULL COMMENT '',
  `biangengwenjianqianshuriqi` varchar(255) COLLATE utf8_bin DEFAULT NULL COMMENT '',
  `create_by` varchar(64) COLLATE utf8_bin DEFAULT NULL COMMENT '',
  `create_date` datetime DEFAULT NULL COMMENT '',
  `update_by` varchar(64) COLLATE utf8_bin DEFAULT NULL COMMENT '',
  `update_date` datetime DEFAULT NULL COMMENT '',
  `remarks` varchar(255) COLLATE utf8_bin DEFAULT NULL COMMENT '',
  `del_flag` char(1) COLLATE utf8_bin NOT NULL DEFAULT '0' COMMENT '01',
  PRIMARY KEY (`id`) USING BTREE
) ENGINE=InnoDB DEFAULT CHARSET=utf8 COLLATE=utf8_bin;

-- ----------------------------
-- Records of zhoubao
-- ----------------------------
INSERT INTO `zhoubao` VALUES ('e643673caa22499f8aed197c45036593', '', '', '', '', '', '', '', '', '', '', '', '', '', '', '', '', '', '', '', '', '1', '2019-04-26 13:34:10', '1', '2019-04-26 13:34:10', '', '1');
